-- phpMyAdmin SQL Dump
-- version 5.2.2
-- https://www.phpmyadmin.net/
--
-- Host: localhost:3306
-- Generation Time: Feb 05, 2026 at 01:03 AM
-- Server version: 8.4.3
-- PHP Version: 8.3.28

SET SQL_MODE = "NO_AUTO_VALUE_ON_ZERO";
START TRANSACTION;
SET time_zone = "+00:00";


/*!40101 SET @OLD_CHARACTER_SET_CLIENT=@@CHARACTER_SET_CLIENT */;
/*!40101 SET @OLD_CHARACTER_SET_RESULTS=@@CHARACTER_SET_RESULTS */;
/*!40101 SET @OLD_COLLATION_CONNECTION=@@COLLATION_CONNECTION */;
/*!40101 SET NAMES utf8mb4 */;

--
-- Database: `trace`
--

-- --------------------------------------------------------

--
-- Table structure for table `bb_receiving`
--

CREATE TABLE `bb_receiving` (
  `id` bigint UNSIGNED NOT NULL,
  `tanggal_receiving` date NOT NULL,
  `supplier_id` bigint UNSIGNED NOT NULL,
  `no_surat_jalan` varchar(255) COLLATE utf8mb4_unicode_ci DEFAULT NULL,
  `no_purchase_order` varchar(255) COLLATE utf8mb4_unicode_ci DEFAULT NULL,
  `manpower` varchar(255) COLLATE utf8mb4_unicode_ci DEFAULT NULL,
  `shift` varchar(255) COLLATE utf8mb4_unicode_ci DEFAULT NULL,
  `created_at` timestamp NULL DEFAULT NULL,
  `updated_at` timestamp NULL DEFAULT NULL
) ENGINE=InnoDB DEFAULT CHARSET=utf8mb4 COLLATE=utf8mb4_unicode_ci;

-- --------------------------------------------------------

--
-- Table structure for table `bb_receiving_detail`
--

CREATE TABLE `bb_receiving_detail` (
  `id` bigint UNSIGNED NOT NULL,
  `receiving_id` bigint UNSIGNED NOT NULL,
  `schedule_detail_id` bigint UNSIGNED DEFAULT NULL,
  `nomor_bahan_baku` varchar(255) COLLATE utf8mb4_unicode_ci NOT NULL,
  `lot_number` varchar(255) COLLATE utf8mb4_unicode_ci DEFAULT NULL,
  `internal_lot_number` varchar(255) COLLATE utf8mb4_unicode_ci DEFAULT NULL,
  `qty` decimal(12,3) NOT NULL DEFAULT '0.000',
  `uom` varchar(50) COLLATE utf8mb4_unicode_ci DEFAULT NULL,
  `qrcode` varchar(255) COLLATE utf8mb4_unicode_ci DEFAULT NULL,
  `created_at` timestamp NULL DEFAULT NULL,
  `updated_at` timestamp NULL DEFAULT NULL
) ENGINE=InnoDB DEFAULT CHARSET=utf8mb4 COLLATE=utf8mb4_unicode_ci;

-- --------------------------------------------------------

--
-- Table structure for table `migrations`
--

CREATE TABLE `migrations` (
  `id` int UNSIGNED NOT NULL,
  `migration` varchar(255) COLLATE utf8mb4_unicode_ci NOT NULL,
  `batch` int NOT NULL
) ENGINE=InnoDB DEFAULT CHARSET=utf8mb4 COLLATE=utf8mb4_unicode_ci;

--
-- Dumping data for table `migrations`
--

INSERT INTO `migrations` (`id`, `migration`, `batch`) VALUES
(1, '2024_01_01_000000_create_auth_tables', 1),
(2, '2024_01_02_000000_create_m_perusahaan_table', 2),
(3, '2024_01_03_000000_create_m_mesin_table', 3),
(4, '2024_01_04_000000_create_m_plantgate_table', 4),
(6, '2024_01_05_000000_create_m_kendaraan_table', 5),
(8, '2024_01_06_000000_create_m_bahanbaku_tables', 6),
(9, '2026_02_03_111114_add_keterangan_to_m_bahanbaku_table', 7),
(10, '2026_02_03_120000_create_sm_part_tables', 8),
(11, '2026_02_03_120958_change_tipe_id_column_in_sm_part_table', 9),
(12, '2026_02_03_122226_add_indexes_to_sm_part_table', 10),
(13, '2026_02_03_122719_create_m_mold_table', 11),
(14, '2026_02_03_125431_add_mold_id_to_m_mold_table', 12),
(15, '2026_02_03_132707_create_sm_plantgate_part_table', 13),
(16, '2026_02_03_143000_create_control_supplier_tables', 14),
(17, '2026_02_03_143500_create_bahan_baku_receiving_tables', 15),
(18, '2026_02_03_150000_create_spk_tables', 16),
(19, '2026_02_03_150500_create_finish_good_tables', 16),
(20, '2026_02_03_151000_create_shipping_distribution_tables', 16),
(21, '2026_02_03_151500_create_stock_fg_table', 17),
(22, '2026_02_04_084534_add_deleted_at_to_t_spk_table', 18),
(23, '2026_02_04_122752_create_t_gps_logs_table', 19),
(24, '2026_02_04_124639_create_t_shipping_incidents_table', 20);

-- --------------------------------------------------------

--
-- Table structure for table `m_bahanbaku`
--

CREATE TABLE `m_bahanbaku` (
  `id` bigint UNSIGNED NOT NULL,
  `kategori` varchar(50) COLLATE utf8mb4_unicode_ci NOT NULL,
  `nama_bahan_baku` varchar(255) COLLATE utf8mb4_unicode_ci NOT NULL,
  `nomor_bahan_baku` varchar(100) COLLATE utf8mb4_unicode_ci DEFAULT NULL,
  `supplier_id` bigint UNSIGNED DEFAULT NULL,
  `status` tinyint(1) NOT NULL DEFAULT '1',
  `qrcode` varchar(255) COLLATE utf8mb4_unicode_ci DEFAULT NULL,
  `keterangan` text COLLATE utf8mb4_unicode_ci,
  `created_at` timestamp NULL DEFAULT NULL,
  `updated_at` timestamp NULL DEFAULT NULL,
  `deleted_at` timestamp NULL DEFAULT NULL
) ENGINE=InnoDB DEFAULT CHARSET=utf8mb4 COLLATE=utf8mb4_unicode_ci;

--
-- Dumping data for table `m_bahanbaku`
--

INSERT INTO `m_bahanbaku` (`id`, `kategori`, `nama_bahan_baku`, `nomor_bahan_baku`, `supplier_id`, `status`, `qrcode`, `keterangan`, `created_at`, `updated_at`, `deleted_at`) VALUES
(873, 'subpart', 'STICKER, COMBIE BRAKE', '87563-K59-A100', 112, 0, NULL, 'L1', '2026-02-03 04:27:28', '2026-02-03 04:27:28', NULL),
(874, 'subpart', 'LABEL FUEL', '87586-MCA-G601', 451, 1, NULL, 'L2', '2026-02-03 04:27:28', '2026-02-03 04:27:29', NULL),
(875, 'subpart', 'RUBBER SEAL (6 X 6 X 310)', '81135-K2S -N800', 121, 1, NULL, 'L1', '2026-02-03 04:27:28', '2026-02-03 04:27:28', NULL),
(876, 'subpart', 'RUBBER SEAL', '81135-K2SA-N000-20', 333, 0, NULL, 'L2', '2026-02-03 04:27:28', '2026-02-03 04:27:29', NULL),
(877, 'subpart', 'SEAL,INNER POCKET', '81291-K1AL-N802', 333, 1, NULL, 'L2', '2026-02-03 04:27:28', '2026-02-03 04:27:29', NULL),
(878, 'subpart', 'SEAL INNER POCKET', '81291-K1A-N100', 333, 1, NULL, 'L2', '2026-02-03 04:27:28', '2026-02-03 04:27:29', NULL),
(879, 'subpart', 'CLIP C9 TUBE', '95002-50000', 124, 1, NULL, 'L1', '2026-02-03 04:27:28', '2026-02-03 04:27:28', NULL),
(880, 'subpart', 'RUBBER FUEL SEAL', '17527-K35-V000', 146, 1, NULL, 'L1', '2026-02-03 04:27:28', '2026-02-03 04:27:28', NULL),
(881, 'subpart', 'RUBBER LINK STOPPER', '50352-GS6 -0002', 146, 1, NULL, 'L1', '2026-02-03 04:27:28', '2026-02-03 04:27:28', NULL),
(882, 'subpart', 'RUBBER STOPPER', '50352-K84-9000', 146, 0, NULL, 'L1', '2026-02-03 04:27:28', '2026-02-03 04:27:28', NULL),
(883, 'subpart', 'TUBE, VINYL 6X9X300', '95003-14030-20', 146, 1, NULL, 'L1', '2026-02-03 04:27:28', '2026-02-03 04:27:28', NULL),
(884, 'subpart', 'Wire Harness Assy', '90-AD01SYN1', 156, 1, NULL, 'L1', '2026-02-03 04:27:28', '2026-02-03 04:27:28', NULL),
(885, 'subpart', 'Wire AD09', '91-AD09SYN1', 156, 1, NULL, 'L1', '2026-02-03 04:27:28', '2026-02-03 04:27:28', NULL),
(886, 'subpart', 'Wire Harness AD05', '92-AD05SYN', 156, 1, NULL, 'L1', '2026-02-03 04:27:28', '2026-02-03 04:27:28', NULL),
(887, 'subpart', 'Wire Harness AD06', '92-AD06SYN', 156, 1, NULL, 'L1', '2026-02-03 04:27:28', '2026-02-03 04:27:28', NULL),
(888, 'subpart', 'COLLAR K01', '19416-K01-9000', 188, 1, NULL, 'L2', '2026-02-03 04:27:28', '2026-02-03 04:27:28', NULL),
(889, 'subpart', 'NUT SPECIAL 6x7', '81321-K97-T001', 175, 1, NULL, 'L1', '2026-02-03 04:27:28', '2026-02-03 04:27:28', NULL),
(890, 'subpart', 'COLLAR', '19416-KEY-9000', 297, 1, NULL, 'L1', '2026-02-03 04:27:28', '2026-02-03 04:27:28', NULL),
(891, 'subpart', 'SEAL ENG TOP COVER', '11412-K1NA-V002', 211, 1, NULL, 'L1', '2026-02-03 04:27:28', '2026-02-03 04:27:28', NULL),
(892, 'subpart', 'RUBBER, FUEL SEAL', '17525-K0J-N000', 211, 1, NULL, 'L1', '2026-02-03 04:27:28', '2026-02-03 04:27:28', NULL),
(893, 'subpart', 'TUBE, DRAIN-BB', '17526-K2FA-N000', 211, 1, NULL, 'L1', '2026-02-03 04:27:28', '2026-02-03 04:27:28', NULL),
(894, 'subpart', 'RUBBER METER SET', '37215-KZZ-9000', 211, 0, NULL, 'L1', '2026-02-03 04:27:28', '2026-02-03 04:27:28', NULL),
(895, 'subpart', 'CUSHION A BATTERY (PSG)', '64332-K0J -N000-H1', 211, 1, NULL, 'L1', '2026-02-03 04:27:28', '2026-02-03 04:27:28', NULL),
(896, 'subpart', 'CUSHION B BATTERY', '64334-K0J-N000-H1', 211, 1, NULL, 'L1', '2026-02-03 04:27:28', '2026-02-03 04:27:28', NULL),
(897, 'subpart', 'TUBE, BATTERY DRAIN K1ZA', '81324-K1ZA-J100', 211, 0, NULL, 'L1', '2026-02-03 04:27:28', '2026-02-03 04:27:28', NULL),
(898, 'subpart', 'TUBE, BATTERY DRAIN', '81324-K97-T000', 211, 0, NULL, 'L1', '2026-02-03 04:27:28', '2026-02-03 04:27:28', NULL),
(899, 'subpart', 'RUBBER BATTERY', '81325-K97-N000', 211, 0, NULL, 'L1', '2026-02-03 04:27:28', '2026-02-03 04:27:28', NULL),
(900, 'subpart', 'V TUBE 8x12x400', '95003-23040-31', 211, 1, NULL, 'L1', '2026-02-03 04:27:28', '2026-02-03 04:27:28', NULL),
(901, 'subpart', 'V TUBE 8x12x600', '95003-23060-31', 211, 0, NULL, 'L1', '2026-02-03 04:27:28', '2026-02-03 04:27:28', NULL),
(902, 'subpart', 'V TUBE 8x12x690', '95003-23069-31', 211, 1, NULL, 'L1', '2026-02-03 04:27:28', '2026-02-03 04:27:28', NULL),
(903, 'subpart', 'COLLAR RR FENDER', '80108-K45-N400', 221, 1, NULL, 'L1', '2026-02-03 04:27:28', '2026-02-03 04:27:28', NULL),
(904, 'subpart', 'NUT, SPRING, 4MM (PSG)', '90302-GW3-9800', 221, 0, NULL, 'L1', '2026-02-03 04:27:28', '2026-02-03 04:27:28', NULL),
(905, 'subpart', 'NUT SPRING 4MM', '90302-KWW-A003', 221, 1, NULL, 'L1', '2026-02-03 04:27:28', '2026-02-03 04:27:28', NULL),
(906, 'subpart', 'COLLAR FRONT COWL (PSG)', '90310-KWS -9000', 221, 0, NULL, 'L1', '2026-02-03 04:27:28', '2026-02-03 04:27:28', NULL),
(907, 'subpart', 'NUT SPRING M5', '90320-GC3-0003', 245, 1, NULL, 'L2', '2026-02-03 04:27:28', '2026-02-03 04:27:28', NULL),
(908, 'subpart', 'NUT CLIP 5MM', '90344-KRB-9004', 221, 1, NULL, 'L1', '2026-02-03 04:27:28', '2026-02-03 04:27:28', NULL),
(909, 'subpart', 'NUT CLIP 5MM', '90677-KAN-T004', 221, 1, NULL, 'L1', '2026-02-03 04:27:28', '2026-02-03 04:27:28', NULL),
(910, 'subpart', 'NUT CLIP 6MM', '80102-K0J-N000', 321, 1, NULL, 'L2', '2026-02-03 04:27:28', '2026-02-03 04:27:28', NULL),
(911, 'subpart', 'NUT FENDER', '84601-HA7-6700', 321, 1, NULL, 'L2', '2026-02-03 04:27:28', '2026-02-03 04:27:28', NULL),
(912, 'subpart', 'NUT, CLIP 6MM', '90311-MT3-003', 321, 1, NULL, 'L2', '2026-02-03 04:27:28', '2026-02-03 04:27:29', NULL),
(913, 'subpart', 'Dual Lock Fastener', '0530-20022 (710026559)', 348, 1, NULL, 'L1', '2026-02-03 04:27:28', '2026-02-03 04:27:29', NULL),
(914, 'subpart', 'PRIMER K-520 (PRI-05-002A)', 'PSG-SUBPART-0100', 1123, 1, NULL, 'L2', '2026-02-03 04:27:28', '2026-02-03 04:27:29', NULL),
(915, 'subpart', 'LATCH', '81137-K2CA-V010-M1', 250, 0, NULL, 'L1', '2026-02-03 04:27:28', '2026-02-03 04:27:28', NULL),
(916, 'subpart', 'RIVET PUSH 6MM (PSG)', '90116-K0A -E110-M1', 250, 0, NULL, 'L1', '2026-02-03 04:27:28', '2026-02-03 04:27:28', NULL),
(917, 'subpart', 'SLIDER CLIP', '90651-K14-A310-M1', 250, 0, NULL, 'L1', '2026-02-03 04:27:28', '2026-02-03 04:27:28', NULL),
(918, 'subpart', 'CLIP SNAP FIT ( PSG )', '90666-K59 -A110-M1', 250, 1, NULL, 'L1', '2026-02-03 04:27:28', '2026-02-03 04:27:28', NULL),
(919, 'subpart', 'CLIT, SNAP FIT (PO)', '90666-K59-A110-IN', 250, 1, NULL, 'L1', '2026-02-03 04:27:28', '2026-02-03 04:27:28', NULL),
(920, 'subpart', 'SCREW TAPPING 4X12 (PSG)', '93903- 34380', 251, 1, NULL, 'L1', '2026-02-03 04:27:28', '2026-02-03 04:27:28', NULL),
(921, 'subpart', 'SCREW TAPPING 4x12 HITAM (PSG)', '93903-24380', 251, 1, NULL, 'L1', '2026-02-03 04:27:28', '2026-02-03 04:27:28', NULL),
(922, 'subpart', 'LABEL TIRE', '57505-K21-A000', 305, 0, NULL, 'L1', '2026-02-03 04:27:28', '2026-02-03 04:27:28', NULL),
(923, 'subpart', 'MARK, HONDA 60MM', '86102-K1AL -NA01', 305, 1, NULL, 'L1', '2026-02-03 04:27:28', '2026-02-03 04:27:28', NULL),
(924, 'subpart', 'MARK, HONDA 60MM TYPE 1', '86102-K1ZA-J100-00-01', 305, 1, NULL, 'L1', '2026-02-03 04:27:28', '2026-02-03 04:27:28', NULL),
(925, 'subpart', 'Name Plate', '87125-KFV-8400', 305, 1, NULL, 'L1', '2026-02-03 04:27:28', '2026-02-03 04:27:28', NULL),
(926, 'subpart', 'Label Air Element Notice', '87509-KWP-9001', 305, 1, NULL, 'L1', '2026-02-03 04:27:28', '2026-02-03 04:27:28', NULL),
(927, 'subpart', 'Label Air Element Notice', '87509-KWW-A401', 305, 0, NULL, 'L1', '2026-02-03 04:27:28', '2026-02-03 04:27:28', NULL),
(928, 'subpart', 'LABEL DRIVE CAUTION ENG', '87560-KVB-8600', 305, 0, NULL, 'L1', '2026-02-03 04:27:28', '2026-02-03 04:27:28', NULL),
(929, 'subpart', 'LABEL DRIVE CAUTION', '87560-KVBF-9301', 305, 1, NULL, 'L1', '2026-02-03 04:27:28', '2026-02-03 04:27:28', NULL),
(930, 'subpart', 'LABEL DRIVE', '87560-MCA-G601', 305, 0, NULL, 'L1', '2026-02-03 04:27:28', '2026-02-03 04:27:28', NULL),
(931, 'subpart', 'LABEL FUEL', '87586-KVB-9301-H1', 305, 0, NULL, 'L1', '2026-02-03 04:27:28', '2026-02-03 04:27:28', NULL),
(932, 'subpart', 'LABEL FULL CAUTION', '87586-KYT-8600', 305, 0, NULL, 'L1', '2026-02-03 04:27:28', '2026-02-03 04:27:28', NULL),
(933, 'subpart', 'NUT INSERT', '90101-K64A-N001', 306, 1, NULL, 'L1', '2026-02-03 04:27:28', '2026-02-03 04:27:28', NULL),
(934, 'subpart', 'SPG LID', '81145-K93-N000', 313, 1, NULL, 'L1', '2026-02-03 04:27:28', '2026-02-03 04:27:28', NULL),
(935, 'subpart', 'CLIP B8 TUBE', '95002-02080', 313, 0, NULL, 'L1', '2026-02-03 04:27:28', '2026-02-03 04:27:28', NULL),
(936, 'subpart', 'Pivot Screw', 'AJI-XX4006-VM', 325, 1, NULL, 'L1', '2026-02-03 04:27:29', '2026-02-03 04:27:29', NULL),
(937, 'subpart', 'RUBBER LOWER COWL MT', '64615-KR1-8600', 327, 0, NULL, 'L1', '2026-02-03 04:27:29', '2026-02-03 04:27:29', NULL),
(938, 'subpart', 'NUT U 5 MM (PSG)', '90301-KWN -9010-M1', 345, 1, NULL, 'L1', '2026-02-03 04:27:29', '2026-02-03 04:27:29', NULL),
(939, 'subpart', 'Clip Seal (CLI-09-010)', '9004A-46302', 348, 0, NULL, 'L1', '2026-02-03 04:27:29', '2026-02-03 04:27:29', NULL),
(940, 'subpart', 'Clip Green (CLI-40-003)', '90467-10188', 348, 1, NULL, 'L1', '2026-02-03 04:27:29', '2026-02-03 04:27:29', NULL),
(941, 'subpart', 'Clip (CLI-09-002)', '90467-T0021', 348, 1, NULL, 'L1', '2026-02-03 04:27:29', '2026-02-03 04:27:29', NULL),
(942, 'subpart', 'Rubber Cushion', '90541-03078', 348, 1, NULL, 'L1', '2026-02-03 04:27:29', '2026-02-03 04:27:29', NULL),
(943, 'subpart', 'Felto (15x330x3)', 'FEL-24-002', 348, 0, NULL, 'L1', '2026-02-03 04:27:29', '2026-02-03 04:27:29', NULL),
(944, 'subpart', 'Now Woven (80x10x0.09)', 'NON-02-019', 348, 1, NULL, 'L1', '2026-02-03 04:27:29', '2026-02-03 04:27:29', NULL),
(945, 'subpart', 'Plate RH', 'PLA-00-007', 348, 1, NULL, 'L1', '2026-02-03 04:27:29', '2026-02-03 04:27:29', NULL),
(946, 'subpart', 'Plate LH', 'PLA-00-008', 348, 1, NULL, 'L1', '2026-02-03 04:27:29', '2026-02-03 04:27:29', NULL),
(947, 'subpart', 'REFLEx,REFLECTOR (PSG)', '33741-MS6 -921-M1', 381, 1, NULL, 'L1', '2026-02-03 04:27:29', '2026-02-03 04:27:29', NULL),
(948, 'subpart', 'GROMMET SIDE COVER', '23511-376-0003', 394, 1, NULL, 'L1', '2026-02-03 04:27:29', '2026-02-03 04:27:29', NULL),
(949, 'subpart', 'STICKER VIN', '87130-KYA-B100', 451, 0, NULL, 'L1', '2026-02-03 04:27:29', '2026-02-03 04:27:29', NULL),
(950, 'subpart', 'LABEL, TIRE & DRIVER CARGO', '87505-K0J -N000', 906, 1, NULL, 'L2', '2026-02-03 04:27:29', '2026-02-03 04:27:29', NULL),
(951, 'subpart', 'LABEL, TIRE&DRIVE&CARGO', '87505-K2V -N800', 451, 1, NULL, 'L1', '2026-02-03 04:27:29', '2026-02-03 04:27:29', NULL),
(952, 'subpart', 'LABEL, TIRE & DRIVE & CARGO', '87505-K3NA -N002', 451, 0, NULL, 'L1', '2026-02-03 04:27:29', '2026-02-03 04:27:29', NULL),
(953, 'subpart', 'NUT - PUSH', '38995', 475, 0, NULL, 'L1', '2026-02-03 04:27:29', '2026-02-03 04:27:29', NULL),
(954, 'subpart', 'PIVOT-BOLT', '168199', 475, 0, NULL, 'L1', '2026-02-03 04:27:29', '2026-02-03 04:27:29', NULL),
(955, 'subpart', 'AIMING BOLT ASSY - LOW VER OPT', '193456', 475, 0, NULL, 'L1', '2026-02-03 04:27:29', '2026-02-03 04:27:29', NULL),
(956, 'subpart', 'AIMING BOLT ASSY - HIGH VER OPT', '210732', 475, 0, NULL, 'L1', '2026-02-03 04:27:29', '2026-02-03 04:27:29', NULL),
(957, 'subpart', 'HEAT PLATE STD - LH', '275607', 475, 0, NULL, 'L1', '2026-02-03 04:27:29', '2026-02-03 04:27:29', NULL),
(958, 'subpart', 'HEAT PLATE STD - RH', '275608', 475, 0, NULL, 'L1', '2026-02-03 04:27:29', '2026-02-03 04:27:29', NULL),
(959, 'subpart', 'MAIN WIRING ASSY LH (RED)', '275611', 475, 0, NULL, 'L1', '2026-02-03 04:27:29', '2026-02-03 04:27:29', NULL),
(960, 'subpart', 'MAIN WIRING ASSY RH (BLUE)', '275612', 475, 0, NULL, 'L1', '2026-02-03 04:27:29', '2026-02-03 04:27:29', NULL),
(961, 'subpart', 'MAIN WIRING ASSY (GREEN) - LH/RH', '275651', 475, 0, NULL, 'L1', '2026-02-03 04:27:29', '2026-02-03 04:27:29', NULL),
(962, 'subpart', 'MAIN WIRING ASSY (YELLOW) - LH/RH', '275653', 475, 0, NULL, 'L1', '2026-02-03 04:27:29', '2026-02-03 04:27:29', NULL),
(963, 'subpart', 'AIMING BOLT S/A - STD HOR', '283575', 475, 0, NULL, 'L1', '2026-02-03 04:27:29', '2026-02-03 04:27:29', NULL),
(964, 'subpart', 'AIMING BOLT ASSY - LOW HOR OPT', '283578', 475, 0, NULL, 'L1', '2026-02-03 04:27:29', '2026-02-03 04:27:29', NULL),
(965, 'subpart', 'MAIN WIRING ASSY LH (WHITE)', '283588', 475, 0, NULL, 'L1', '2026-02-03 04:27:29', '2026-02-03 04:27:29', NULL),
(966, 'subpart', 'MAIN WIRING ASSY RH (BLACK)', '283589', 475, 0, NULL, 'L1', '2026-02-03 04:27:29', '2026-02-03 04:27:29', NULL),
(967, 'subpart', 'T/SCREW 4X12 (BLACK)', '20-4419-1206', 475, 0, NULL, 'L1', '2026-02-03 04:27:29', '2026-02-03 04:27:29', NULL),
(968, 'subpart', 'INS.CONS.COMP DOOR PAD RHD/LHD 560B', 'INS-00-036', 596, 1, NULL, 'L1', '2026-02-03 04:27:29', '2026-02-03 04:27:29', NULL),
(969, 'subpart', 'Non Woven Fabric', 'NON-02-027', 596, 1, NULL, 'L1', '2026-02-03 04:27:29', '2026-02-03 04:27:29', NULL),
(970, 'subpart', 'Pu F2 Foam (150 x 10 x 15)', 'URE-00-010', 596, 1, NULL, 'L1', '2026-02-03 04:27:29', '2026-02-03 04:27:29', NULL),
(971, 'subpart', 'Pu F2 Foam (195 x 10 x 15)', 'URE-00-018', 596, 1, NULL, 'L1', '2026-02-03 04:27:29', '2026-02-03 04:27:29', NULL),
(972, 'subpart', 'EMBLEM PRODUCT', '86150-KTJ-C600', 872, 1, NULL, 'L1', '2026-02-03 04:27:29', '2026-02-03 04:27:29', NULL),
(973, 'subpart', 'EMBLEM PRODUCT.', '86150-KYS-9400', 872, 1, NULL, 'L1', '2026-02-03 04:27:29', '2026-02-03 04:27:29', NULL),
(974, 'subpart', 'SIKA WELBOND SUPER', 'PSG-SUBPART-0102', 1027, 1, NULL, 'L1', '2026-02-03 04:27:29', '2026-02-03 04:27:29', NULL),
(975, 'subpart', 'MOULD RELEASE NON PAINTABLE 470 ML PROLIX', 'PSG-SUBPART-0101', 1052, 1, NULL, 'L1', '2026-02-03 04:27:29', '2026-02-03 04:27:29', NULL),
(976, 'subpart', 'PLUG, HOLE', '9056-GCC-001', 1053, 1, NULL, 'L1', '2026-02-03 04:27:29', '2026-02-03 04:27:29', NULL),
(977, 'subpart', 'FASTENER 3M (SJ8121)', 'FAS-00-013', 1123, 1, NULL, 'L1', '2026-02-03 04:27:29', '2026-02-03 04:27:29', NULL),
(978, 'material', 'PA66 GF30 A3WG6', 'PA66 GF30 A3WG6', 475, 1, NULL, 'L1', '2026-02-03 04:27:29', '2026-02-03 04:27:29', NULL),
(979, 'material', 'CELANESE HOSTAFORM LX90Z XAP2 (SILVER)', 'CELANESE HOSTAFORM LX90Z XAP2 (SILVER)', 110, 0, NULL, 'L1', '2026-02-03 04:27:29', '2026-02-03 04:27:29', NULL),
(980, 'material', 'PP ASA  LI935 94592', 'PP ASA  LI935 94592', 110, 1, NULL, 'L1', '2026-02-03 04:27:29', '2026-02-03 04:27:29', NULL),
(981, 'material', 'PC-MA901510DBLACK', 'PC-MA901510DBLACK', 110, 1, NULL, 'L1', '2026-02-03 04:27:29', '2026-02-03 04:27:29', NULL),
(982, 'material', 'PC MAKROLON 2407 GREY', 'PC MAKROLON 2407 GREY', 475, 1, NULL, 'L1', '2026-02-03 04:27:29', '2026-02-03 04:27:29', NULL),
(983, 'material', 'PC LUPOY NS5000C', 'PC LUPOY NS5000C', 110, 1, NULL, 'L1', '2026-02-03 04:27:29', '2026-02-03 04:27:29', NULL),
(984, 'material', 'ABS XR 404', 'ABS XR 404', 110, 1, NULL, 'L1', '2026-02-03 04:27:29', '2026-02-03 04:27:29', NULL),
(985, 'material', 'PBT LUPOX GP1000DS GKA02', 'PBT LUPOX GP1000DS GKA02', 110, 1, NULL, 'L1', '2026-02-03 04:27:29', '2026-02-03 04:27:29', NULL),
(986, 'material', 'MB JP112-S', 'MB JP112-S', 604, 1, NULL, 'L1', '2026-02-03 04:27:29', '2026-02-03 04:27:29', NULL),
(987, 'masterbatch', 'PLAMASTER INTRA BLACK', 'PLAMASTER INTRA BLACK', 159, 1, NULL, 'L1', '2026-02-03 04:27:29', '2026-02-03 04:27:29', NULL),
(988, 'masterbatch', 'PLAMASTER BROWN JP-6223-30  (DIC ASTRA)', 'PLAMASTER BROWN JP-6223-30  (DIC ASTRA)', 159, 1, NULL, 'L1', '2026-02-03 04:27:29', '2026-02-03 04:27:29', NULL),
(989, 'material', 'HDPE TITANVENE HD5120GB-B', 'HDPE TITANVENE HD5120GB-B', 182, 1, NULL, 'L1', '2026-02-03 04:27:29', '2026-02-03 04:27:29', NULL),
(990, 'material', 'PP TRILENE BI32AN', 'PP TRILENE BI32AN', 182, 1, NULL, 'L1', '2026-02-03 04:27:29', '2026-02-03 04:27:29', NULL),
(991, 'material', 'PP TRILENE BI5.0GA', 'PP TRILENE BI5.0GA', 182, 0, NULL, 'L1', '2026-02-03 04:27:29', '2026-02-03 04:27:29', NULL),
(992, 'material', 'ABS TECHNO 10 JK2A NATURAL', 'ABS TECHNO 10 JK2A NATURAL', 185, 1, NULL, 'L1', '2026-02-03 04:27:29', '2026-02-03 04:27:29', NULL),
(993, 'material', 'PMMA MH011', 'PMMA MH011', 185, 0, NULL, 'L1', '2026-02-03 04:27:29', '2026-02-03 04:27:29', NULL),
(994, 'material', 'PP COSMOPLANE AW-564', 'PP COSMOPLANE AW-564', 185, 0, NULL, 'L1', '2026-02-03 04:27:29', '2026-02-03 04:27:29', NULL),
(995, 'material', 'PP Talc PP-T20 JJA1031P', 'PP Talc PP-T20 JJA1031P', 185, 0, NULL, 'L1', '2026-02-03 04:27:29', '2026-02-03 04:27:29', NULL),
(996, 'material', 'BLACK (BK BP157)', 'BLACK (BK BP157)', 439, 0, NULL, 'L1', '2026-02-03 04:27:29', '2026-02-03 04:27:29', NULL),
(997, 'material', 'PP IPC HK20', 'PP IPC HK20', 191, 1, NULL, 'L1', '2026-02-03 04:27:29', '2026-02-03 04:27:29', NULL),
(998, 'material', 'POM NATURAL', 'POM NATURAL', 199, 0, NULL, 'L1', '2026-02-03 04:27:29', '2026-02-03 04:27:29', NULL),
(999, 'material', 'ASAHI KASEI TENAC ZM 413 K3287MO (DARK STEEL)', 'ASAHI KASEI TENAC ZM 413 K3287MO (DARK STEEL)', 236, 0, NULL, 'L1', '2026-02-03 04:27:29', '2026-02-03 04:27:29', NULL),
(1000, 'material', 'ASAHI-KASEI TENAC 9K-X7691 (BLACK)', 'ASAHI-KASEI TENAC 9K-X7691 (BLACK)', 236, 0, NULL, 'L1', '2026-02-03 04:27:29', '2026-02-03 04:27:29', NULL),
(1001, 'material', 'ASAHI-KASEI TENAC K3286M0 ( DARK METAL)', 'ASAHI-KASEI TENAC K3286M0 ( DARK METAL)', 236, 0, NULL, 'L1', '2026-02-03 04:27:29', '2026-02-03 04:27:29', NULL),
(1002, 'material', 'PP APL2 BLACK', 'PP APL2 BLACK', 243, 1, NULL, 'L1', '2026-02-03 04:27:29', '2026-02-03 04:27:29', NULL),
(1003, 'material', 'PP EXCEED AP03B', 'PP EXCEED AP03B', 243, 1, NULL, 'L1', '2026-02-03 04:27:29', '2026-02-03 04:27:29', NULL),
(1004, 'material', 'PP OLTC VW 2005', 'PP OLTC VW 2005', 243, 1, NULL, 'L1', '2026-02-03 04:27:29', '2026-02-03 04:27:29', NULL),
(1005, 'material', 'PP-2C-WG0, TD20 OLTHW12/JW4985', 'PP-2C-WG0, TD20 OLTHW12/JW4985', 243, 1, NULL, 'L1', '2026-02-03 04:27:29', '2026-02-03 04:27:29', NULL),
(1006, 'material', 'PP-TD30', 'PP-TD30', 475, 1, NULL, 'L1', '2026-02-03 04:27:29', '2026-02-03 04:27:29', NULL),
(1007, 'material', 'PP 7032 E3 EXXON', 'PP 7032 E3 EXXON', 243, 1, NULL, 'L1', '2026-02-03 04:27:29', '2026-02-03 04:27:29', NULL),
(1008, 'material', 'NYLON B3W', 'NYLON B3W', 253, 0, NULL, 'L1', '2026-02-03 04:27:29', '2026-02-03 04:27:29', NULL),
(1009, 'material', 'PBT TOYOBO 708 BLACK', 'PBT TOYOBO 708 BLACK', 253, 0, NULL, 'L1', '2026-02-03 04:27:29', '2026-02-03 04:27:29', NULL),
(1010, 'material', 'PVC F JL 122A', 'PVC F JL 122A', 279, 1, NULL, 'L1', '2026-02-03 04:27:29', '2026-02-03 04:27:29', NULL),
(1011, 'material', 'PP HMU234', 'PP HMU234', 294, 1, NULL, 'L1', '2026-02-03 04:27:29', '2026-02-03 04:27:29', NULL),
(1012, 'material', 'PP GF 20% UBK 1312 BLACK', 'PP GF 20% UBK 1312 BLACK', 294, 0, NULL, 'L1', '2026-02-03 04:27:29', '2026-02-03 04:27:29', NULL),
(1013, 'material', 'PBT ASF-9810FM/K23812', 'PBT ASF-9810FM/K23812', 324, 1, NULL, 'L1', '2026-02-03 04:27:29', '2026-02-03 04:27:29', NULL),
(1014, 'material', 'PBT GF30% ULTRADUR B4300G6', 'PBT GF30% ULTRADUR B4300G6', 475, 1, NULL, 'L1', '2026-02-03 04:27:29', '2026-02-03 04:27:29', NULL),
(1015, 'material', 'PP AZ564 GL 136B', 'PP AZ564 GL 136B', 348, 0, NULL, 'L1', '2026-02-03 04:27:29', '2026-02-03 04:27:29', NULL),
(1016, 'material', 'PP AZ564 GL 6GS', 'PP AZ564 GL 6GS', 348, 1, NULL, 'L1', '2026-02-03 04:27:29', '2026-02-03 04:27:29', NULL),
(1017, 'material', 'PP AZ564 GL RT45', 'PP AZ564 GL RT45', 348, 0, NULL, 'L1', '2026-02-03 04:27:29', '2026-02-03 04:27:29', NULL),
(1018, 'material', 'PP LA880T 201B', 'PP LA880T 201B', 348, 1, NULL, 'L1', '2026-02-03 04:27:29', '2026-02-03 04:27:29', NULL),
(1019, 'material', 'PP LA880T 8H-X5167', 'PP LA880T 8H-X5167', 348, 1, NULL, 'L1', '2026-02-03 04:27:29', '2026-02-03 04:27:29', NULL),
(1020, 'material', 'PP Z564 GL RT45', 'PP Z564 GL RT45', 348, 1, NULL, 'L1', '2026-02-03 04:27:29', '2026-02-03 04:27:29', NULL),
(1021, 'material', 'PP AZ 864 GL 202B', 'PP AZ 864 GL 202B', 348, 1, NULL, 'L1', '2026-02-03 04:27:29', '2026-02-03 04:27:29', NULL),
(1022, 'material', 'PP AZ 564 GL 2028', 'PP AZ 564 GL 2028', 348, 1, NULL, 'L1', '2026-02-03 04:27:29', '2026-02-03 04:27:29', NULL),
(1023, 'material', 'PP LA 880T', 'PP LA 880T', 348, 0, NULL, 'L1', '2026-02-03 04:27:29', '2026-02-03 04:27:29', NULL),
(1024, 'material', 'ABS TM25', 'ABS TM25', 348, 0, NULL, 'L1', '2026-02-03 04:27:29', '2026-02-03 04:27:29', NULL),
(1025, 'material', 'PP X660T-R299', 'PP X660T-R299', 348, 1, NULL, 'L1', '2026-02-03 04:27:29', '2026-02-03 04:27:29', NULL),
(1026, 'material', 'ABS TOYOLAC 450G-205', 'ABS TOYOLAC 450G-205', 348, 1, NULL, 'L1', '2026-02-03 04:27:29', '2026-02-03 04:27:29', NULL),
(1027, 'material', 'ABS GP10A4', 'ABS GP10A4', 348, 1, NULL, 'L1', '2026-02-03 04:27:29', '2026-02-03 04:27:29', NULL),
(1028, 'material', 'PP X660T NATURAL', 'PP X660T NATURAL', 348, 1, NULL, 'L1', '2026-02-03 04:27:29', '2026-02-03 04:27:29', NULL),
(1029, 'material', 'ABS SR0320K', 'ABS SR0320K', 348, 1, NULL, 'L1', '2026-02-03 04:27:29', '2026-02-03 04:27:29', NULL),
(1030, 'material', 'PP AZ 564 GL RT49', 'PP AZ 564 GL RT49', 348, 0, NULL, 'L1', '2026-02-03 04:27:29', '2026-02-03 04:27:29', NULL),
(1031, 'material', 'ABS GF20% (IY CC25010-GY 7154 GREY)', 'ABS GF20% (IY CC25010-GY 7154 GREY)', 348, 1, NULL, 'L1', '2026-02-03 04:27:29', '2026-02-03 04:27:29', NULL),
(1032, 'material', 'PP LA880T 202B NATURAL', 'PP LA880T 202B NATURAL', 348, 1, NULL, 'L1', '2026-02-03 04:27:29', '2026-02-03 04:27:29', NULL),
(1033, 'material', 'PPM OJA0259 202B', 'PPM OJA0259 202B', 348, 1, NULL, 'L1', '2026-02-03 04:27:29', '2026-02-03 04:27:29', NULL),
(1034, 'material', 'ABS 700-X01-V NATURAL', 'ABS 700-X01-V NATURAL', 348, 1, NULL, 'L1', '2026-02-03 04:27:29', '2026-02-03 04:27:29', NULL),
(1035, 'material', 'PP AZ 564 GL/NATURAL', 'PP AZ 564 GL/NATURAL', 348, 1, NULL, 'L1', '2026-02-03 04:27:29', '2026-02-03 04:27:29', NULL),
(1036, 'material', 'PPM OJA243 202B', 'PPM OJA243 202B', 348, 1, NULL, 'L1', '2026-02-03 04:27:29', '2026-02-03 04:27:29', NULL),
(1037, 'material', 'FIBRE FILLED AF 1004 LF BK0002', 'FIBRE FILLED AF 1004 LF BK0002', 368, 1, NULL, 'L1', '2026-02-03 04:27:29', '2026-02-03 04:27:29', NULL),
(1038, 'material', 'PP FIBRE FILLED AF 1004 LF BK 1517 YIMM-01', 'PP FIBRE FILLED AF 1004 LF BK 1517 YIMM-01', 368, 0, NULL, 'L1', '2026-02-03 04:27:29', '2026-02-03 04:27:29', NULL),
(1039, 'material', 'POLYKAYA - PK T522', 'POLYKAYA - PK T522', 439, 1, NULL, 'L1', '2026-02-03 04:27:29', '2026-02-03 04:27:29', NULL),
(1040, 'material', 'POLYKAYA - PK G220 Black', 'POLYKAYA - PK G220 Black', 439, 1, NULL, 'L1', '2026-02-03 04:27:29', '2026-02-03 04:27:29', NULL),
(1041, 'material', 'PVC COMPOUNDS B-050', 'PVC COMPOUNDS B-050', 474, 1, NULL, 'L1', '2026-02-03 04:27:29', '2026-02-03 04:27:29', NULL),
(1042, 'material', 'POPELEN A353 GREY', 'POPELEN A353 GREY', 475, 1, NULL, 'L1', '2026-02-03 04:27:29', '2026-02-03 04:27:29', NULL),
(1043, 'material', 'APLASCOM PP GLASS FIBRE K0820 LG', 'APLASCOM PP GLASS FIBRE K0820 LG', 483, 0, NULL, 'L1', '2026-02-03 04:27:29', '2026-02-03 04:27:29', NULL),
(1044, 'material', 'APLASCOM K 0200 LG', 'APLASCOM K 0200 LG', 483, 0, NULL, 'L1', '2026-02-03 04:27:29', '2026-02-03 04:27:29', NULL),
(1045, 'material', 'POM KOCETAL K-300', 'POM KOCETAL K-300', 536, 1, NULL, 'L1', '2026-02-03 04:27:29', '2026-02-03 04:27:29', NULL),
(1046, 'material', 'POM DURACON M90', 'POM DURACON M90', 536, 1, NULL, 'L1', '2026-02-03 04:27:29', '2026-02-03 04:27:29', NULL),
(1047, 'material', 'PP-XT5', 'PP-XT5', 870, 0, NULL, 'L1', '2026-02-03 04:27:29', '2026-02-03 04:27:29', NULL),
(1048, 'material', 'PBT GF 15', 'PBT GF 15', 874, 0, NULL, 'L1', '2026-02-03 04:27:29', '2026-02-03 04:27:29', NULL),
(1049, 'material', 'PP-M 40 BLACK', 'PP-M 40 BLACK', 874, 0, NULL, 'L1', '2026-02-03 04:27:29', '2026-02-03 04:27:29', NULL),
(1050, 'material', 'PP-TD 40 BLACK', 'PP-TD 40 BLACK', 874, 0, NULL, 'L1', '2026-02-03 04:27:30', '2026-02-03 04:27:30', NULL),
(1051, 'material', 'PP-TD 40 NATURAL', 'PP-TD 40 NATURAL', 874, 0, NULL, 'L1', '2026-02-03 04:27:30', '2026-02-03 04:27:30', NULL),
(1052, 'material', 'INTRABLACK HG 9688', 'INTRABLACK HG 9688', 913, 1, NULL, 'L1', '2026-02-03 04:27:30', '2026-02-03 04:27:30', NULL),
(1053, 'material', 'Ultima JG 034A Black', 'Ultima JG 034A Black', 936, 1, NULL, 'L1', '2026-02-03 04:27:30', '2026-02-03 04:27:30', NULL),
(1054, 'material', 'PP SB SML-79 PS', 'PP SB SML-79 PS', 936, 1, NULL, 'L1', '2026-02-03 04:27:30', '2026-02-03 04:27:30', NULL),
(1055, 'material', 'PP BLACK GF-20 M SILVERPLAST', 'PP BLACK GF-20 M SILVERPLAST', 937, 1, NULL, 'L1', '2026-02-03 04:27:30', '2026-02-03 04:27:30', NULL),
(1056, 'material', 'PP BLACK 30B', 'PP BLACK 30B', 937, 1, NULL, 'L1', '2026-02-03 04:27:30', '2026-02-03 04:27:30', NULL),
(1057, 'material', 'PA66 BGF ECO (K061030 900FD)', 'PA66 BGF ECO (K061030 900FD)', 1118, 1, NULL, 'L1', '2026-02-03 04:27:30', '2026-02-03 04:27:30', NULL),
(1058, 'material', 'PP KINGFA API-3704 NC001', 'PP KINGFA API-3704 NC001', 1133, 1, NULL, 'L1', '2026-02-03 04:27:30', '2026-02-03 04:27:30', NULL),
(1059, 'layer', 'PE FOAM BAG 23X72X0,05', 'PSG-SUBPART-0042', 366, 1, NULL, 'L1', '2026-02-03 04:27:30', '2026-02-03 04:27:31', NULL),
(1060, 'layer', 'PE FOAM BAG 15X64X0,05', 'PSG-SUBPART-0044', 362, 0, NULL, 'L1', '2026-02-03 04:27:30', '2026-02-03 04:27:31', NULL),
(1061, 'layer', 'POLYOAM SHEET 30X50X0,05', 'PSG-SUBPART-0046', 1087, 1, NULL, 'L1', '2026-02-03 04:27:30', '2026-02-03 04:27:30', NULL),
(1062, 'polybag', 'POLYBAG HDPE 35X50X0,03', 'PSG-SUBPART-0018', 360, 1, NULL, 'L2', '2026-02-03 04:27:30', '2026-02-03 04:27:30', NULL),
(1063, 'polybag', 'POLYBAG HDPE 50X75X0,03', 'PSG-SUBPART-0019', 360, 1, NULL, 'L2', '2026-02-03 04:27:30', '2026-02-03 04:27:30', NULL),
(1064, 'polybag', 'POLYBAG HDPE 28X35X0,03', 'PSG-SUBPART-0020', 360, 1, NULL, 'L2', '2026-02-03 04:27:30', '2026-02-03 04:27:30', NULL),
(1065, 'polybag', 'POLYBAG HDPE 40X60X0,03', 'PSG-SUBPART-0030', 360, 1, NULL, 'L2', '2026-02-03 04:27:30', '2026-02-03 04:27:30', NULL),
(1066, 'polybag', 'POLYBAG HDPE 50X60X0,03', 'PSG-SUBPART-0033', 360, 1, NULL, 'L2', '2026-02-03 04:27:30', '2026-02-03 04:27:31', NULL),
(1067, 'polybag', 'POLYBAG HDPE 35X37,5X0,03', 'PSG-SUBPART-0034', 360, 1, NULL, 'L2', '2026-02-03 04:27:30', '2026-02-03 04:27:31', NULL),
(1068, 'polybag', 'POLYBAG HDPE 65X75X0,03', 'PSG-SUBPART-0037', 360, 1, NULL, 'L2', '2026-02-03 04:27:30', '2026-02-03 04:27:31', NULL),
(1069, 'polybag', 'POLYBAG HDPE 28X30X0,03', 'PSG-SUBPART-0039', 360, 1, NULL, 'L2', '2026-02-03 04:27:30', '2026-02-03 04:27:31', NULL),
(1070, 'polybag', 'POLYBAG HDPE 30X40X0,03', 'PSG-SUBPART-0040', 360, 1, NULL, 'L2', '2026-02-03 04:27:30', '2026-02-03 04:27:31', NULL),
(1071, 'layer', 'POLYFOAM BAG PE 30 X 45 X 0.003', 'PSG-SUBPART-0074', 366, 1, NULL, 'L1', '2026-02-03 04:27:30', '2026-02-03 04:27:31', NULL),
(1072, 'layer', 'Foambag 35 x 15x 0.5', 'PSG-SUBPART-0075', 141, 1, NULL, 'L1', '2026-02-03 04:27:30', '2026-02-03 04:27:30', NULL),
(1073, 'layer', 'Foambag 22 x 40 x 0.5', 'PSG-SUBPART-0076', 366, 1, NULL, 'L1', '2026-02-03 04:27:30', '2026-02-03 04:27:31', NULL),
(1074, 'layer', 'Foambag 18 x 30 x 0.5', 'PSG-SUBPART-0077', 366, 1, NULL, 'L1', '2026-02-03 04:27:30', '2026-02-03 04:27:31', NULL),
(1075, 'layer', 'Foambag 30 x 20 x 0.05 CM', 'PSG-SUBPART-0094', 141, 1, NULL, 'L1', '2026-02-03 04:27:30', '2026-02-03 04:27:30', NULL),
(1076, 'polybag', 'POLYBAG PE 900 X 205 X0.03 MM', 'PSG-SUBPART-0064', 348, 1, NULL, 'L1', '2026-02-03 04:27:30', '2026-02-03 04:27:30', NULL),
(1077, 'polybag', 'POLYBAG PE 600 X 300 X0.03 MM', 'PSG-SUBPART-0065', 912, 1, NULL, 'L1', '2026-02-03 04:27:30', '2026-02-03 04:27:30', NULL),
(1078, 'polybag', 'POLYBAG PE 550 X 350 X0.03 MM', 'PSG-SUBPART-0066', 912, 1, NULL, 'L1', '2026-02-03 04:27:30', '2026-02-03 04:27:30', NULL),
(1079, 'polybag', 'POLYBAG SHEET HDPE 140x50x0.003', 'BDG-SUBPART-0021', 222, 1, NULL, 'L1', '2026-02-03 04:27:30', '2026-02-03 04:27:30', NULL),
(1080, 'polybag', 'POLYBAG HDPE 35x45x0,3', 'BDG-SUBPART-0023', 222, 1, NULL, 'L1', '2026-02-03 04:27:30', '2026-02-03 04:27:30', NULL),
(1081, 'layer', 'LAYER SHEET HDPE 85 X 50 X 0,02', 'PSG-SUBPART-0012', 912, 1, NULL, 'L1', '2026-02-03 04:27:30', '2026-02-03 04:27:30', NULL),
(1082, 'polybag', 'Polybag HDPE BIRU 100 X 100 X 0,05', 'PSG-SUBPART-0013', 360, 1, NULL, 'L2', '2026-02-03 04:27:30', '2026-02-03 04:27:30', NULL),
(1083, 'polybag', 'Polybag HDPE KUNING 100 X 100 X 0,05', 'PSG-SUBPART-0015', 360, 1, NULL, 'L2', '2026-02-03 04:27:30', '2026-02-03 04:27:30', NULL),
(1084, 'polybag', 'POLYBAG HDPE 60X30X0,03', 'PSG-SUBPART-0021', 222, 0, NULL, 'L1', '2026-02-03 04:27:30', '2026-02-03 04:27:30', NULL),
(1085, 'polybag', 'POLYBAG HDPE SHEET KUNING 67 X 47 X0.03', 'PSG-SUBPART-0022', 912, 1, NULL, 'L1', '2026-02-03 04:27:30', '2026-02-03 04:27:30', NULL),
(1086, 'polybag', 'POLYBAG HDPE 20X60X0,03', 'PSG-SUBPART-0023', 222, 0, NULL, 'L1', '2026-02-03 04:27:30', '2026-02-03 04:27:30', NULL),
(1087, 'polybag', 'POLYBAG LDPE 25X40X0,03', 'PSG-SUBPART-0026', 912, 1, NULL, 'L1', '2026-02-03 04:27:30', '2026-02-03 04:27:30', NULL),
(1088, 'polybag', 'POLYBAG LDPE 17X25X0,03', 'PSG-SUBPART-0028', 912, 1, NULL, 'L1', '2026-02-03 04:27:30', '2026-02-03 04:27:30', NULL),
(1089, 'polybag', 'POLYBAG HDPE SHEET 50X75X0,03', 'PSG-SUBPART-0032', 360, 1, NULL, 'L2', '2026-02-03 04:27:30', '2026-02-03 04:27:30', NULL),
(1090, 'layer', 'LAYER SHEET HDPE 140X50X0,03', 'PSG-SUBPART-0036', 360, 1, NULL, 'L2', '2026-02-03 04:27:30', '2026-02-03 04:27:31', NULL),
(1091, 'layer', 'LAYER SHEET HDPE 140X50X0,03', 'PSG-SUBPART-0038', 912, 1, NULL, 'L1', '2026-02-03 04:27:30', '2026-02-03 04:27:30', NULL),
(1092, 'polybag', 'POLYBAG HDPE  20X50X0,03', 'PSG-SUBPART-0041', 360, 1, NULL, 'L2', '2026-02-03 04:27:30', '2026-02-03 04:27:31', NULL),
(1093, 'polybag', 'POLYBAG HDPE 55X35X0,03', 'PSG-SUBPART-0049', 222, 0, NULL, 'L1', '2026-02-03 04:27:30', '2026-02-03 04:27:30', NULL),
(1094, 'polybag', 'POLYBAG HDPE SHEET 85X50X0,02', 'PSG-SUBPART-0051', 912, 1, NULL, 'L1', '2026-02-03 04:27:30', '2026-02-03 04:27:30', NULL),
(1095, 'polybag', 'POLYBAG HDPE SHEET KUNING 67 X 47 X0.03', 'PSG-SUBPART-0067', 222, 0, NULL, 'L1', '2026-02-03 04:27:30', '2026-02-03 04:27:30', NULL),
(1096, 'polybag', 'POLYBAG LDPE SHEET 60 X 35 X 0.03', 'PSG-SUBPART-0068', 912, 1, NULL, 'L1', '2026-02-03 04:27:30', '2026-02-03 04:27:30', NULL),
(1097, 'polybag', 'POLYBAG LDPE CLEAR 100 X 100 X 0.05', 'PSG-SUBPART-0069', 360, 1, NULL, 'L2', '2026-02-03 04:27:30', '2026-02-03 04:27:31', NULL),
(1098, 'polybag', 'POLYBAG HDPE 35x45x0,3', 'PSG-SUBPART-0071', 222, 0, NULL, 'L1', '2026-02-03 04:27:30', '2026-02-03 04:27:30', NULL),
(1099, 'polybag', 'POLYBAG PE 15 X 25 X 0,03 cm', 'PSG-SUBPART-0078', 912, 1, NULL, 'L1', '2026-02-03 04:27:30', '2026-02-03 04:27:30', NULL),
(1100, 'layer', 'LAYER KARTON 56 X 37 X 0.02', 'PSG-SUBPART-0014', 362, 1, NULL, 'L1', '2026-02-03 04:27:30', '2026-02-03 04:27:31', NULL),
(1101, 'box', 'KARTON BOX 66 X 45 X 57', 'PSG-SUBPART-0025', 362, 0, NULL, 'L1', '2026-02-03 04:27:30', '2026-02-03 04:27:31', NULL),
(1102, 'polybag', 'POLYBAG HDPE 30X40X0,03', 'PSG-SUBPART-0031', 360, 1, NULL, 'L2', '2026-02-03 04:27:30', '2026-02-03 04:27:30', NULL),
(1103, 'polybag', 'POLYBAG HDPE SHEET 50X75X0,03', 'PSG-SUBPART-0035', 360, 1, NULL, 'L2', '2026-02-03 04:27:30', '2026-02-03 04:27:31', NULL),
(1104, 'polybag', 'Polybag LDPE BIRU 100 X 100 X 0,05', 'PSG-SUBPART-0073', 360, 1, NULL, 'L2', '2026-02-03 04:27:30', '2026-02-03 04:27:31', NULL),
(1105, 'polybag', 'POLYBAG HDPE 90 X 45 X 0.03 - BLUE', 'PSG-SUBPART-0080', 912, 1, NULL, 'L1', '2026-02-03 04:27:30', '2026-02-03 04:27:30', NULL),
(1106, 'polybag', 'POLYBAG HDPE 90 X 45 X 0.03 - YELLOW', 'PSG-SUBPART-0081', 912, 1, NULL, 'L1', '2026-02-03 04:27:30', '2026-02-03 04:27:30', NULL),
(1107, 'polybag', 'POLYBAG LDPE 50 X 75 X 0,03 CM', 'PSG-SUBPART-0082', 360, 1, NULL, 'L2', '2026-02-03 04:27:30', '2026-02-03 04:27:31', NULL),
(1108, 'layer', 'LAYER SHEET HDPE 55 X 35 X 0,03 CM', 'PSG-SUBPART-0083', 360, 1, NULL, 'L1', '2026-02-03 04:27:30', '2026-02-03 04:27:31', NULL),
(1109, 'polybag', 'POLYBAG LDPE 100 X 75 X 0,03 CM', 'PSG-SUBPART-0084', 360, 1, NULL, 'L2', '2026-02-03 04:27:30', '2026-02-03 04:27:31', NULL),
(1110, 'polybag', 'POLYBAG LDPE 65 X 90 X 0,03 CM', 'PSG-SUBPART-0085', 360, 1, NULL, 'L2', '2026-02-03 04:27:30', '2026-02-03 04:27:31', NULL),
(1111, 'polybag', 'POLYBAG LDPE 65 X 75 X 0,03 CM', 'PSG-SUBPART-0086', 360, 1, NULL, 'L2', '2026-02-03 04:27:30', '2026-02-03 04:27:31', NULL),
(1112, 'polybag', 'POLYBAG LDPE 30 X 40 X 0,03 CM', 'PSG-SUBPART-0087', 360, 1, NULL, 'L2', '2026-02-03 04:27:30', '2026-02-03 04:27:31', NULL),
(1113, 'polybag', 'POLYBAG LDPE 35 X 50 X 0,03 CM', 'PSG-SUBPART-0088', 360, 1, NULL, 'L2', '2026-02-03 04:27:30', '2026-02-03 04:27:31', NULL),
(1114, 'polybag', 'POLYBAG LDPE 100 X 75 X 0,05 CM', 'PSG-SUBPART-0091', 360, 1, NULL, 'L2', '2026-02-03 04:27:30', '2026-02-03 04:27:31', NULL),
(1115, 'polybag', 'POLYBAG LDPE 120 X 90 X 0,05 CM', 'PSG-SUBPART-0092', 360, 1, NULL, 'L2', '2026-02-03 04:27:30', '2026-02-03 04:27:31', NULL),
(1116, 'layer', 'LAYER SHEET HDPE 60 X 35 X 0,03 CM', 'PSG-SUBPART-0093', 360, 1, NULL, 'L2', '2026-02-03 04:27:30', '2026-02-03 04:27:31', NULL),
(1117, 'polybag', 'POLYBAG LDPE 50 X 60 X 0,03 CM', 'PSG-SUBPART-0095', 360, 1, NULL, 'L2', '2026-02-03 04:27:30', '2026-02-03 04:27:31', NULL),
(1118, 'polybag', 'POLYBAG LDPE 90 X 100 X 0,03 CM', 'PSG-SUBPART-0096', 360, 1, NULL, 'L2', '2026-02-03 04:27:30', '2026-02-03 04:27:31', NULL),
(1119, 'polybag', 'POLYBAG LDPE 40 X 60 X 0,03 CM', 'PSG-SUBPART-0097', 360, 1, NULL, 'L2', '2026-02-03 04:27:30', '2026-02-03 04:27:31', NULL),
(1120, 'polybag', 'POLYBAG LDPE 65 X 100 X 0,03 CM', 'PSG-SUBPART-0098', 912, 1, NULL, 'L1', '2026-02-03 04:27:30', '2026-02-03 04:27:30', NULL),
(1121, 'polybag', 'POLYBAG LDPE 65 X 100 X 0,03 CM', 'PSG-SUBPART-0099', 360, 1, NULL, 'L2', '2026-02-03 04:27:30', '2026-02-03 04:27:31', NULL),
(1122, 'polybag', 'POLYBAG LDPE 35X37,5X0,03', 'PSG-SUBPART-0103', 912, 1, NULL, 'L1', '2026-02-03 04:27:30', '2026-02-03 04:27:30', NULL),
(1123, 'polybag', 'POLYBAG LDPE 30X50X0,03', 'PSG-SUBPART-0104', 912, 1, NULL, 'L1', '2026-02-03 04:27:30', '2026-02-03 04:27:30', NULL),
(1124, 'polybag', 'POLYBAG LDPE 35X75X0,03', 'PSG-SUBPART-0105', 360, 1, NULL, 'L2', '2026-02-03 04:27:30', '2026-02-03 04:27:31', NULL),
(1125, 'box', 'KARTON BOX 52 X 32 X 48', 'PSG-SUBPART-0027', 362, 0, NULL, 'L1', '2026-02-03 04:27:31', '2026-02-03 04:27:31', NULL),
(1126, 'box', 'KARTON BOX 620 X 420 X 300', 'PSG-SUBPART-0029', 362, 0, NULL, 'L1', '2026-02-03 04:27:31', '2026-02-03 04:27:31', NULL),
(1127, 'layer', 'LAYER KARTON 57 X 32 X 0.2', 'PSG-SUBPART-0090', 362, 1, NULL, 'L1', '2026-02-03 04:27:31', '2026-02-03 04:27:31', NULL),
(1128, 'layer', 'FOAM SHEET 40 X 40 X 0,2', 'PSG-SUBPART-0016', 366, 0, NULL, 'L1', '2026-02-03 04:27:31', '2026-02-03 04:27:31', NULL),
(1129, 'layer', 'FOAM BAG 40 X 40', 'PSG-SUBPART-0070', 366, 1, NULL, 'L1', '2026-02-03 04:27:31', '2026-02-03 04:27:31', NULL),
(1130, 'layer', 'Layer Foam 70 X 50 X 0,05', 'PSG-SUBPART-0089', 366, 1, NULL, 'L1', '2026-02-03 04:27:31', '2026-02-03 04:27:31', NULL),
(1131, 'rempart', '-', NULL, 843, 1, NULL, NULL, '2026-02-03 04:36:26', '2026-02-03 04:36:32', '2026-02-03 04:36:32');

-- --------------------------------------------------------

--
-- Table structure for table `m_bahanbaku_box`
--

CREATE TABLE `m_bahanbaku_box` (
  `id` bigint UNSIGNED NOT NULL,
  `bahan_baku_id` bigint UNSIGNED NOT NULL,
  `jenis` varchar(50) COLLATE utf8mb4_unicode_ci NOT NULL,
  `kode_box` varchar(50) COLLATE utf8mb4_unicode_ci DEFAULT NULL,
  `panjang` decimal(10,2) DEFAULT NULL,
  `lebar` decimal(10,2) DEFAULT NULL,
  `tinggi` decimal(10,2) DEFAULT NULL,
  `std_packing` decimal(10,2) DEFAULT NULL,
  `uom` varchar(50) COLLATE utf8mb4_unicode_ci DEFAULT NULL,
  `jenis_packing` varchar(50) COLLATE utf8mb4_unicode_ci DEFAULT NULL,
  `created_at` timestamp NULL DEFAULT NULL,
  `updated_at` timestamp NULL DEFAULT NULL
) ENGINE=InnoDB DEFAULT CHARSET=utf8mb4 COLLATE=utf8mb4_unicode_ci;

--
-- Dumping data for table `m_bahanbaku_box`
--

INSERT INTO `m_bahanbaku_box` (`id`, `bahan_baku_id`, `jenis`, `kode_box`, `panjang`, `lebar`, `tinggi`, `std_packing`, `uom`, `jenis_packing`, `created_at`, `updated_at`) VALUES
(14, 1101, 'karton', NULL, NULL, NULL, NULL, NULL, NULL, NULL, '2026-02-03 04:27:31', '2026-02-03 04:27:31'),
(15, 1125, 'karton', NULL, NULL, NULL, NULL, NULL, NULL, NULL, '2026-02-03 04:27:31', '2026-02-03 04:27:31'),
(16, 1126, 'karton', NULL, NULL, NULL, NULL, NULL, NULL, NULL, '2026-02-03 04:27:31', '2026-02-03 04:27:31');

-- --------------------------------------------------------

--
-- Table structure for table `m_bahanbaku_layer`
--

CREATE TABLE `m_bahanbaku_layer` (
  `id` bigint UNSIGNED NOT NULL,
  `bahan_baku_id` bigint UNSIGNED NOT NULL,
  `jenis` varchar(50) COLLATE utf8mb4_unicode_ci NOT NULL,
  `panjang` decimal(10,2) DEFAULT NULL,
  `lebar` decimal(10,2) DEFAULT NULL,
  `tinggi` decimal(10,2) DEFAULT NULL,
  `std_packing` decimal(10,2) DEFAULT NULL,
  `uom` varchar(50) COLLATE utf8mb4_unicode_ci DEFAULT NULL,
  `jenis_packing` varchar(50) COLLATE utf8mb4_unicode_ci DEFAULT NULL,
  `created_at` timestamp NULL DEFAULT NULL,
  `updated_at` timestamp NULL DEFAULT NULL
) ENGINE=InnoDB DEFAULT CHARSET=utf8mb4 COLLATE=utf8mb4_unicode_ci;

--
-- Dumping data for table `m_bahanbaku_layer`
--

INSERT INTO `m_bahanbaku_layer` (`id`, `bahan_baku_id`, `jenis`, `panjang`, `lebar`, `tinggi`, `std_packing`, `uom`, `jenis_packing`, `created_at`, `updated_at`) VALUES
(98, 1072, 'foam_bag', NULL, NULL, NULL, 100.00, 'PLASTIK', 'PCS', '2026-02-03 04:27:30', '2026-02-03 04:27:30'),
(101, 1075, 'foam_bag', NULL, NULL, NULL, 100.00, 'PLASTIK', 'PCS', '2026-02-03 04:27:30', '2026-02-03 04:27:30'),
(105, 1061, 'polyfoam_sheet', NULL, NULL, NULL, 100.00, 'PLASTIK', 'PCS', '2026-02-03 04:27:30', '2026-02-03 04:27:30'),
(107, 1081, 'layer_sheet', NULL, NULL, NULL, 25.00, 'BAG', 'KG', '2026-02-03 04:27:30', '2026-02-03 04:27:30'),
(109, 1091, 'layer_sheet', NULL, NULL, NULL, 25.00, 'BAG', 'KG', '2026-02-03 04:27:30', '2026-02-03 04:27:30'),
(112, 1090, 'layer_sheet', NULL, NULL, NULL, 25.00, 'BAG', 'KG', '2026-02-03 04:27:31', '2026-02-03 04:27:31'),
(113, 1108, 'layer_sheet', NULL, NULL, NULL, 25.00, 'BAG', 'KG', '2026-02-03 04:27:31', '2026-02-03 04:27:31'),
(114, 1116, 'layer_sheet', NULL, NULL, NULL, 25.00, 'BAG', 'KG', '2026-02-03 04:27:31', '2026-02-03 04:27:31'),
(115, 1100, 'karton', NULL, NULL, NULL, 100.00, 'IKAT', 'PCS', '2026-02-03 04:27:31', '2026-02-03 04:27:31'),
(116, 1060, 'foam_bag', NULL, NULL, NULL, 100.00, 'PLASTIK', 'PCS', '2026-02-03 04:27:31', '2026-02-03 04:27:31'),
(117, 1127, 'karton', NULL, NULL, NULL, 100.00, 'IKAT', 'PCS', '2026-02-03 04:27:31', '2026-02-03 04:27:31'),
(118, 1128, 'foam_sheet', NULL, NULL, NULL, 100.00, 'PLASTIK', 'PCS', '2026-02-03 04:27:31', '2026-02-03 04:27:31'),
(119, 1059, 'foam_bag', NULL, NULL, NULL, 100.00, 'PLASTIK', 'PCS', '2026-02-03 04:27:31', '2026-02-03 04:27:31'),
(120, 1129, 'foam_bag', NULL, NULL, NULL, 100.00, 'PLASTIK', 'PCS', '2026-02-03 04:27:31', '2026-02-03 04:27:31'),
(121, 1071, 'polyfoam_bag', NULL, NULL, NULL, 100.00, 'PLASTIK', 'PCS', '2026-02-03 04:27:31', '2026-02-03 04:27:31'),
(122, 1073, 'foam_bag', NULL, NULL, NULL, 100.00, 'PLASTIK', 'PCS', '2026-02-03 04:27:31', '2026-02-03 04:27:31'),
(123, 1074, 'foam_bag', NULL, NULL, NULL, 100.00, 'PLASTIK', 'PCS', '2026-02-03 04:27:31', '2026-02-03 04:27:31'),
(124, 1130, 'foam', NULL, NULL, NULL, 100.00, 'PLASTIK', 'PCS', '2026-02-03 04:27:31', '2026-02-03 04:27:31');

-- --------------------------------------------------------

--
-- Table structure for table `m_bahanbaku_material`
--

CREATE TABLE `m_bahanbaku_material` (
  `id` bigint UNSIGNED NOT NULL,
  `bahan_baku_id` bigint UNSIGNED NOT NULL,
  `nama_bahan_baku` varchar(255) COLLATE utf8mb4_unicode_ci NOT NULL,
  `std_packing` decimal(10,2) DEFAULT NULL,
  `uom` varchar(50) COLLATE utf8mb4_unicode_ci DEFAULT NULL,
  `jenis_packing` varchar(50) COLLATE utf8mb4_unicode_ci DEFAULT NULL,
  `created_at` timestamp NULL DEFAULT NULL,
  `updated_at` timestamp NULL DEFAULT NULL
) ENGINE=InnoDB DEFAULT CHARSET=utf8mb4 COLLATE=utf8mb4_unicode_ci;

--
-- Dumping data for table `m_bahanbaku_material`
--

INSERT INTO `m_bahanbaku_material` (`id`, `bahan_baku_id`, `nama_bahan_baku`, `std_packing`, `uom`, `jenis_packing`, `created_at`, `updated_at`) VALUES
(272, 979, 'CELANESE HOSTAFORM LX90Z XAP2 (SILVER)', 25.00, 'KARUNG', 'KG', '2026-02-03 04:27:29', '2026-02-03 04:27:29'),
(273, 980, 'PP ASA  LI935 94592', 25.00, 'KARUNG', 'KG', '2026-02-03 04:27:29', '2026-02-03 04:27:29'),
(274, 981, 'PC-MA901510DBLACK', 25.00, 'KARUNG', 'KG', '2026-02-03 04:27:29', '2026-02-03 04:27:29'),
(276, 983, 'PC LUPOY NS5000C', 25.00, 'KARUNG', 'KG', '2026-02-03 04:27:29', '2026-02-03 04:27:29'),
(277, 984, 'ABS XR 404', 25.00, 'KARUNG', 'KG', '2026-02-03 04:27:29', '2026-02-03 04:27:29'),
(278, 985, 'PBT LUPOX GP1000DS GKA02', 25.00, 'KARUNG', 'KG', '2026-02-03 04:27:29', '2026-02-03 04:27:29'),
(280, 987, 'PLAMASTER INTRA BLACK', 25.00, 'KARUNG', 'KG', '2026-02-03 04:27:29', '2026-02-03 04:27:29'),
(281, 988, 'PLAMASTER BROWN JP-6223-30  (DIC ASTRA)', 25.00, 'KARUNG', 'KG', '2026-02-03 04:27:29', '2026-02-03 04:27:29'),
(282, 989, 'HDPE TITANVENE HD5120GB-B', 25.00, 'KARUNG', 'KG', '2026-02-03 04:27:29', '2026-02-03 04:27:29'),
(283, 990, 'PP TRILENE BI32AN', 25.00, 'KARUNG', 'KG', '2026-02-03 04:27:29', '2026-02-03 04:27:29'),
(284, 991, 'PP TRILENE BI5.0GA', 25.00, 'KARUNG', 'KG', '2026-02-03 04:27:29', '2026-02-03 04:27:29'),
(285, 992, 'ABS TECHNO 10 JK2A NATURAL', 25.00, 'KARUNG', 'KG', '2026-02-03 04:27:29', '2026-02-03 04:27:29'),
(286, 993, 'PMMA MH011', 25.00, 'KARUNG', 'KG', '2026-02-03 04:27:29', '2026-02-03 04:27:29'),
(287, 994, 'PP COSMOPLANE AW-564', 25.00, 'KARUNG', 'KG', '2026-02-03 04:27:29', '2026-02-03 04:27:29'),
(288, 995, 'PP Talc PP-T20 JJA1031P', 25.00, 'KARUNG', 'KG', '2026-02-03 04:27:29', '2026-02-03 04:27:29'),
(290, 997, 'PP IPC HK20', 25.00, 'KARUNG', 'KG', '2026-02-03 04:27:29', '2026-02-03 04:27:29'),
(291, 998, 'POM NATURAL', 25.00, 'KARUNG', 'KG', '2026-02-03 04:27:29', '2026-02-03 04:27:29'),
(292, 999, 'ASAHI KASEI TENAC ZM 413 K3287MO (DARK STEEL)', 25.00, 'KARUNG', 'KG', '2026-02-03 04:27:29', '2026-02-03 04:27:29'),
(293, 1000, 'ASAHI-KASEI TENAC 9K-X7691 (BLACK)', 25.00, 'KARUNG', 'KG', '2026-02-03 04:27:29', '2026-02-03 04:27:29'),
(294, 1001, 'ASAHI-KASEI TENAC K3286M0 ( DARK METAL)', 25.00, 'KARUNG', 'KG', '2026-02-03 04:27:29', '2026-02-03 04:27:29'),
(295, 1002, 'PP APL2 BLACK', 25.00, 'KARUNG', 'KG', '2026-02-03 04:27:29', '2026-02-03 04:27:29'),
(296, 1003, 'PP EXCEED AP03B', 25.00, 'KARUNG', 'KG', '2026-02-03 04:27:29', '2026-02-03 04:27:29'),
(297, 1004, 'PP OLTC VW 2005', 25.00, 'KARUNG', 'KG', '2026-02-03 04:27:29', '2026-02-03 04:27:29'),
(298, 1005, 'PP-2C-WG0, TD20 OLTHW12/JW4985', 25.00, 'KARUNG', 'KG', '2026-02-03 04:27:29', '2026-02-03 04:27:29'),
(300, 1007, 'PP 7032 E3 EXXON', 25.00, 'KARUNG', 'KG', '2026-02-03 04:27:29', '2026-02-03 04:27:29'),
(301, 1008, 'NYLON B3W', 25.00, 'KARUNG', 'KG', '2026-02-03 04:27:29', '2026-02-03 04:27:29'),
(302, 1009, 'PBT TOYOBO 708 BLACK', 25.00, 'KARUNG', 'KG', '2026-02-03 04:27:29', '2026-02-03 04:27:29'),
(303, 1010, 'PVC F JL 122A', 25.00, 'KARUNG', 'KG', '2026-02-03 04:27:29', '2026-02-03 04:27:29'),
(304, 1011, 'PP HMU234', 25.00, 'KARUNG', 'KG', '2026-02-03 04:27:29', '2026-02-03 04:27:29'),
(305, 1012, 'PP GF 20% UBK 1312 BLACK', 25.00, 'KARUNG', 'KG', '2026-02-03 04:27:29', '2026-02-03 04:27:29'),
(307, 1013, 'PBT ASF-9810FM/K23812', 25.00, 'KARUNG', 'KG', '2026-02-03 04:27:29', '2026-02-03 04:27:29'),
(311, 1015, 'PP AZ564 GL 136B', 25.00, 'KARUNG', 'KG', '2026-02-03 04:27:29', '2026-02-03 04:27:29'),
(312, 1016, 'PP AZ564 GL 6GS', 25.00, 'KARUNG', 'KG', '2026-02-03 04:27:29', '2026-02-03 04:27:29'),
(313, 1017, 'PP AZ564 GL RT45', 25.00, 'KARUNG', 'KG', '2026-02-03 04:27:29', '2026-02-03 04:27:29'),
(314, 1018, 'PP LA880T 201B', 25.00, 'KARUNG', 'KG', '2026-02-03 04:27:29', '2026-02-03 04:27:29'),
(315, 1019, 'PP LA880T 8H-X5167', 25.00, 'KARUNG', 'KG', '2026-02-03 04:27:29', '2026-02-03 04:27:29'),
(316, 1020, 'PP Z564 GL RT45', 25.00, 'KARUNG', 'KG', '2026-02-03 04:27:29', '2026-02-03 04:27:29'),
(317, 1021, 'PP AZ 864 GL 202B', 25.00, 'KARUNG', 'KG', '2026-02-03 04:27:29', '2026-02-03 04:27:29'),
(318, 1022, 'PP AZ 564 GL 2028', 25.00, 'KARUNG', 'KG', '2026-02-03 04:27:29', '2026-02-03 04:27:29'),
(319, 1023, 'PP LA 880T', 25.00, 'KARUNG', 'KG', '2026-02-03 04:27:29', '2026-02-03 04:27:29'),
(320, 1024, 'ABS TM25', 25.00, 'KARUNG', 'KG', '2026-02-03 04:27:29', '2026-02-03 04:27:29'),
(321, 1025, 'PP X660T-R299', 25.00, 'KARUNG', 'KG', '2026-02-03 04:27:29', '2026-02-03 04:27:29'),
(322, 1026, 'ABS TOYOLAC 450G-205', 25.00, 'KARUNG', 'KG', '2026-02-03 04:27:29', '2026-02-03 04:27:29'),
(323, 1027, 'ABS GP10A4', 25.00, 'KARUNG', 'KG', '2026-02-03 04:27:29', '2026-02-03 04:27:29'),
(324, 1028, 'PP X660T NATURAL', 25.00, 'KARUNG', 'KG', '2026-02-03 04:27:29', '2026-02-03 04:27:29'),
(325, 1029, 'ABS SR0320K', 25.00, 'KARUNG', 'KG', '2026-02-03 04:27:29', '2026-02-03 04:27:29'),
(326, 1030, 'PP AZ 564 GL RT49', 25.00, 'KARUNG', 'KG', '2026-02-03 04:27:29', '2026-02-03 04:27:29'),
(327, 1031, 'ABS GF20% (IY CC25010-GY 7154 GREY)', 25.00, 'KARUNG', 'KG', '2026-02-03 04:27:29', '2026-02-03 04:27:29'),
(328, 1032, 'PP LA880T 202B NATURAL', 25.00, 'KARUNG', 'KG', '2026-02-03 04:27:29', '2026-02-03 04:27:29'),
(329, 1033, 'PPM OJA0259 202B', 25.00, 'KARUNG', 'KG', '2026-02-03 04:27:29', '2026-02-03 04:27:29'),
(330, 1034, 'ABS 700-X01-V NATURAL', 25.00, 'KARUNG', 'KG', '2026-02-03 04:27:29', '2026-02-03 04:27:29'),
(331, 1035, 'PP AZ 564 GL/NATURAL', 25.00, 'KARUNG', 'KG', '2026-02-03 04:27:29', '2026-02-03 04:27:29'),
(332, 1036, 'PPM OJA243 202B', 25.00, 'KARUNG', 'KG', '2026-02-03 04:27:29', '2026-02-03 04:27:29'),
(333, 1037, 'FIBRE FILLED AF 1004 LF BK0002', 25.00, 'KARUNG', 'KG', '2026-02-03 04:27:29', '2026-02-03 04:27:29'),
(334, 1038, 'PP FIBRE FILLED AF 1004 LF BK 1517 YIMM-01', 25.00, 'KARUNG', 'KG', '2026-02-03 04:27:29', '2026-02-03 04:27:29'),
(335, 996, 'BLACK (BK BP157)', 25.00, 'KARUNG', 'KG', '2026-02-03 04:27:29', '2026-02-03 04:27:29'),
(336, 1039, 'POLYKAYA - PK T522', 25.00, 'KARUNG', 'KG', '2026-02-03 04:27:29', '2026-02-03 04:27:29'),
(337, 1040, 'POLYKAYA - PK G220 Black', 25.00, 'KARUNG', 'KG', '2026-02-03 04:27:29', '2026-02-03 04:27:29'),
(338, 1041, 'PVC COMPOUNDS B-050', 25.00, 'KARUNG', 'KG', '2026-02-03 04:27:29', '2026-02-03 04:27:29'),
(339, 978, 'PA66 GF30 A3WG6', 25.00, 'KARUNG', 'KG', '2026-02-03 04:27:29', '2026-02-03 04:27:29'),
(340, 1014, 'PBT GF30% ULTRADUR B4300G6', 25.00, 'KARUNG', 'KG', '2026-02-03 04:27:29', '2026-02-03 04:27:29'),
(341, 1006, 'PP-TD30', 25.00, 'KARUNG', 'KG', '2026-02-03 04:27:29', '2026-02-03 04:27:29'),
(342, 982, 'PC MAKROLON 2407 GREY', 25.00, 'KARUNG', 'KG', '2026-02-03 04:27:29', '2026-02-03 04:27:29'),
(343, 1042, 'POPELEN A353 GREY', 25.00, 'KARUNG', 'KG', '2026-02-03 04:27:29', '2026-02-03 04:27:29'),
(344, 1043, 'APLASCOM PP GLASS FIBRE K0820 LG', 25.00, 'KARUNG', 'KG', '2026-02-03 04:27:29', '2026-02-03 04:27:29'),
(345, 1044, 'APLASCOM K 0200 LG', 25.00, 'KARUNG', 'KG', '2026-02-03 04:27:29', '2026-02-03 04:27:29'),
(346, 1045, 'POM KOCETAL K-300', 25.00, 'KARUNG', 'KG', '2026-02-03 04:27:29', '2026-02-03 04:27:29'),
(347, 1046, 'POM DURACON M90', 25.00, 'KARUNG', 'KG', '2026-02-03 04:27:29', '2026-02-03 04:27:29'),
(348, 986, 'MB JP112-S', 25.00, 'KARUNG', 'KG', '2026-02-03 04:27:29', '2026-02-03 04:27:29'),
(349, 1047, 'PP-XT5', 25.00, 'KARUNG', 'KG', '2026-02-03 04:27:29', '2026-02-03 04:27:29'),
(350, 1048, 'PBT GF 15', 25.00, 'KARUNG', 'KG', '2026-02-03 04:27:29', '2026-02-03 04:27:29'),
(351, 1049, 'PP-M 40 BLACK', 25.00, 'KARUNG', 'KG', '2026-02-03 04:27:29', '2026-02-03 04:27:29'),
(352, 1050, 'PP-TD 40 BLACK', 25.00, 'KARUNG', 'KG', '2026-02-03 04:27:30', '2026-02-03 04:27:30'),
(353, 1051, 'PP-TD 40 NATURAL', 25.00, 'KARUNG', 'KG', '2026-02-03 04:27:30', '2026-02-03 04:27:30'),
(354, 1052, 'INTRABLACK HG 9688', 25.00, 'KARUNG', 'KG', '2026-02-03 04:27:30', '2026-02-03 04:27:30'),
(355, 1053, 'Ultima JG 034A Black', 25.00, 'KARUNG', 'KG', '2026-02-03 04:27:30', '2026-02-03 04:27:30'),
(356, 1054, 'PP SB SML-79 PS', 25.00, 'KARUNG', 'KG', '2026-02-03 04:27:30', '2026-02-03 04:27:30'),
(357, 1055, 'PP BLACK GF-20 M SILVERPLAST', 25.00, 'KARUNG', 'KG', '2026-02-03 04:27:30', '2026-02-03 04:27:30'),
(358, 1056, 'PP BLACK 30B', 25.00, 'KARUNG', 'KG', '2026-02-03 04:27:30', '2026-02-03 04:27:30'),
(359, 1057, 'PA66 BGF ECO (K061030 900FD)', 25.00, 'KARUNG', 'KG', '2026-02-03 04:27:30', '2026-02-03 04:27:30'),
(360, 1058, 'PP KINGFA API-3704 NC001', 25.00, 'KARUNG', 'KG', '2026-02-03 04:27:30', '2026-02-03 04:27:30');

-- --------------------------------------------------------

--
-- Table structure for table `m_bahanbaku_polybag`
--

CREATE TABLE `m_bahanbaku_polybag` (
  `id` bigint UNSIGNED NOT NULL,
  `bahan_baku_id` bigint UNSIGNED NOT NULL,
  `jenis` varchar(50) COLLATE utf8mb4_unicode_ci NOT NULL,
  `panjang` decimal(10,2) DEFAULT NULL,
  `lebar` decimal(10,2) DEFAULT NULL,
  `tinggi` decimal(10,2) DEFAULT NULL,
  `std_packing` decimal(10,2) DEFAULT NULL,
  `uom` varchar(50) COLLATE utf8mb4_unicode_ci DEFAULT NULL,
  `jenis_packing` varchar(50) COLLATE utf8mb4_unicode_ci DEFAULT NULL,
  `created_at` timestamp NULL DEFAULT NULL,
  `updated_at` timestamp NULL DEFAULT NULL
) ENGINE=InnoDB DEFAULT CHARSET=utf8mb4 COLLATE=utf8mb4_unicode_ci;

--
-- Dumping data for table `m_bahanbaku_polybag`
--

INSERT INTO `m_bahanbaku_polybag` (`id`, `bahan_baku_id`, `jenis`, `panjang`, `lebar`, `tinggi`, `std_packing`, `uom`, `jenis_packing`, `created_at`, `updated_at`) VALUES
(340, 1076, 'pe', NULL, NULL, NULL, 25.00, 'BAG', 'KG', '2026-02-03 04:27:30', '2026-02-03 04:27:30'),
(343, 1079, 'hdpe', NULL, NULL, NULL, 25.00, 'BAG', 'KG', '2026-02-03 04:27:30', '2026-02-03 04:27:30'),
(344, 1080, 'hdpe', NULL, NULL, NULL, 25.00, 'BAG', 'KG', '2026-02-03 04:27:30', '2026-02-03 04:27:30'),
(350, 1084, 'hdpe', NULL, NULL, NULL, 25.00, 'BAG', 'KG', '2026-02-03 04:27:30', '2026-02-03 04:27:30'),
(352, 1086, 'hdpe', NULL, NULL, NULL, 25.00, 'BAG', 'KG', '2026-02-03 04:27:30', '2026-02-03 04:27:30'),
(362, 1093, 'hdpe', NULL, NULL, NULL, 25.00, 'BAG', 'KG', '2026-02-03 04:27:30', '2026-02-03 04:27:30'),
(364, 1095, 'hdpe', NULL, NULL, NULL, 25.00, 'BAG', 'KG', '2026-02-03 04:27:30', '2026-02-03 04:27:30'),
(367, 1098, 'hdpe', NULL, NULL, NULL, 25.00, 'BAG', 'KG', '2026-02-03 04:27:30', '2026-02-03 04:27:30'),
(374, 1085, 'hdpe', NULL, NULL, NULL, 25.00, 'BAG', 'KG', '2026-02-03 04:27:30', '2026-02-03 04:27:30'),
(375, 1087, 'ldpe', NULL, NULL, NULL, 25.00, 'BAG', 'KG', '2026-02-03 04:27:30', '2026-02-03 04:27:30'),
(376, 1088, 'ldpe', NULL, NULL, NULL, 25.00, 'BAG', 'KG', '2026-02-03 04:27:30', '2026-02-03 04:27:30'),
(386, 1094, 'hdpe', NULL, NULL, NULL, 25.00, 'BAG', 'KG', '2026-02-03 04:27:30', '2026-02-03 04:27:30'),
(387, 1077, 'pe', NULL, NULL, NULL, 25.00, 'BAG', 'KG', '2026-02-03 04:27:30', '2026-02-03 04:27:30'),
(388, 1078, 'pe', NULL, NULL, NULL, 25.00, 'BAG', 'KG', '2026-02-03 04:27:30', '2026-02-03 04:27:30'),
(389, 1096, 'ldpe', NULL, NULL, NULL, 25.00, 'BAG', 'KG', '2026-02-03 04:27:30', '2026-02-03 04:27:30'),
(392, 1099, 'pe', NULL, NULL, NULL, 25.00, 'BAG', 'KG', '2026-02-03 04:27:30', '2026-02-03 04:27:30'),
(393, 1105, 'hdpe', NULL, NULL, NULL, 25.00, 'BAG', 'KG', '2026-02-03 04:27:30', '2026-02-03 04:27:30'),
(394, 1106, 'hdpe', NULL, NULL, NULL, 25.00, 'BAG', 'KG', '2026-02-03 04:27:30', '2026-02-03 04:27:30'),
(406, 1120, 'ldpe', NULL, NULL, NULL, 25.00, 'BAG', 'KG', '2026-02-03 04:27:30', '2026-02-03 04:27:30'),
(408, 1122, 'ldpe', NULL, NULL, NULL, 25.00, 'BAG', 'KG', '2026-02-03 04:27:30', '2026-02-03 04:27:30'),
(409, 1123, 'ldpe', NULL, NULL, NULL, 25.00, 'BAG', 'KG', '2026-02-03 04:27:30', '2026-02-03 04:27:30'),
(411, 1082, 'hdpe', NULL, NULL, NULL, 25.00, 'BAG', 'KG', '2026-02-03 04:27:30', '2026-02-03 04:27:30'),
(412, 1083, 'hdpe', NULL, NULL, NULL, 25.00, 'BAG', 'KG', '2026-02-03 04:27:30', '2026-02-03 04:27:30'),
(413, 1062, 'hdpe', NULL, NULL, NULL, 25.00, 'BAG', 'KG', '2026-02-03 04:27:30', '2026-02-03 04:27:30'),
(414, 1063, 'hdpe', NULL, NULL, NULL, 25.00, 'BAG', 'KG', '2026-02-03 04:27:30', '2026-02-03 04:27:30'),
(415, 1064, 'hdpe', NULL, NULL, NULL, 25.00, 'BAG', 'KG', '2026-02-03 04:27:30', '2026-02-03 04:27:30'),
(416, 1065, 'hdpe', NULL, NULL, NULL, 25.00, 'BAG', 'KG', '2026-02-03 04:27:30', '2026-02-03 04:27:30'),
(417, 1102, 'hdpe', NULL, NULL, NULL, 25.00, 'BAG', 'KG', '2026-02-03 04:27:30', '2026-02-03 04:27:30'),
(418, 1089, 'hdpe', NULL, NULL, NULL, 25.00, 'BAG', 'KG', '2026-02-03 04:27:30', '2026-02-03 04:27:30'),
(419, 1066, 'hdpe', NULL, NULL, NULL, 25.00, 'BAG', 'KG', '2026-02-03 04:27:31', '2026-02-03 04:27:31'),
(420, 1067, 'hdpe', NULL, NULL, NULL, 25.00, 'BAG', 'KG', '2026-02-03 04:27:31', '2026-02-03 04:27:31'),
(421, 1103, 'hdpe', NULL, NULL, NULL, 25.00, 'BAG', 'KG', '2026-02-03 04:27:31', '2026-02-03 04:27:31'),
(422, 1068, 'hdpe', NULL, NULL, NULL, 25.00, 'BAG', 'KG', '2026-02-03 04:27:31', '2026-02-03 04:27:31'),
(423, 1069, 'hdpe', NULL, NULL, NULL, 25.00, 'BAG', 'KG', '2026-02-03 04:27:31', '2026-02-03 04:27:31'),
(424, 1070, 'hdpe', NULL, NULL, NULL, 25.00, 'BAG', 'KG', '2026-02-03 04:27:31', '2026-02-03 04:27:31'),
(425, 1092, 'hdpe', NULL, NULL, NULL, 25.00, 'BAG', 'KG', '2026-02-03 04:27:31', '2026-02-03 04:27:31'),
(426, 1097, 'ldpe', NULL, NULL, NULL, 25.00, 'BAG', 'KG', '2026-02-03 04:27:31', '2026-02-03 04:27:31'),
(427, 1104, 'ldpe', NULL, NULL, NULL, 25.00, 'BAG', 'KG', '2026-02-03 04:27:31', '2026-02-03 04:27:31'),
(428, 1107, 'ldpe', NULL, NULL, NULL, 25.00, 'BAG', 'KG', '2026-02-03 04:27:31', '2026-02-03 04:27:31'),
(429, 1109, 'ldpe', NULL, NULL, NULL, 25.00, 'BAG', 'KG', '2026-02-03 04:27:31', '2026-02-03 04:27:31'),
(430, 1110, 'ldpe', NULL, NULL, NULL, 25.00, 'BAG', 'KG', '2026-02-03 04:27:31', '2026-02-03 04:27:31'),
(431, 1111, 'ldpe', NULL, NULL, NULL, 25.00, 'BAG', 'KG', '2026-02-03 04:27:31', '2026-02-03 04:27:31'),
(432, 1112, 'ldpe', NULL, NULL, NULL, 25.00, 'BAG', 'KG', '2026-02-03 04:27:31', '2026-02-03 04:27:31'),
(433, 1113, 'ldpe', NULL, NULL, NULL, 25.00, 'BAG', 'KG', '2026-02-03 04:27:31', '2026-02-03 04:27:31'),
(434, 1114, 'ldpe', NULL, NULL, NULL, 25.00, 'BAG', 'KG', '2026-02-03 04:27:31', '2026-02-03 04:27:31'),
(435, 1115, 'ldpe', NULL, NULL, NULL, 25.00, 'BAG', 'KG', '2026-02-03 04:27:31', '2026-02-03 04:27:31'),
(436, 1117, 'ldpe', NULL, NULL, NULL, 25.00, 'BAG', 'KG', '2026-02-03 04:27:31', '2026-02-03 04:27:31'),
(437, 1118, 'ldpe', NULL, NULL, NULL, 25.00, 'BAG', 'KG', '2026-02-03 04:27:31', '2026-02-03 04:27:31'),
(438, 1119, 'ldpe', NULL, NULL, NULL, 25.00, 'BAG', 'KG', '2026-02-03 04:27:31', '2026-02-03 04:27:31'),
(439, 1121, 'ldpe', NULL, NULL, NULL, 25.00, 'BAG', 'KG', '2026-02-03 04:27:31', '2026-02-03 04:27:31'),
(440, 1124, 'ldpe', NULL, NULL, NULL, 25.00, 'BAG', 'KG', '2026-02-03 04:27:31', '2026-02-03 04:27:31');

-- --------------------------------------------------------

--
-- Table structure for table `m_bahanbaku_rempart`
--

CREATE TABLE `m_bahanbaku_rempart` (
  `id` bigint UNSIGNED NOT NULL,
  `bahan_baku_id` bigint UNSIGNED NOT NULL,
  `jenis` varchar(50) COLLATE utf8mb4_unicode_ci NOT NULL,
  `std_packing` decimal(10,2) DEFAULT NULL,
  `uom` varchar(50) COLLATE utf8mb4_unicode_ci DEFAULT NULL,
  `jenis_packing` varchar(50) COLLATE utf8mb4_unicode_ci DEFAULT NULL,
  `created_at` timestamp NULL DEFAULT NULL,
  `updated_at` timestamp NULL DEFAULT NULL
) ENGINE=InnoDB DEFAULT CHARSET=utf8mb4 COLLATE=utf8mb4_unicode_ci;

--
-- Dumping data for table `m_bahanbaku_rempart`
--

INSERT INTO `m_bahanbaku_rempart` (`id`, `bahan_baku_id`, `jenis`, `std_packing`, `uom`, `jenis_packing`, `created_at`, `updated_at`) VALUES
(1, 1131, 'karton_box_p0_d0', 98.00, 'PCS', 'PALLET', '2026-02-03 04:36:26', '2026-02-03 04:36:26');

-- --------------------------------------------------------

--
-- Table structure for table `m_bahanbaku_subpart`
--

CREATE TABLE `m_bahanbaku_subpart` (
  `id` bigint UNSIGNED NOT NULL,
  `bahan_baku_id` bigint UNSIGNED NOT NULL,
  `nama_bahan_baku` varchar(255) COLLATE utf8mb4_unicode_ci NOT NULL,
  `std_packing` decimal(10,2) DEFAULT NULL,
  `uom` varchar(50) COLLATE utf8mb4_unicode_ci DEFAULT NULL,
  `jenis_packing` varchar(50) COLLATE utf8mb4_unicode_ci DEFAULT NULL,
  `created_at` timestamp NULL DEFAULT NULL,
  `updated_at` timestamp NULL DEFAULT NULL
) ENGINE=InnoDB DEFAULT CHARSET=utf8mb4 COLLATE=utf8mb4_unicode_ci;

--
-- Dumping data for table `m_bahanbaku_subpart`
--

INSERT INTO `m_bahanbaku_subpart` (`id`, `bahan_baku_id`, `nama_bahan_baku`, `std_packing`, `uom`, `jenis_packing`, `created_at`, `updated_at`) VALUES
(364, 873, 'STICKER, COMBIE BRAKE', 100.00, 'PCS', 'PLASTIK', '2026-02-03 04:27:28', '2026-02-03 04:27:28'),
(366, 875, 'RUBBER SEAL (6 X 6 X 310)', 100.00, 'PCS', 'PLASTIK', '2026-02-03 04:27:28', '2026-02-03 04:27:28'),
(370, 879, 'CLIP C9 TUBE', 1000.00, 'PCS', 'PLASTIK', '2026-02-03 04:27:28', '2026-02-03 04:27:28'),
(371, 880, 'RUBBER FUEL SEAL', 100.00, 'PCS', 'PLASTIK', '2026-02-03 04:27:28', '2026-02-03 04:27:28'),
(372, 881, 'RUBBER LINK STOPPER', 50.00, 'PCS', 'PLASTIK', '2026-02-03 04:27:28', '2026-02-03 04:27:28'),
(373, 882, 'RUBBER STOPPER', 50.00, 'PCS', 'PLASTIK', '2026-02-03 04:27:28', '2026-02-03 04:27:28'),
(374, 883, 'TUBE, VINYL 6X9X300', 50.00, 'PCS', 'PLASTIK', '2026-02-03 04:27:28', '2026-02-03 04:27:28'),
(375, 884, 'Wire Harness Assy', 100.00, 'PCS', 'POLYBOX', '2026-02-03 04:27:28', '2026-02-03 04:27:28'),
(376, 885, 'Wire AD09', 100.00, 'PCS', 'POLYBOX', '2026-02-03 04:27:28', '2026-02-03 04:27:28'),
(377, 886, 'Wire Harness AD05', 100.00, 'PCS', 'POLYBOX', '2026-02-03 04:27:28', '2026-02-03 04:27:28'),
(378, 887, 'Wire Harness AD06', 100.00, 'PCS', 'POLYBOX', '2026-02-03 04:27:28', '2026-02-03 04:27:28'),
(380, 889, 'NUT SPECIAL 6x7', 500.00, 'PCS', 'PLASTIK', '2026-02-03 04:27:28', '2026-02-03 04:27:28'),
(381, 888, 'COLLAR K01', 1000.00, 'PCS', 'PLASTIK', '2026-02-03 04:27:28', '2026-02-03 04:27:28'),
(385, 891, 'SEAL ENG TOP COVER', 100.00, 'PCS', 'PLASTIK', '2026-02-03 04:27:28', '2026-02-03 04:27:28'),
(386, 892, 'RUBBER, FUEL SEAL', 50.00, 'PCS', 'PLASTIK', '2026-02-03 04:27:28', '2026-02-03 04:27:28'),
(387, 893, 'TUBE, DRAIN-BB', 150.00, 'PCS', 'KARTON', '2026-02-03 04:27:28', '2026-02-03 04:27:28'),
(388, 894, 'RUBBER METER SET', 1000.00, 'PCS', 'PLASTIK', '2026-02-03 04:27:28', '2026-02-03 04:27:28'),
(389, 895, 'CUSHION A BATTERY (PSG)', 100.00, 'PCS', 'PLASTIK', '2026-02-03 04:27:28', '2026-02-03 04:27:28'),
(390, 896, 'CUSHION B BATTERY', 100.00, 'PCS', 'PLASTIK', '2026-02-03 04:27:28', '2026-02-03 04:27:28'),
(391, 897, 'TUBE, BATTERY DRAIN K1ZA', 50.00, 'PCS', 'PLASTIK', '2026-02-03 04:27:28', '2026-02-03 04:27:28'),
(392, 898, 'TUBE, BATTERY DRAIN', 100.00, 'PCS', 'PLASTIK', '2026-02-03 04:27:28', '2026-02-03 04:27:28'),
(393, 899, 'RUBBER BATTERY', 300.00, 'PCS', 'PLASTIK', '2026-02-03 04:27:28', '2026-02-03 04:27:28'),
(394, 900, 'V TUBE 8x12x400', 50.00, 'PCS', 'PLASTIK', '2026-02-03 04:27:28', '2026-02-03 04:27:28'),
(395, 901, 'V TUBE 8x12x600', 50.00, 'PCS', 'PLASTIK', '2026-02-03 04:27:28', '2026-02-03 04:27:28'),
(396, 902, 'V TUBE 8x12x690', 50.00, 'PCS', 'PLASTIK', '2026-02-03 04:27:28', '2026-02-03 04:27:28'),
(397, 903, 'COLLAR RR FENDER', 100.00, 'PCS', 'PLASTIK', '2026-02-03 04:27:28', '2026-02-03 04:27:28'),
(398, 904, 'NUT, SPRING, 4MM (PSG)', 100.00, 'PCS', 'PLASTIK', '2026-02-03 04:27:28', '2026-02-03 04:27:28'),
(399, 905, 'NUT SPRING 4MM', 100.00, 'PCS', 'PLASTIK', '2026-02-03 04:27:28', '2026-02-03 04:27:28'),
(400, 906, 'COLLAR FRONT COWL (PSG)', 100.00, 'PCS', 'PLASTIK', '2026-02-03 04:27:28', '2026-02-03 04:27:28'),
(402, 908, 'NUT CLIP 5MM', 100.00, 'PCS', 'PLASTIK', '2026-02-03 04:27:28', '2026-02-03 04:27:28'),
(403, 909, 'NUT CLIP 5MM', 100.00, 'PCS', NULL, '2026-02-03 04:27:28', '2026-02-03 04:27:28'),
(409, 907, 'NUT SPRING M5', 100.00, 'PCS', 'PLASTIK', '2026-02-03 04:27:28', '2026-02-03 04:27:28'),
(410, 915, 'LATCH', 1000.00, 'PCS', 'PLASTIK', '2026-02-03 04:27:28', '2026-02-03 04:27:28'),
(411, 916, 'RIVET PUSH 6MM (PSG)', 1000.00, 'PCS', 'PLASTIK', '2026-02-03 04:27:28', '2026-02-03 04:27:28'),
(412, 917, 'SLIDER CLIP', 1000.00, 'PCS', 'PLASTIK', '2026-02-03 04:27:28', '2026-02-03 04:27:28'),
(413, 918, 'CLIP SNAP FIT ( PSG )', 1000.00, 'PCS', 'PLASTIK', '2026-02-03 04:27:28', '2026-02-03 04:27:28'),
(414, 919, 'CLIT, SNAP FIT (PO)', NULL, 'PCS', NULL, '2026-02-03 04:27:28', '2026-02-03 04:27:28'),
(415, 920, 'SCREW TAPPING 4X12 (PSG)', 100.00, 'PCS', 'PLASTIK', '2026-02-03 04:27:28', '2026-02-03 04:27:28'),
(416, 921, 'SCREW TAPPING 4x12 HITAM (PSG)', 100.00, 'PCS', 'PLASTIK', '2026-02-03 04:27:28', '2026-02-03 04:27:28'),
(417, 890, 'COLLAR', 100.00, 'PCS', 'PLASTIK', '2026-02-03 04:27:28', '2026-02-03 04:27:28'),
(418, 922, 'LABEL TIRE', 100.00, 'PCS', 'PLASTIK', '2026-02-03 04:27:28', '2026-02-03 04:27:28'),
(419, 923, 'MARK, HONDA 60MM', 100.00, 'PCS', 'PLASTIK', '2026-02-03 04:27:28', '2026-02-03 04:27:28'),
(420, 924, 'MARK, HONDA 60MM TYPE 1', 100.00, 'PCS', 'PLASTIK', '2026-02-03 04:27:28', '2026-02-03 04:27:28'),
(421, 925, 'Name Plate', 100.00, 'PCS', 'PLASTIK', '2026-02-03 04:27:28', '2026-02-03 04:27:28'),
(422, 926, 'Label Air Element Notice', 100.00, 'PCS', 'PLASTIK', '2026-02-03 04:27:28', '2026-02-03 04:27:28'),
(423, 927, 'Label Air Element Notice', 100.00, 'PCS', 'PLASTIK', '2026-02-03 04:27:28', '2026-02-03 04:27:28'),
(424, 928, 'LABEL DRIVE CAUTION ENG', 100.00, 'PCS', 'PLASTIK', '2026-02-03 04:27:28', '2026-02-03 04:27:28'),
(425, 929, 'LABEL DRIVE CAUTION', 100.00, 'PCS', 'PLASTIK', '2026-02-03 04:27:28', '2026-02-03 04:27:28'),
(426, 930, 'LABEL DRIVE', 100.00, 'PCS', 'PLASTIK', '2026-02-03 04:27:28', '2026-02-03 04:27:28'),
(427, 931, 'LABEL FUEL', 100.00, 'PCS', 'PLASTIK', '2026-02-03 04:27:28', '2026-02-03 04:27:28'),
(428, 932, 'LABEL FULL CAUTION', 100.00, 'PCS', 'PLASTIK', '2026-02-03 04:27:28', '2026-02-03 04:27:28'),
(429, 933, 'NUT INSERT', 100.00, 'PCS', 'PLASTIK', '2026-02-03 04:27:28', '2026-02-03 04:27:28'),
(430, 934, 'SPG LID', 500.00, 'PCS', 'PLASTIK', '2026-02-03 04:27:28', '2026-02-03 04:27:28'),
(431, 935, 'CLIP B8 TUBE', 1000.00, 'PCS', 'PLASTIK', '2026-02-03 04:27:28', '2026-02-03 04:27:28'),
(432, 910, 'NUT CLIP 6MM', 500.00, 'PCS', 'PLASTIK', '2026-02-03 04:27:28', '2026-02-03 04:27:28'),
(433, 911, 'NUT FENDER', 500.00, 'PCS', 'PLASTIK', '2026-02-03 04:27:29', '2026-02-03 04:27:29'),
(434, 912, 'NUT, CLIP 6MM', 500.00, 'PCS', 'PLASTIK', '2026-02-03 04:27:29', '2026-02-03 04:27:29'),
(435, 936, 'Pivot Screw', 1000.00, 'PCS', 'PLASTIK', '2026-02-03 04:27:29', '2026-02-03 04:27:29'),
(436, 937, 'RUBBER LOWER COWL MT', 100.00, 'PCS', 'PLASTIK', '2026-02-03 04:27:29', '2026-02-03 04:27:29'),
(437, 876, 'RUBBER SEAL', 50.00, 'PCS', 'PLASTIK', '2026-02-03 04:27:29', '2026-02-03 04:27:29'),
(438, 877, 'SEAL,INNER POCKET', 50.00, 'PCS', 'PLASTIK', '2026-02-03 04:27:29', '2026-02-03 04:27:29'),
(439, 878, 'SEAL INNER POCKET', 50.00, 'PCS', 'PLASTIK', '2026-02-03 04:27:29', '2026-02-03 04:27:29'),
(440, 938, 'NUT U 5 MM (PSG)', 100.00, 'PCS', 'PLASTIK', '2026-02-03 04:27:29', '2026-02-03 04:27:29'),
(441, 913, 'Dual Lock Fastener', 100.00, 'PCS', 'PLASTIK', '2026-02-03 04:27:29', '2026-02-03 04:27:29'),
(442, 939, 'Clip Seal (CLI-09-010)', 1000.00, 'PCS', 'PLASTIK', '2026-02-03 04:27:29', '2026-02-03 04:27:29'),
(443, 940, 'Clip Green (CLI-40-003)', 1000.00, 'PCS', 'PLASTIK', '2026-02-03 04:27:29', '2026-02-03 04:27:29'),
(444, 941, 'Clip (CLI-09-002)', 1000.00, 'PCS', 'PLASTIK', '2026-02-03 04:27:29', '2026-02-03 04:27:29'),
(445, 942, 'Rubber Cushion', 1000.00, 'PCS', 'PLASTIK', '2026-02-03 04:27:29', '2026-02-03 04:27:29'),
(446, 943, 'Felto (15x330x3)', NULL, 'PCS', NULL, '2026-02-03 04:27:29', '2026-02-03 04:27:29'),
(447, 944, 'Now Woven (80x10x0.09)', 1000.00, 'PCS', 'PLASTIK', '2026-02-03 04:27:29', '2026-02-03 04:27:29'),
(448, 945, 'Plate RH', 50.00, 'PCS', 'BOX', '2026-02-03 04:27:29', '2026-02-03 04:27:29'),
(449, 946, 'Plate LH', 50.00, 'PCS', 'BOX', '2026-02-03 04:27:29', '2026-02-03 04:27:29'),
(450, 947, 'REFLEx,REFLECTOR (PSG)', 100.00, 'PCS', 'POLYBOX', '2026-02-03 04:27:29', '2026-02-03 04:27:29'),
(451, 948, 'GROMMET SIDE COVER', 200.00, 'PCS', 'PLASTIK', '2026-02-03 04:27:29', '2026-02-03 04:27:29'),
(452, 949, 'STICKER VIN', 100.00, 'PCS', 'PLASTIK', '2026-02-03 04:27:29', '2026-02-03 04:27:29'),
(454, 951, 'LABEL, TIRE&DRIVE&CARGO', 100.00, 'PCS', 'PLASTIK', '2026-02-03 04:27:29', '2026-02-03 04:27:29'),
(455, 952, 'LABEL, TIRE & DRIVE & CARGO', 100.00, 'PCS', 'PLASTIK', '2026-02-03 04:27:29', '2026-02-03 04:27:29'),
(456, 874, 'LABEL FUEL', 100.00, 'PCS', 'PLASTIK', '2026-02-03 04:27:29', '2026-02-03 04:27:29'),
(457, 953, 'NUT - PUSH', NULL, 'PCS', NULL, '2026-02-03 04:27:29', '2026-02-03 04:27:29'),
(458, 954, 'PIVOT-BOLT', NULL, 'PCS', NULL, '2026-02-03 04:27:29', '2026-02-03 04:27:29'),
(460, 955, 'AIMING BOLT ASSY - LOW VER OPT', NULL, 'PCS', NULL, '2026-02-03 04:27:29', '2026-02-03 04:27:29'),
(461, 956, 'AIMING BOLT ASSY - HIGH VER OPT', NULL, 'PCS', NULL, '2026-02-03 04:27:29', '2026-02-03 04:27:29'),
(462, 957, 'HEAT PLATE STD - LH', NULL, 'PCS', NULL, '2026-02-03 04:27:29', '2026-02-03 04:27:29'),
(463, 958, 'HEAT PLATE STD - RH', NULL, 'PCS', NULL, '2026-02-03 04:27:29', '2026-02-03 04:27:29'),
(464, 959, 'MAIN WIRING ASSY LH (RED)', NULL, 'PCS', NULL, '2026-02-03 04:27:29', '2026-02-03 04:27:29'),
(465, 960, 'MAIN WIRING ASSY RH (BLUE)', NULL, 'PCS', NULL, '2026-02-03 04:27:29', '2026-02-03 04:27:29'),
(466, 961, 'MAIN WIRING ASSY (GREEN) - LH/RH', NULL, 'PCS', NULL, '2026-02-03 04:27:29', '2026-02-03 04:27:29'),
(467, 962, 'MAIN WIRING ASSY (YELLOW) - LH/RH', NULL, 'PCS', NULL, '2026-02-03 04:27:29', '2026-02-03 04:27:29'),
(468, 963, 'AIMING BOLT S/A - STD HOR', NULL, 'PCS', NULL, '2026-02-03 04:27:29', '2026-02-03 04:27:29'),
(469, 964, 'AIMING BOLT ASSY - LOW HOR OPT', NULL, 'PCS', NULL, '2026-02-03 04:27:29', '2026-02-03 04:27:29'),
(470, 965, 'MAIN WIRING ASSY LH (WHITE)', NULL, 'PCS', NULL, '2026-02-03 04:27:29', '2026-02-03 04:27:29'),
(471, 966, 'MAIN WIRING ASSY RH (BLACK)', NULL, 'PCS', NULL, '2026-02-03 04:27:29', '2026-02-03 04:27:29'),
(472, 967, 'T/SCREW 4X12 (BLACK)', NULL, 'PCS', NULL, '2026-02-03 04:27:29', '2026-02-03 04:27:29'),
(473, 968, 'INS.CONS.COMP DOOR PAD RHD/LHD 560B', 50.00, 'PCS', 'PLASTIK', '2026-02-03 04:27:29', '2026-02-03 04:27:29'),
(474, 969, 'Non Woven Fabric', 100.00, 'PCS', 'PLASTIK', '2026-02-03 04:27:29', '2026-02-03 04:27:29'),
(475, 970, 'Pu F2 Foam (150 x 10 x 15)', 50.00, 'PCS', 'PLASTIK', '2026-02-03 04:27:29', '2026-02-03 04:27:29'),
(476, 971, 'Pu F2 Foam (195 x 10 x 15)', 50.00, 'PCS', 'PLASTIK', '2026-02-03 04:27:29', '2026-02-03 04:27:29'),
(477, 972, 'EMBLEM PRODUCT', 8000.00, 'PCS', 'KARTON', '2026-02-03 04:27:29', '2026-02-03 04:27:29'),
(478, 973, 'EMBLEM PRODUCT.', 8000.00, 'PCS', 'KARTON', '2026-02-03 04:27:29', '2026-02-03 04:27:29'),
(479, 950, 'LABEL, TIRE & DRIVER CARGO', 100.00, 'PCS', 'PLASTIK', '2026-02-03 04:27:29', '2026-02-03 04:27:29'),
(480, 974, 'SIKA WELBOND SUPER', 15.00, 'Kg', 'KALENG', '2026-02-03 04:27:29', '2026-02-03 04:27:29'),
(481, 975, 'MOULD RELEASE NON PAINTABLE 470 ML PROLIX', 1.00, 'CAN', 'KALENG', '2026-02-03 04:27:29', '2026-02-03 04:27:29'),
(482, 976, 'PLUG, HOLE', 100.00, 'PCS', 'PLASTIK', '2026-02-03 04:27:29', '2026-02-03 04:27:29'),
(483, 977, 'FASTENER 3M (SJ8121)', 200.00, 'PCS', 'PLASTIK', '2026-02-03 04:27:29', '2026-02-03 04:27:29'),
(484, 914, 'PRIMER K-520 (PRI-05-002A)', 1.00, 'CAN', 'KALENG', '2026-02-03 04:27:29', '2026-02-03 04:27:29');

-- --------------------------------------------------------

--
-- Table structure for table `m_kendaraan`
--

CREATE TABLE `m_kendaraan` (
  `id` bigint UNSIGNED NOT NULL,
  `nopol_kendaraan` varchar(255) COLLATE utf8mb4_unicode_ci NOT NULL,
  `jenis_kendaraan` varchar(255) COLLATE utf8mb4_unicode_ci NOT NULL,
  `merk_kendaraan` varchar(255) COLLATE utf8mb4_unicode_ci NOT NULL,
  `tahun_kendaraan` int NOT NULL,
  `status` tinyint(1) NOT NULL DEFAULT '1',
  `qrcode` varchar(255) COLLATE utf8mb4_unicode_ci DEFAULT NULL,
  `deleted_at` timestamp NULL DEFAULT NULL,
  `created_at` timestamp NULL DEFAULT NULL,
  `updated_at` timestamp NULL DEFAULT NULL
) ENGINE=InnoDB DEFAULT CHARSET=utf8mb4 COLLATE=utf8mb4_unicode_ci;

--
-- Dumping data for table `m_kendaraan`
--

INSERT INTO `m_kendaraan` (`id`, `nopol_kendaraan`, `jenis_kendaraan`, `merk_kendaraan`, `tahun_kendaraan`, `status`, `qrcode`, `deleted_at`, `created_at`, `updated_at`) VALUES
(44, 'B 9318 FRW', 'Truck Wing Box', 'ISUZU', 2026, 1, 'B 9318 FRW', NULL, '2026-02-03 03:27:11', '2026-02-03 06:24:45'),
(45, 'B 9331 FCH', 'Truck Wing Box', 'HINO', 2026, 1, 'B 9331 FCH', NULL, '2026-02-03 03:27:11', '2026-02-03 06:24:45'),
(46, 'B 9278 YF', 'Truck Wing Box', 'MITSUBISHI', 2026, 1, 'B 9278 YF', NULL, '2026-02-03 03:27:11', '2026-02-03 06:24:45'),
(47, 'B 9299 FCH', 'Truck Wing Box', 'ISUZU', 2026, 1, 'B 9299 FCH', NULL, '2026-02-03 03:27:11', '2026-02-03 06:24:45'),
(48, 'B 9257 SYU', 'Truck Wing Box', 'HINO', 2026, 1, 'B 9257 SYU', NULL, '2026-02-03 03:27:11', '2026-02-03 06:24:45'),
(49, 'B 9122 CCI', 'Truck Wing Box', 'MITSUBISHI', 2026, 1, 'B 9122 CCI', NULL, '2026-02-03 03:27:11', '2026-02-03 06:24:45'),
(50, 'T 9723 DA', 'Truck Wing Box', 'ISUZU', 2026, 1, 'T 9723 DA', NULL, '2026-02-03 03:27:11', '2026-02-03 06:24:45'),
(51, 'B 9532 FRV', 'Truck Wing Box', 'HINO', 2026, 1, 'B 9532 FRV', NULL, '2026-02-03 03:27:11', '2026-02-03 06:24:45'),
(52, 'B 9228 FCN', 'Truck Wing Box', 'MITSUBISHI', 2026, 1, 'B 9228 FCN', NULL, '2026-02-03 03:27:11', '2026-02-03 06:24:45'),
(53, 'B 9038 FRU', 'Truck Wing Box', 'ISUZU', 2026, 1, 'B 9038 FRU', NULL, '2026-02-03 03:27:11', '2026-02-03 06:24:45'),
(54, 'B 9896 DY', 'Truck Wing Box', 'HINO', 2026, 1, 'B 9896 DY', NULL, '2026-02-03 03:27:11', '2026-02-03 06:24:45'),
(55, 'B 1234 CD', 'Truck Wing Box', 'MITSUBISHI', 2026, 1, 'B 1234 CD', NULL, '2026-02-03 03:27:11', '2026-02-03 06:24:45'),
(56, 'B 5678 EF', 'Truck Wing Box', 'ISUZU', 2026, 1, 'B 5678 EF', NULL, '2026-02-03 03:27:11', '2026-02-03 06:24:45'),
(57, 'B 9101 GH', 'Truck Wing Box', 'HINO', 2026, 1, 'B 9101 GH', NULL, '2026-02-03 03:27:11', '2026-02-03 06:24:45'),
(58, 'B 1213 IJ', 'Truck Wing Box', 'MITSUBISHI', 2026, 1, 'B 1213 IJ', NULL, '2026-02-03 03:27:11', '2026-02-03 06:24:45'),
(59, 'B 1415 KL', 'Truck Wing Box', 'ISUZU', 2026, 1, 'B 1415 KL', NULL, '2026-02-03 03:27:11', '2026-02-03 06:24:45'),
(60, 'B 1617 MN', 'Truck Wing Box', 'HINO', 2026, 1, 'B 1617 MN', NULL, '2026-02-03 03:27:11', '2026-02-03 06:24:45'),
(61, 'B 1819 OP', 'Truck Wing Box', 'MITSUBISHI', 2026, 1, 'B 1819 OP', NULL, '2026-02-03 03:27:11', '2026-02-03 06:24:45'),
(62, 'B 2021 QR', 'Truck Wing Box', 'ISUZU', 2026, 1, 'B 2021 QR', NULL, '2026-02-03 03:27:11', '2026-02-03 06:24:45'),
(63, 'B 2223 ST', 'Truck Wing Box', 'HINO', 2026, 1, 'B 2223 ST', NULL, '2026-02-03 03:27:11', '2026-02-03 06:24:45');

-- --------------------------------------------------------

--
-- Table structure for table `m_manpower`
--

CREATE TABLE `m_manpower` (
  `id` bigint UNSIGNED NOT NULL,
  `mp_id` varchar(255) COLLATE utf8mb4_unicode_ci NOT NULL,
  `nik` varchar(255) COLLATE utf8mb4_unicode_ci NOT NULL,
  `nama` varchar(255) COLLATE utf8mb4_unicode_ci NOT NULL,
  `departemen` varchar(255) COLLATE utf8mb4_unicode_ci NOT NULL,
  `bagian` varchar(255) COLLATE utf8mb4_unicode_ci NOT NULL,
  `qrcode` varchar(255) COLLATE utf8mb4_unicode_ci DEFAULT NULL,
  `status` tinyint(1) NOT NULL DEFAULT '1',
  `deleted_at` timestamp NULL DEFAULT NULL,
  `created_at` timestamp NULL DEFAULT NULL,
  `updated_at` timestamp NULL DEFAULT NULL
) ENGINE=InnoDB DEFAULT CHARSET=utf8mb4 COLLATE=utf8mb4_unicode_ci;

--
-- Dumping data for table `m_manpower`
--

INSERT INTO `m_manpower` (`id`, `mp_id`, `nik`, `nama`, `departemen`, `bagian`, `qrcode`, `status`, `deleted_at`, `created_at`, `updated_at`) VALUES
(1, 'admin', '000000', 'superadmin', 'IT', 'System', 'MP-ADMIN', 1, NULL, '2026-02-03 02:35:21', '2026-02-03 03:35:33'),
(2, 'wagyu|123', '123', 'wagyu', 'Purchasing', 'Staff', 'wagyu|123', 1, NULL, '2026-02-03 09:01:50', '2026-02-03 09:01:50'),
(4, 'Burhanis|1234', '1234', 'Burhanis', 'GA', 'Driver', 'Burhanis|1234', 1, NULL, '2026-02-04 04:18:00', '2026-02-04 04:18:00');

-- --------------------------------------------------------

--
-- Table structure for table `m_mesin`
--

CREATE TABLE `m_mesin` (
  `id` bigint UNSIGNED NOT NULL,
  `mesin_id` varchar(255) COLLATE utf8mb4_unicode_ci DEFAULT NULL,
  `no_mesin` varchar(255) COLLATE utf8mb4_unicode_ci NOT NULL,
  `merk_mesin` varchar(255) COLLATE utf8mb4_unicode_ci NOT NULL,
  `tonase` int NOT NULL DEFAULT '0',
  `qrcode` varchar(255) COLLATE utf8mb4_unicode_ci DEFAULT NULL,
  `status` tinyint(1) NOT NULL DEFAULT '1',
  `deleted_at` timestamp NULL DEFAULT NULL,
  `created_at` timestamp NULL DEFAULT NULL,
  `updated_at` timestamp NULL DEFAULT NULL
) ENGINE=InnoDB DEFAULT CHARSET=utf8mb4 COLLATE=utf8mb4_unicode_ci;

--
-- Dumping data for table `m_mesin`
--

INSERT INTO `m_mesin` (`id`, `mesin_id`, `no_mesin`, `merk_mesin`, `tonase`, `qrcode`, `status`, `deleted_at`, `created_at`, `updated_at`) VALUES
(1, 'MC 01|TOSHIBA|850 TON', 'MC 01', 'TOSHIBA', 850, 'MC 01|TOSHIBA|850 TON', 1, NULL, '2026-02-03 02:45:47', '2026-02-03 02:45:47'),
(2, 'MC 02|KAWAGUCHI|650 TON', 'MC 02', 'KAWAGUCHI', 650, 'MC 02|KAWAGUCHI|650 TON', 1, NULL, '2026-02-03 02:45:47', '2026-02-03 02:45:47'),
(3, 'MC 03|YIZUMI|650 TON', 'MC 03', 'YIZUMI', 650, 'MC 03|YIZUMI|650 TON', 1, NULL, '2026-02-03 02:45:47', '2026-02-03 02:45:47'),
(4, 'MC 04|YIZUMI|650 TON', 'MC 04', 'YIZUMI', 650, 'MC 04|YIZUMI|650 TON', 1, NULL, '2026-02-03 02:45:47', '2026-02-03 02:45:47'),
(5, 'MC 05|NIGATA|650 TON', 'MC 05', 'NIGATA', 650, 'MC 05|NIGATA|650 TON', 1, NULL, '2026-02-03 02:45:47', '2026-02-03 02:45:47'),
(6, 'MC 06|KAWAGUCHI|650 TON', 'MC 06', 'KAWAGUCHI', 650, 'MC 06|KAWAGUCHI|650 TON', 1, NULL, '2026-02-03 02:45:47', '2026-02-03 02:45:47'),
(7, 'MC 07|KAWAGUCHI|650 TON', 'MC 07', 'KAWAGUCHI', 650, 'MC 07|KAWAGUCHI|650 TON', 1, NULL, '2026-02-03 02:45:47', '2026-02-03 02:45:47'),
(8, 'MC 08|KAWAGUCHI|650 TON', 'MC 08', 'KAWAGUCHI', 650, 'MC 08|KAWAGUCHI|650 TON', 1, NULL, '2026-02-03 02:45:47', '2026-02-03 02:45:47'),
(9, 'MC 09 |TOSHIBA|650 TON', 'MC 09 ', 'TOSHIBA', 650, 'MC 09 |TOSHIBA|650 TON', 1, NULL, '2026-02-03 02:45:47', '2026-02-03 02:45:47'),
(10, 'MC 10 |HAITIAN|700 TON', 'MC 10 ', 'HAITIAN', 700, 'MC 10 |HAITIAN|700 TON', 1, NULL, '2026-02-03 02:45:47', '2026-02-03 02:45:47'),
(11, 'MC 11|JSW|650 TON', 'MC 11', 'JSW', 650, 'MC 11|JSW|650 TON', 1, NULL, '2026-02-03 02:45:47', '2026-02-03 02:45:47'),
(12, 'MC 12|TOSHIBA|1050 TON', 'MC 12', 'TOSHIBA', 1050, 'MC 12|TOSHIBA|1050 TON', 1, NULL, '2026-02-03 02:45:47', '2026-02-03 02:45:47'),
(13, 'MC 13|TOSHIBA|1050 TON', 'MC 13', 'TOSHIBA', 1050, 'MC 13|TOSHIBA|1050 TON', 1, NULL, '2026-02-03 02:45:47', '2026-02-03 02:45:47'),
(14, 'MC 14|JSW|450 TON', 'MC 14', 'JSW', 450, 'MC 14|JSW|450 TON', 1, NULL, '2026-02-03 02:45:47', '2026-02-03 02:45:47'),
(15, 'MC 15|JSW|450 TON', 'MC 15', 'JSW', 450, 'MC 15|JSW|450 TON', 1, NULL, '2026-02-03 02:45:47', '2026-02-03 02:45:47'),
(16, 'MC 16 |NISSEI|290 TON', 'MC 16 ', 'NISSEI', 290, 'MC 16 |NISSEI|290 TON', 1, NULL, '2026-02-03 02:45:47', '2026-02-03 02:45:47'),
(17, 'MC 17|JSW|350 TON', 'MC 17', 'JSW', 350, 'MC 17|JSW|350 TON', 1, NULL, '2026-02-03 02:45:47', '2026-02-03 02:45:47'),
(18, 'MC 18|JSW|350 TON', 'MC 18', 'JSW', 350, 'MC 18|JSW|350 TON', 1, NULL, '2026-02-03 02:45:47', '2026-02-03 02:45:47'),
(19, 'MC 19|TOSIBHA|450 TON', 'MC 19', 'TOSIBHA', 450, 'MC 19|TOSIBHA|450 TON', 1, NULL, '2026-02-03 02:45:47', '2026-02-03 02:45:47'),
(20, 'MC 20|JSW|450 TON', 'MC 20', 'JSW', 450, 'MC 20|JSW|450 TON', 1, NULL, '2026-02-03 02:45:47', '2026-02-03 02:45:47'),
(21, 'MC 21|TOSHIBA|450 TON', 'MC 21', 'TOSHIBA', 450, 'MC 21|TOSHIBA|450 TON', 1, NULL, '2026-02-03 02:45:47', '2026-02-03 02:45:47'),
(22, 'MC 22|KAWAGUCHI|450 TON', 'MC 22', 'KAWAGUCHI', 450, 'MC 22|KAWAGUCHI|450 TON', 1, NULL, '2026-02-03 02:45:47', '2026-02-03 02:45:47'),
(23, 'MC 23|TOSHIBA|450 TON', 'MC 23', 'TOSHIBA', 450, 'MC 23|TOSHIBA|450 TON', 1, NULL, '2026-02-03 02:45:47', '2026-02-03 02:45:47'),
(24, 'MC 24|NISSEI|350 TON', 'MC 24', 'NISSEI', 350, 'MC 24|NISSEI|350 TON', 1, NULL, '2026-02-03 02:45:47', '2026-02-03 02:45:47'),
(25, 'MC 25|JSW|450 TON', 'MC 25', 'JSW', 450, 'MC 25|JSW|450 TON', 1, NULL, '2026-02-03 02:45:47', '2026-02-03 02:45:47'),
(26, 'MC 26|TOSHIBA|450 TON', 'MC 26', 'TOSHIBA', 450, 'MC 26|TOSHIBA|450 TON', 1, NULL, '2026-02-03 02:45:47', '2026-02-03 02:45:47'),
(27, 'MC 27 |YIZUMI|400 TON', 'MC 27 ', 'YIZUMI', 400, 'MC 27 |YIZUMI|400 TON', 1, NULL, '2026-02-03 02:45:47', '2026-02-03 02:45:47'),
(28, 'MC 28|YIZUMI|260 TON', 'MC 28', 'YIZUMI', 260, 'MC 28|YIZUMI|260 TON', 1, NULL, '2026-02-03 02:45:47', '2026-02-03 02:45:47'),
(29, 'MC 29|TOP|260 TON', 'MC 29', 'TOP', 260, 'MC 29|TOP|260 TON', 1, NULL, '2026-02-03 02:45:47', '2026-02-03 02:45:47'),
(30, 'MC 30|YIZUMI|160 TON', 'MC 30', 'YIZUMI', 160, 'MC 30|YIZUMI|160 TON', 1, NULL, '2026-02-03 02:45:47', '2026-02-03 02:45:47'),
(31, 'MC 31|TOSIBHA|1300 TON', 'MC 31', 'TOSIBHA', 1300, 'MC 31|TOSIBHA|1300 TON', 1, NULL, '2026-02-03 02:45:47', '2026-02-03 02:45:47'),
(32, 'MC 32|TOSIBHA|450 TON', 'MC 32', 'TOSIBHA', 450, 'MC 32|TOSIBHA|450 TON', 1, NULL, '2026-02-03 02:45:47', '2026-02-03 02:45:47'),
(33, 'MC 33|JSW|350 TON', 'MC 33', 'JSW', 350, 'MC 33|JSW|350 TON', 1, NULL, '2026-02-03 02:45:47', '2026-02-03 02:45:47'),
(34, 'MC 34|YIZUMI|1100 TON', 'MC 34', 'YIZUMI', 1100, 'MC 34|YIZUMI|1100 TON', 1, NULL, '2026-02-03 02:45:47', '2026-02-03 02:45:47'),
(35, 'MC 35|YIZUMI|1101 TON', 'MC 35', 'YIZUMI', 1101, 'MC 35|YIZUMI|1101 TON', 1, NULL, '2026-02-03 02:45:47', '2026-02-03 02:45:47'),
(36, 'MC 01|TOSHIBA|850 TON', 'MC 01', 'TOSHIBA', 850, 'MC 01|TOSHIBA|850 TON', 1, NULL, '2026-02-03 03:34:13', '2026-02-03 03:34:13'),
(37, 'MC 02|KAWAGUCHI|650 TON', 'MC 02', 'KAWAGUCHI', 650, 'MC 02|KAWAGUCHI|650 TON', 1, NULL, '2026-02-03 03:34:13', '2026-02-03 03:34:13'),
(38, 'MC 03|YIZUMI|650 TON', 'MC 03', 'YIZUMI', 650, 'MC 03|YIZUMI|650 TON', 1, NULL, '2026-02-03 03:34:13', '2026-02-03 03:34:13'),
(39, 'MC 04|YIZUMI|650 TON', 'MC 04', 'YIZUMI', 650, 'MC 04|YIZUMI|650 TON', 1, NULL, '2026-02-03 03:34:13', '2026-02-04 06:37:48'),
(40, 'MC 05|NIGATA|650 TON', 'MC 05', 'NIGATA', 650, 'MC 05|NIGATA|650 TON', 1, NULL, '2026-02-03 03:34:13', '2026-02-03 03:34:13'),
(41, 'MC 06|KAWAGUCHI|650 TON', 'MC 06', 'KAWAGUCHI', 650, 'MC 06|KAWAGUCHI|650 TON', 1, NULL, '2026-02-03 03:34:13', '2026-02-03 03:34:13'),
(42, 'MC 07|KAWAGUCHI|650 TON', 'MC 07', 'KAWAGUCHI', 650, 'MC 07|KAWAGUCHI|650 TON', 1, NULL, '2026-02-03 03:34:13', '2026-02-03 03:34:13'),
(43, 'MC 08|KAWAGUCHI|650 TON', 'MC 08', 'KAWAGUCHI', 650, 'MC 08|KAWAGUCHI|650 TON', 1, NULL, '2026-02-03 03:34:13', '2026-02-03 03:34:13'),
(44, 'MC 09 |TOSHIBA|650 TON', 'MC 09 ', 'TOSHIBA', 650, 'MC 09 |TOSHIBA|650 TON', 1, NULL, '2026-02-03 03:34:13', '2026-02-03 03:34:13'),
(45, 'MC 10 |HAITIAN|700 TON', 'MC 10 ', 'HAITIAN', 700, 'MC 10 |HAITIAN|700 TON', 1, NULL, '2026-02-03 03:34:13', '2026-02-03 03:34:13'),
(46, 'MC 11|JSW|650 TON', 'MC 11', 'JSW', 650, 'MC 11|JSW|650 TON', 1, NULL, '2026-02-03 03:34:13', '2026-02-03 03:34:13'),
(47, 'MC 12|TOSHIBA|1050 TON', 'MC 12', 'TOSHIBA', 1050, 'MC 12|TOSHIBA|1050 TON', 1, NULL, '2026-02-03 03:34:13', '2026-02-03 03:34:13'),
(48, 'MC 13|TOSHIBA|1050 TON', 'MC 13', 'TOSHIBA', 1050, 'MC 13|TOSHIBA|1050 TON', 1, NULL, '2026-02-03 03:34:13', '2026-02-03 03:34:13'),
(49, 'MC 14|JSW|450 TON', 'MC 14', 'JSW', 450, 'MC 14|JSW|450 TON', 1, NULL, '2026-02-03 03:34:13', '2026-02-03 03:34:13'),
(50, 'MC 15|JSW|450 TON', 'MC 15', 'JSW', 450, 'MC 15|JSW|450 TON', 1, NULL, '2026-02-03 03:34:13', '2026-02-03 03:34:13'),
(51, 'MC 16 |NISSEI|290 TON', 'MC 16 ', 'NISSEI', 290, 'MC 16 |NISSEI|290 TON', 1, NULL, '2026-02-03 03:34:13', '2026-02-03 03:34:13'),
(52, 'MC 17|JSW|350 TON', 'MC 17', 'JSW', 350, 'MC 17|JSW|350 TON', 1, NULL, '2026-02-03 03:34:13', '2026-02-03 03:34:13'),
(53, 'MC 18|JSW|350 TON', 'MC 18', 'JSW', 350, 'MC 18|JSW|350 TON', 1, NULL, '2026-02-03 03:34:13', '2026-02-03 03:34:13'),
(54, 'MC 19|TOSIBHA|450 TON', 'MC 19', 'TOSIBHA', 450, 'MC 19|TOSIBHA|450 TON', 1, NULL, '2026-02-03 03:34:13', '2026-02-03 03:34:13'),
(55, 'MC 20|JSW|450 TON', 'MC 20', 'JSW', 450, 'MC 20|JSW|450 TON', 1, NULL, '2026-02-03 03:34:13', '2026-02-03 03:34:13'),
(56, 'MC 21|TOSHIBA|450 TON', 'MC 21', 'TOSHIBA', 450, 'MC 21|TOSHIBA|450 TON', 1, NULL, '2026-02-03 03:34:13', '2026-02-03 03:34:13'),
(57, 'MC 22|KAWAGUCHI|450 TON', 'MC 22', 'KAWAGUCHI', 450, 'MC 22|KAWAGUCHI|450 TON', 1, NULL, '2026-02-03 03:34:13', '2026-02-03 03:34:13'),
(58, 'MC 23|TOSHIBA|450 TON', 'MC 23', 'TOSHIBA', 450, 'MC 23|TOSHIBA|450 TON', 1, NULL, '2026-02-03 03:34:13', '2026-02-03 03:34:13'),
(59, 'MC 24|NISSEI|350 TON', 'MC 24', 'NISSEI', 350, 'MC 24|NISSEI|350 TON', 1, NULL, '2026-02-03 03:34:13', '2026-02-03 03:34:13'),
(60, 'MC 25|JSW|450 TON', 'MC 25', 'JSW', 450, 'MC 25|JSW|450 TON', 1, NULL, '2026-02-03 03:34:13', '2026-02-03 03:34:13'),
(61, 'MC 26|TOSHIBA|450 TON', 'MC 26', 'TOSHIBA', 450, 'MC 26|TOSHIBA|450 TON', 1, NULL, '2026-02-03 03:34:13', '2026-02-03 03:34:13'),
(62, 'MC 27 |YIZUMI|400 TON', 'MC 27 ', 'YIZUMI', 400, 'MC 27 |YIZUMI|400 TON', 1, NULL, '2026-02-03 03:34:13', '2026-02-03 03:34:13'),
(63, 'MC 28|YIZUMI|260 TON', 'MC 28', 'YIZUMI', 260, 'MC 28|YIZUMI|260 TON', 1, NULL, '2026-02-03 03:34:13', '2026-02-03 03:34:13'),
(64, 'MC 29|TOP|260 TON', 'MC 29', 'TOP', 260, 'MC 29|TOP|260 TON', 1, NULL, '2026-02-03 03:34:13', '2026-02-03 03:34:13'),
(65, 'MC 30|YIZUMI|160 TON', 'MC 30', 'YIZUMI', 160, 'MC 30|YIZUMI|160 TON', 1, NULL, '2026-02-03 03:34:13', '2026-02-03 03:34:13'),
(66, 'MC 31|TOSIBHA|1300 TON', 'MC 31', 'TOSIBHA', 1300, 'MC 31|TOSIBHA|1300 TON', 1, NULL, '2026-02-03 03:34:13', '2026-02-03 03:34:13'),
(67, 'MC 32|TOSIBHA|450 TON', 'MC 32', 'TOSIBHA', 450, 'MC 32|TOSIBHA|450 TON', 1, NULL, '2026-02-03 03:34:13', '2026-02-03 03:34:13'),
(68, 'MC 33|JSW|350 TON', 'MC 33', 'JSW', 350, 'MC 33|JSW|350 TON', 1, NULL, '2026-02-03 03:34:13', '2026-02-03 03:34:13'),
(69, 'MC 34|YIZUMI|1100 TON', 'MC 34', 'YIZUMI', 1100, 'MC 34|YIZUMI|1100 TON', 1, NULL, '2026-02-03 03:34:13', '2026-02-03 03:34:13'),
(70, 'MC 35|YIZUMI|1101 TON', 'MC 35', 'YIZUMI', 1101, 'MC 35|YIZUMI|1101 TON', 1, NULL, '2026-02-03 03:34:13', '2026-02-03 03:34:13');

-- --------------------------------------------------------

--
-- Table structure for table `m_mold`
--

CREATE TABLE `m_mold` (
  `id` bigint UNSIGNED NOT NULL,
  `mold_id` varchar(255) COLLATE utf8mb4_unicode_ci DEFAULT NULL,
  `perusahaan_id` bigint UNSIGNED DEFAULT NULL,
  `part_id` bigint UNSIGNED DEFAULT NULL,
  `kode_mold` varchar(255) COLLATE utf8mb4_unicode_ci DEFAULT NULL,
  `nomor_mold` varchar(255) COLLATE utf8mb4_unicode_ci DEFAULT NULL,
  `cavity` int NOT NULL DEFAULT '0',
  `cycle_time` decimal(8,2) DEFAULT NULL,
  `capacity` int DEFAULT NULL,
  `lokasi_mold` varchar(255) COLLATE utf8mb4_unicode_ci DEFAULT NULL,
  `tipe_mold` varchar(255) COLLATE utf8mb4_unicode_ci DEFAULT NULL,
  `material_resin` varchar(255) COLLATE utf8mb4_unicode_ci DEFAULT NULL,
  `warna_produk` varchar(255) COLLATE utf8mb4_unicode_ci DEFAULT NULL,
  `status` tinyint(1) NOT NULL DEFAULT '1',
  `created_at` timestamp NULL DEFAULT NULL,
  `updated_at` timestamp NULL DEFAULT NULL,
  `deleted_at` timestamp NULL DEFAULT NULL
) ENGINE=InnoDB DEFAULT CHARSET=utf8mb4 COLLATE=utf8mb4_unicode_ci;

--
-- Dumping data for table `m_mold`
--

INSERT INTO `m_mold` (`id`, `mold_id`, `perusahaan_id`, `part_id`, `kode_mold`, `nomor_mold`, `cavity`, `cycle_time`, `capacity`, `lokasi_mold`, `tipe_mold`, `material_resin`, `warna_produk`, `status`, `created_at`, `updated_at`, `deleted_at`) VALUES
(128, 'COVER ASSY,ENG TOP||A1', 4, 1, 'A1', NULL, 1, NULL, NULL, NULL, NULL, NULL, NULL, 1, '2026-02-03 06:11:00', '2026-02-03 06:11:00', NULL),
(129, 'BASE ASSY,RADIATOR||A2', 4, 2, 'A2', NULL, 1, NULL, NULL, NULL, NULL, NULL, NULL, 1, '2026-02-03 06:11:00', '2026-02-03 06:11:00', NULL),
(130, 'COVER COMP,RADIATOR||A3', 4, 3, 'A3', NULL, 1, NULL, NULL, NULL, NULL, NULL, NULL, 1, '2026-02-03 06:11:00', '2026-02-03 06:11:00', NULL),
(131, 'COVER,HANDLE RR SET MBNH-1||A4', 4, 4, 'A4', NULL, 1, NULL, NULL, NULL, NULL, NULL, NULL, 1, '2026-02-03 06:11:00', '2026-02-03 06:11:00', NULL),
(132, 'COVER,FR TOP ASSY||A5', 4, 5, 'A5', NULL, 1, NULL, NULL, NULL, NULL, NULL, NULL, 1, '2026-02-03 06:11:00', '2026-02-03 06:11:00', NULL),
(133, 'BOX ASSY,BATTERY||A6', 4, 6, 'A6', NULL, 1, NULL, NULL, NULL, NULL, NULL, NULL, 1, '2026-02-03 06:11:00', '2026-02-03 06:11:00', NULL),
(134, 'LID ASSY,INNER POCKET||A7', 4, 7, 'A7', NULL, 1, NULL, NULL, NULL, NULL, NULL, NULL, 1, '2026-02-03 06:11:00', '2026-02-03 06:11:00', NULL),
(135, 'COVER,INNER LOWER SET||A8', 4, 8, 'A8', NULL, 1, NULL, NULL, NULL, NULL, NULL, NULL, 1, '2026-02-03 06:11:00', '2026-02-03 06:11:00', NULL),
(136, 'COVER,LUGGAGE BOX||A9', 4, 9, 'A9', NULL, 1, NULL, NULL, NULL, NULL, NULL, NULL, 1, '2026-02-03 06:11:00', '2026-02-03 06:11:00', NULL),
(137, 'SET ILLUS,RR CENTER COVER TYPE 1||A10', 4, 10, 'A10', NULL, 1, NULL, NULL, NULL, NULL, NULL, NULL, 1, '2026-02-03 06:11:00', '2026-02-03 06:11:00', NULL),
(138, 'COVER ASSY,FUEL TANK TYPE 2||A11', 4, 11, 'A11', NULL, 1, NULL, NULL, NULL, NULL, NULL, NULL, 1, '2026-02-03 06:11:00', '2026-02-03 06:11:00', NULL),
(139, 'BOX,BATTERY ASSY||A12', 4, 12, 'A12', NULL, 1, NULL, NULL, NULL, NULL, NULL, NULL, 1, '2026-02-03 06:11:00', '2026-02-03 06:11:00', NULL),
(140, 'COVER COMP,RADIATOR||A13', 4, 13, 'A13', NULL, 1, NULL, NULL, NULL, NULL, NULL, NULL, 1, '2026-02-03 06:11:00', '2026-02-03 06:11:00', NULL),
(141, 'COVER COMP,RADIATOR||A14', 4, 14, 'A14', NULL, 1, NULL, NULL, NULL, NULL, NULL, NULL, 1, '2026-02-03 06:11:00', '2026-02-03 06:11:00', NULL),
(142, 'GARNISH,FR||A15', 4, 15, 'A15', NULL, 1, NULL, NULL, NULL, NULL, NULL, NULL, 1, '2026-02-03 06:11:00', '2026-02-03 06:11:00', NULL),
(143, 'GARNISH,R FR||A16', 4, 16, 'A16', NULL, 1, NULL, NULL, NULL, NULL, NULL, NULL, 1, '2026-02-03 06:11:00', '2026-02-03 06:11:00', NULL),
(144, 'GARNISH,L FR||A17', 4, 17, 'A17', NULL, 1, NULL, NULL, NULL, NULL, NULL, NULL, 1, '2026-02-03 06:11:00', '2026-02-03 06:11:00', NULL),
(145, 'BOX INNER, UPPER||A18', 4, 18, 'A18', NULL, 1, NULL, NULL, NULL, NULL, NULL, NULL, 1, '2026-02-03 06:11:00', '2026-02-03 06:11:00', NULL),
(146, 'POCKET, R INNER ASSY||A19', 4, 19, 'A19', NULL, 1, NULL, NULL, NULL, NULL, NULL, NULL, 1, '2026-02-03 06:11:00', '2026-02-03 06:11:00', NULL),
(147, 'POCKET, L INNER ASSY||A20', 4, 20, 'A20', NULL, 1, NULL, NULL, NULL, NULL, NULL, NULL, 1, '2026-02-03 06:11:00', '2026-02-03 06:11:00', NULL),
(148, 'LID ASSY,INNER POCKET||A21', 4, 21, 'A21', NULL, 1, NULL, NULL, NULL, NULL, NULL, NULL, 1, '2026-02-03 06:11:00', '2026-02-03 06:11:00', NULL),
(149, 'COVER INNER ASSY||A22', 4, 22, 'A22', NULL, 1, NULL, NULL, NULL, NULL, NULL, NULL, 1, '2026-02-03 06:11:00', '2026-02-03 06:11:00', NULL),
(150, 'COVER ASSY,FUEL TANK||A23', 4, 23, 'A23', NULL, 1, NULL, NULL, NULL, NULL, NULL, NULL, 1, '2026-02-03 06:11:00', '2026-02-03 06:11:00', NULL),
(151, 'COVER, FUEL TANK ASSY SET TYPE 2||A24', 4, 24, 'A24', NULL, 1, NULL, NULL, NULL, NULL, NULL, NULL, 1, '2026-02-03 06:11:00', '2026-02-03 06:11:00', NULL),
(152, 'BOX BATTERY ASSY||A25', 4, 25, 'A25', NULL, 1, NULL, NULL, NULL, NULL, NULL, NULL, 1, '2026-02-03 06:11:00', '2026-02-03 06:11:00', NULL),
(153, 'BOX ASSY,BATTERY||A26', 4, 26, 'A26', NULL, 1, NULL, NULL, NULL, NULL, NULL, NULL, 1, '2026-02-03 06:11:00', '2026-02-03 06:11:00', NULL),
(154, 'COVER,UNDER||A27', 4, 27, 'A27', NULL, 1, NULL, NULL, NULL, NULL, NULL, NULL, 1, '2026-02-03 06:11:00', '2026-02-03 06:11:00', NULL),
(155, 'LID,SMART EMERGENCY||A28', 4, 28, 'A28', NULL, 1, NULL, NULL, NULL, NULL, NULL, NULL, 1, '2026-02-03 06:11:00', '2026-02-03 06:11:00', NULL),
(156, 'GARNISH,R FR||A29', 4, 29, 'A29', NULL, 1, NULL, NULL, NULL, NULL, NULL, NULL, 1, '2026-02-03 06:11:00', '2026-02-03 06:11:00', NULL),
(157, 'GARNISH,L FR||A30', 4, 30, 'A30', NULL, 1, NULL, NULL, NULL, NULL, NULL, NULL, 1, '2026-02-03 06:11:00', '2026-02-03 06:11:00', NULL),
(158, 'COVER INNER LOWER ASSY||A31', 4, 31, 'A31', NULL, 1, NULL, NULL, NULL, NULL, NULL, NULL, 1, '2026-02-03 06:11:00', '2026-02-03 06:11:00', NULL),
(159, 'COVER, FUEL TANK||A32', 4, 32, 'A32', NULL, 1, NULL, NULL, NULL, NULL, NULL, NULL, 1, '2026-02-03 06:11:00', '2026-02-03 06:11:00', NULL),
(160, 'COVER HANDLE RR ASSY||A33', 4, 33, 'A33', NULL, 1, NULL, NULL, NULL, NULL, NULL, NULL, 1, '2026-02-03 06:11:00', '2026-02-03 06:11:00', NULL),
(161, 'COVER,FUEL TANK||A34', 4, 34, 'A34', NULL, 1, NULL, NULL, NULL, NULL, NULL, NULL, 1, '2026-02-03 06:11:00', '2026-02-03 06:11:00', NULL),
(162, 'COVER, FUEL TANK ASSY||A35', 4, 35, 'A35', NULL, 1, NULL, NULL, NULL, NULL, NULL, NULL, 1, '2026-02-03 06:11:00', '2026-02-03 06:11:00', NULL),
(163, 'COVER,FR TOP||A36', 4, 36, 'A36', NULL, 1, NULL, NULL, NULL, NULL, NULL, NULL, 1, '2026-02-03 06:11:00', '2026-02-03 06:11:00', NULL),
(164, 'BOX COMP,BATTERY||A37', 4, 37, 'A37', NULL, 1, NULL, NULL, NULL, NULL, NULL, NULL, 1, '2026-02-03 06:11:00', '2026-02-03 06:11:00', NULL),
(165, 'COVER,UNDER||A38', 4, 38, 'A38', NULL, 1, NULL, NULL, NULL, NULL, NULL, NULL, 1, '2026-02-03 06:11:00', '2026-02-03 06:11:00', NULL),
(166, 'COVER,RR CENTER LOWER||A39', 4, 39, 'A39', NULL, 1, NULL, NULL, NULL, NULL, NULL, NULL, 1, '2026-02-03 06:11:00', '2026-02-03 06:11:00', NULL),
(167, 'COVER, FUEL TANK ASSY TYPE 2||A40', 4, 40, 'A40', NULL, 1, NULL, NULL, NULL, NULL, NULL, NULL, 1, '2026-02-03 06:11:00', '2026-02-03 06:11:00', NULL),
(168, 'BOX D||A41', 4, 41, 'A41', NULL, 1, NULL, NULL, NULL, NULL, NULL, NULL, 1, '2026-02-03 06:11:00', '2026-02-03 06:11:00', NULL),
(169, 'PANEL METER ASSY||A42', 4, 42, 'A42', NULL, 1, NULL, NULL, NULL, NULL, NULL, NULL, 1, '2026-02-03 06:11:00', '2026-02-03 06:11:00', NULL),
(170, 'TRAY,FUEL ASSY||A43', 4, 43, 'A43', NULL, 1, NULL, NULL, NULL, NULL, NULL, NULL, 1, '2026-02-03 06:11:00', '2026-02-03 06:11:00', NULL),
(171, 'MAT R,FR FLOOR||A44', 4, 44, 'A44', NULL, 1, NULL, NULL, NULL, NULL, NULL, NULL, 1, '2026-02-03 06:11:00', '2026-02-03 06:11:00', NULL),
(172, 'MAT L,FR FLOOR||A45', 4, 45, 'A45', NULL, 1, NULL, NULL, NULL, NULL, NULL, NULL, 1, '2026-02-03 06:11:00', '2026-02-03 06:11:00', NULL),
(173, 'MAT R,RR FLOOR||A46', 4, 46, 'A46', NULL, 1, NULL, NULL, NULL, NULL, NULL, NULL, 1, '2026-02-03 06:11:00', '2026-02-03 06:11:00', NULL),
(174, 'MAT L,RR FLOOR||A47', 4, 47, 'A47', NULL, 1, NULL, NULL, NULL, NULL, NULL, NULL, 1, '2026-02-03 06:11:00', '2026-02-03 06:11:00', NULL),
(175, 'PANEL,FR METER ASSY||A48', 4, 48, 'A48', NULL, 1, NULL, NULL, NULL, NULL, NULL, NULL, 1, '2026-02-03 06:11:00', '2026-02-03 06:11:00', NULL),
(176, 'COVER,RR CENTER, ASSY TYPE 1||A49', 4, 49, 'A49', NULL, 1, NULL, NULL, NULL, NULL, NULL, NULL, 1, '2026-02-03 06:11:00', '2026-02-03 06:11:00', NULL),
(177, 'BOX,BATTERY ASSY||A50', 4, 50, 'A50', NULL, 1, NULL, NULL, NULL, NULL, NULL, NULL, 1, '2026-02-03 06:11:00', '2026-02-03 06:11:00', NULL),
(178, 'COVER,FR LOWER||A51', 4, 51, 'A51', NULL, 1, NULL, NULL, NULL, NULL, NULL, NULL, 1, '2026-02-03 06:11:00', '2026-02-03 06:11:00', NULL),
(179, 'COVER ASSY FUEL TANK||A52', 4, 52, 'A52', NULL, 1, NULL, NULL, NULL, NULL, NULL, NULL, 1, '2026-02-03 06:11:00', '2026-02-03 06:11:00', NULL),
(180, 'PANEL,METER||A53', 4, 53, 'A53', NULL, 1, NULL, NULL, NULL, NULL, NULL, NULL, 1, '2026-02-03 06:11:00', '2026-02-03 06:11:00', NULL),
(181, 'COVER,METER||A54', 4, 54, 'A54', NULL, 1, NULL, NULL, NULL, NULL, NULL, NULL, 1, '2026-02-03 06:11:00', '2026-02-03 06:11:00', NULL),
(182, 'COVER,INNER LOWER||A55', 4, 55, 'A55', NULL, 1, NULL, NULL, NULL, NULL, NULL, NULL, 1, '2026-02-03 06:11:00', '2026-02-03 06:11:00', NULL),
(183, 'POCKET, R INNER ASSY||A56', 4, 56, 'A56', NULL, 1, NULL, NULL, NULL, NULL, NULL, NULL, 1, '2026-02-03 06:11:00', '2026-02-03 06:11:00', NULL),
(184, 'COVER,HANDLE RR||A57', 4, 57, 'A57', NULL, 1, NULL, NULL, NULL, NULL, NULL, NULL, 1, '2026-02-03 06:11:00', '2026-02-03 06:11:00', NULL),
(185, 'BRKT,FR TOP COVER||A58', 4, 58, 'A58', NULL, 1, NULL, NULL, NULL, NULL, NULL, NULL, 1, '2026-02-03 06:11:00', '2026-02-03 06:11:00', NULL),
(186, 'CASE,BATTERY ASSY||A59', 4, 59, 'A59', NULL, 1, NULL, NULL, NULL, NULL, NULL, NULL, 1, '2026-02-03 06:11:00', '2026-02-03 06:11:00', NULL),
(187, 'COVER,R FR SIDE||A60', 4, 60, 'A60', NULL, 1, NULL, NULL, NULL, NULL, NULL, NULL, 1, '2026-02-03 06:11:00', '2026-02-03 06:11:00', NULL),
(188, 'COVER,L FR SIDE||A61', 4, 61, 'A61', NULL, 1, NULL, NULL, NULL, NULL, NULL, NULL, 1, '2026-02-03 06:11:00', '2026-02-03 06:11:00', NULL),
(189, 'COVER,INNER||A62', 4, 62, 'A62', NULL, 1, NULL, NULL, NULL, NULL, NULL, NULL, 1, '2026-02-03 06:11:00', '2026-02-03 06:11:00', NULL),
(190, 'COVER,RR CENTER LOWER||A63', 4, 63, 'A63', NULL, 1, NULL, NULL, NULL, NULL, NULL, NULL, 1, '2026-02-03 06:11:00', '2026-02-03 06:11:00', NULL),
(191, 'COVER CENTER||A64', 4, 64, 'A64', NULL, 1, NULL, NULL, NULL, NULL, NULL, NULL, 1, '2026-02-03 06:11:00', '2026-02-03 06:11:00', NULL),
(192, 'TRIM,FRONT PILLER,R||A65', 29, 65, 'A65', NULL, 1, NULL, NULL, NULL, NULL, NULL, NULL, 1, '2026-02-03 06:11:00', '2026-02-03 06:11:00', NULL),
(193, 'TRIM,FRONT PILLER,L||A66', 29, 66, 'A66', NULL, 1, NULL, NULL, NULL, NULL, NULL, NULL, 1, '2026-02-03 06:11:00', '2026-02-03 06:11:00', NULL),
(194, 'TRIM ASSY,FRONT PILLAR,R||A67', 29, 67, 'A67', NULL, 1, NULL, NULL, NULL, NULL, NULL, NULL, 1, '2026-02-03 06:11:00', '2026-02-03 06:11:00', NULL),
(195, 'TRIM ASSY,FRONT PILLAR,L||A68', 29, 68, 'A68', NULL, 1, NULL, NULL, NULL, NULL, NULL, NULL, 1, '2026-02-03 06:11:00', '2026-02-03 06:11:00', NULL),
(196, 'TRIM,REAR PILLAR UPPER,R||A69', 29, 69, 'A69', NULL, 1, NULL, NULL, NULL, NULL, NULL, NULL, 1, '2026-02-03 06:11:00', '2026-02-03 06:11:00', NULL),
(197, 'TRIM,REAR PILLAR UPPER,L||A70', 29, 70, 'A70', NULL, 1, NULL, NULL, NULL, NULL, NULL, NULL, 1, '2026-02-03 06:11:00', '2026-02-03 06:11:00', NULL),
(198, 'TRIM ASSY,REAR PILLAR UPPER,R||A71', 29, 71, 'A71', NULL, 1, NULL, NULL, NULL, NULL, NULL, NULL, 1, '2026-02-03 06:11:00', '2026-02-03 06:11:00', NULL),
(199, 'TRIM ASSY,REAR PILLAR UPPER,L||A72', 29, 72, 'A72', NULL, 1, NULL, NULL, NULL, NULL, NULL, NULL, 1, '2026-02-03 06:11:00', '2026-02-03 06:11:00', NULL),
(200, 'TRIM COMP BACK PILLAR UPR RH||A73', 29, 73, 'A73', NULL, 1, NULL, NULL, NULL, NULL, NULL, NULL, 1, '2026-02-03 06:11:00', '2026-02-03 06:11:00', NULL),
(201, 'TRIM COMP BACK PILLAR UPR LH||A74', 29, 74, 'A74', NULL, 1, NULL, NULL, NULL, NULL, NULL, NULL, 1, '2026-02-03 06:11:00', '2026-02-03 06:11:00', NULL),
(202, 'TRIM COMP BACK PILLAR UPR RH||A75', 29, 75, 'A75', NULL, 1, NULL, NULL, NULL, NULL, NULL, NULL, 1, '2026-02-03 06:11:00', '2026-02-03 06:11:00', NULL),
(203, 'TRIM COMP BACK PILLAR UPR LH||A76', 29, 76, 'A76', NULL, 1, NULL, NULL, NULL, NULL, NULL, NULL, 1, '2026-02-03 06:11:00', '2026-02-03 06:11:00', NULL),
(204, 'PLATE RR DOOR SCUFF RH DG F/T||A77', 29, 77, 'A77', NULL, 1, NULL, NULL, NULL, NULL, NULL, NULL, 1, '2026-02-03 06:11:00', '2026-02-03 06:11:00', NULL),
(205, 'PLATE RR DOOR SCUFF LH DG F/T||A78', 29, 78, 'A78', NULL, 1, NULL, NULL, NULL, NULL, NULL, NULL, 1, '2026-02-03 06:11:00', '2026-02-03 06:11:00', NULL),
(206, 'PLATE RR DOOR SCUFF RH DG S/T||A79', 29, 79, 'A79', NULL, 1, NULL, NULL, NULL, NULL, NULL, NULL, 1, '2026-02-03 06:11:00', '2026-02-03 06:11:00', NULL),
(207, 'PLATE RR DOOR SCUFF LH DG S/T||A80', 29, 80, 'A80', NULL, 1, NULL, NULL, NULL, NULL, NULL, NULL, 1, '2026-02-03 06:11:00', '2026-02-03 06:11:00', NULL),
(208, 'PLATE RR DOOR SCUFF RH F/T RT45||A81', 29, 81, 'A81', NULL, 1, NULL, NULL, NULL, NULL, NULL, NULL, 1, '2026-02-03 06:11:00', '2026-02-03 06:11:00', NULL),
(209, 'PLATE RR DOOR SCUFF LH F/T RT45||A82', 29, 82, 'A82', NULL, 1, NULL, NULL, NULL, NULL, NULL, NULL, 1, '2026-02-03 06:11:00', '2026-02-03 06:11:00', NULL),
(210, 'PLATE RR DOOR SCUFF RH DG RT45 S/T||A83', 29, 83, 'A83', NULL, 1, NULL, NULL, NULL, NULL, NULL, NULL, 1, '2026-02-03 06:11:00', '2026-02-03 06:11:00', NULL),
(211, 'PLATE RR DOOR SCUFF LH DG RT45 S/T||A84', 29, 84, 'A84', NULL, 1, NULL, NULL, NULL, NULL, NULL, NULL, 1, '2026-02-03 06:11:00', '2026-02-03 06:11:00', NULL),
(212, 'BOARD, CTR PILLAR GARNISH, RH||A85', 29, 85, 'A85', NULL, 1, NULL, NULL, NULL, NULL, NULL, NULL, 1, '2026-02-03 06:11:00', '2026-02-03 06:11:00', NULL),
(213, 'BOARD, CTR PILLAR GARNISH, LH||A86', 29, 86, 'A86', NULL, 1, NULL, NULL, NULL, NULL, NULL, NULL, 1, '2026-02-03 06:11:00', '2026-02-03 06:11:00', NULL),
(214, 'GARNISH, CTR PILLAR, RH||A87', 29, 87, 'A87', NULL, 1, NULL, NULL, NULL, NULL, NULL, NULL, 1, '2026-02-03 06:11:00', '2026-02-03 06:11:00', NULL),
(215, 'GARNISH, CTR PILLAR, LH||A88', 29, 88, 'A88', NULL, 1, NULL, NULL, NULL, NULL, NULL, NULL, 1, '2026-02-03 06:11:00', '2026-02-03 06:11:00', NULL),
(216, 'GARNISH, BACK DOOR SIDE, RH||A89', 29, 89, 'A89', NULL, 1, NULL, NULL, NULL, NULL, NULL, NULL, 1, '2026-02-03 06:11:00', '2026-02-03 06:11:00', NULL),
(217, 'GARNISH, BACK DOOR SIDE, LH||A90', 29, 90, 'A90', NULL, 1, NULL, NULL, NULL, NULL, NULL, NULL, 1, '2026-02-03 06:11:00', '2026-02-03 06:11:00', NULL),
(218, 'GARNISH, BACK DOOR SIDE, RH||A91', 29, 91, 'A91', NULL, 1, NULL, NULL, NULL, NULL, NULL, NULL, 1, '2026-02-03 06:11:00', '2026-02-03 06:11:00', NULL),
(219, 'GARNISH, BACK DOOR SIDE, LH||A92', 29, 92, 'A92', NULL, 1, NULL, NULL, NULL, NULL, NULL, NULL, 1, '2026-02-03 06:11:00', '2026-02-03 06:11:00', NULL),
(220, 'INSERT, DOOR ARM FR RH||A93', 29, 93, 'A93', NULL, 1, NULL, NULL, NULL, NULL, NULL, NULL, 1, '2026-02-03 06:11:00', '2026-02-03 06:11:00', NULL),
(221, 'INSERT, DOOR ARM FR LH||A94', 29, 94, 'A94', NULL, 1, NULL, NULL, NULL, NULL, NULL, NULL, 1, '2026-02-03 06:11:00', '2026-02-03 06:11:00', NULL),
(222, 'INSERT, DOOR ARM RR RH||A95', 29, 95, 'A95', NULL, 1, NULL, NULL, NULL, NULL, NULL, NULL, 1, '2026-02-03 06:11:00', '2026-02-03 06:11:00', NULL),
(223, 'INSERT, DOOR ARM RR LH||A96', 29, 96, 'A96', NULL, 1, NULL, NULL, NULL, NULL, NULL, NULL, 1, '2026-02-03 06:11:00', '2026-02-03 06:11:00', NULL),
(224, 'PLATE DOOR ARMREST NO.1||A97', 29, 97, 'A97', NULL, 1, NULL, NULL, NULL, NULL, NULL, NULL, 1, '2026-02-03 06:11:00', '2026-02-03 06:11:00', NULL),
(225, 'PLATE DOOR ARMREST NO.2||A98', 29, 98, 'A98', NULL, 1, NULL, NULL, NULL, NULL, NULL, NULL, 1, '2026-02-03 06:11:00', '2026-02-03 06:11:00', NULL),
(226, 'DOOR, CONSOLE COMPARTMENT, INNER||A99', 29, 99, 'A99', NULL, 1, NULL, NULL, NULL, NULL, NULL, NULL, 1, '2026-02-03 06:11:00', '2026-02-03 06:11:00', NULL),
(227, 'DOOR, CONSOLE COMPARTMENT, OUTER||A100', 29, 100, 'A100', NULL, 1, NULL, NULL, NULL, NULL, NULL, NULL, 1, '2026-02-03 06:11:00', '2026-02-03 06:11:00', NULL),
(228, 'RETAINER, ROOF HEADLINING||A101', 29, 101, 'A101', NULL, 1, NULL, NULL, NULL, NULL, NULL, NULL, 1, '2026-02-03 06:11:00', '2026-02-03 06:11:00', NULL),
(229, 'RETAINER, ROOF HEADLINING||A102', 29, 102, 'A102', NULL, 1, NULL, NULL, NULL, NULL, NULL, NULL, 1, '2026-02-03 06:11:00', '2026-02-03 06:11:00', NULL),
(230, 'PLATE, ROOF HEADLINING SET, NO.1 RH||A103', 29, 103, 'A103', NULL, 1, NULL, NULL, NULL, NULL, NULL, NULL, 1, '2026-02-03 06:11:00', '2026-02-03 06:11:00', NULL),
(231, 'PLATE, ROOF HEADLINING SET, NO.1 LH||A104', 29, 104, 'A104', NULL, 1, NULL, NULL, NULL, NULL, NULL, NULL, 1, '2026-02-03 06:11:00', '2026-02-03 06:11:00', NULL),
(232, 'RETAINER, ROOF HEADLINING TRIM FR RH||A105', 29, 105, 'A105', NULL, 1, NULL, NULL, NULL, NULL, NULL, NULL, 1, '2026-02-03 06:11:00', '2026-02-03 06:11:00', NULL),
(233, 'RETAINER, ROOF HEADLINING TRIM FR LH||A106', 29, 106, 'A106', NULL, 1, NULL, NULL, NULL, NULL, NULL, NULL, 1, '2026-02-03 06:11:00', '2026-02-03 06:11:00', NULL),
(234, 'RETAINER, ROOF HEADLINING TRIM RR RH||A107', 29, 107, 'A107', NULL, 1, NULL, NULL, NULL, NULL, NULL, NULL, 1, '2026-02-03 06:11:00', '2026-02-03 06:11:00', NULL),
(235, 'RETAINER, ROOF HEADLINING TRIM RR LH||A108', 29, 108, 'A108', NULL, 1, NULL, NULL, NULL, NULL, NULL, NULL, 1, '2026-02-03 06:11:00', '2026-02-03 06:11:00', NULL),
(236, 'RETAINER, ROOF HEADLINING TRIM SIDE RH||A109', 29, 109, 'A109', NULL, 1, NULL, NULL, NULL, NULL, NULL, NULL, 1, '2026-02-03 06:11:00', '2026-02-03 06:11:00', NULL),
(237, 'RETAINER, ROOF HEADLINING TRIM SIDE LH||A110', 29, 110, 'A110', NULL, 1, NULL, NULL, NULL, NULL, NULL, NULL, 1, '2026-02-03 06:11:00', '2026-02-03 06:11:00', NULL),
(238, 'RETAINER COOLAR||A111', 29, 111, 'A111', NULL, 1, NULL, NULL, NULL, NULL, NULL, NULL, 1, '2026-02-03 06:11:00', '2026-02-03 06:11:00', NULL),
(239, 'RETAINER, ROOF HEADLINING TRIM FR||A112', 29, 112, 'A112', NULL, 1, NULL, NULL, NULL, NULL, NULL, NULL, 1, '2026-02-03 06:11:00', '2026-02-03 06:11:00', NULL),
(240, 'RETAINER, ROOF HEADLINING TRIM RR||A113', 29, 113, 'A113', NULL, 1, NULL, NULL, NULL, NULL, NULL, NULL, 1, '2026-02-03 06:11:00', '2026-02-03 06:11:00', NULL),
(241, 'MOLDING, CONS COMP DOOR RHD||A114', 29, 114, 'A114', NULL, 1, NULL, NULL, NULL, NULL, NULL, NULL, 1, '2026-02-03 06:11:00', '2026-02-03 06:11:00', NULL),
(242, 'MOLDING, CONS COMP DOOR LHD||A115', 29, 115, 'A115', NULL, 1, NULL, NULL, NULL, NULL, NULL, NULL, 1, '2026-02-03 06:11:00', '2026-02-03 06:11:00', NULL),
(243, 'INSERT, RR DOOR ARMREST RH||A116', 29, 116, 'A116', NULL, 1, NULL, NULL, NULL, NULL, NULL, NULL, 1, '2026-02-03 06:11:00', '2026-02-03 06:11:00', NULL),
(244, 'INSERT, RR DOOR ARMREST LH||A117', 29, 117, 'A117', NULL, 1, NULL, NULL, NULL, NULL, NULL, NULL, 1, '2026-02-03 06:11:00', '2026-02-03 06:11:00', NULL),
(245, 'INSERT, FR DOOR ARMREST, RH||A118', 29, 118, 'A118', NULL, 1, NULL, NULL, NULL, NULL, NULL, NULL, 1, '2026-02-03 06:11:00', '2026-02-03 06:11:00', NULL),
(246, 'INSERT, FR DOOR ARMREST, LH||A119', 29, 119, 'A119', NULL, 1, NULL, NULL, NULL, NULL, NULL, NULL, 1, '2026-02-03 06:11:00', '2026-02-03 06:11:00', NULL),
(247, 'REINFORCE FR END||A120', 29, 120, 'A120', NULL, 1, NULL, NULL, NULL, NULL, NULL, NULL, 1, '2026-02-03 06:11:00', '2026-02-03 06:11:00', NULL),
(248, 'REINFORCE RR END||A121', 29, 121, 'A121', NULL, 1, NULL, NULL, NULL, NULL, NULL, NULL, 1, '2026-02-03 06:11:00', '2026-02-03 06:11:00', NULL),
(249, 'REINFORCE SIDE LH||A122', 29, 122, 'A122', NULL, 1, NULL, NULL, NULL, NULL, NULL, NULL, 1, '2026-02-03 06:11:00', '2026-02-03 06:11:00', NULL),
(250, 'REINFORCE SIDE RH||A123', 29, 123, 'A123', NULL, 1, NULL, NULL, NULL, NULL, NULL, NULL, 1, '2026-02-03 06:11:00', '2026-02-03 06:11:00', NULL),
(251, 'REINFORCE FR END||A124', 29, 124, 'A124', NULL, 1, NULL, NULL, NULL, NULL, NULL, NULL, 1, '2026-02-03 06:11:00', '2026-02-03 06:11:00', NULL),
(252, 'REINFORCE RR END||A125', 29, 125, 'A125', NULL, 1, NULL, NULL, NULL, NULL, NULL, NULL, 1, '2026-02-03 06:11:00', '2026-02-03 06:11:00', NULL),
(253, 'REINFORCE SIDE LH||A126', 29, 126, 'A126', NULL, 1, NULL, NULL, NULL, NULL, NULL, NULL, 1, '2026-02-03 06:11:00', '2026-02-03 06:11:00', NULL),
(254, 'REINFORCE SIDE RH||A127', 29, 127, 'A127', NULL, 1, NULL, NULL, NULL, NULL, NULL, NULL, 1, '2026-02-03 06:11:00', '2026-02-03 06:11:00', NULL);

-- --------------------------------------------------------

--
-- Table structure for table `m_perusahaan`
--

CREATE TABLE `m_perusahaan` (
  `id` bigint UNSIGNED NOT NULL,
  `nama_perusahaan` varchar(255) COLLATE utf8mb4_unicode_ci NOT NULL,
  `inisial_perusahaan` varchar(255) COLLATE utf8mb4_unicode_ci DEFAULT NULL,
  `jenis_perusahaan` varchar(255) COLLATE utf8mb4_unicode_ci NOT NULL,
  `customer_type` varchar(255) COLLATE utf8mb4_unicode_ci DEFAULT NULL,
  `kode_supplier` varchar(255) COLLATE utf8mb4_unicode_ci DEFAULT NULL,
  `alamat` text COLLATE utf8mb4_unicode_ci,
  `status` tinyint(1) NOT NULL DEFAULT '1',
  `deleted_at` timestamp NULL DEFAULT NULL,
  `created_at` timestamp NULL DEFAULT NULL,
  `updated_at` timestamp NULL DEFAULT NULL
) ENGINE=InnoDB DEFAULT CHARSET=utf8mb4 COLLATE=utf8mb4_unicode_ci;

--
-- Dumping data for table `m_perusahaan`
--

INSERT INTO `m_perusahaan` (`id`, `nama_perusahaan`, `inisial_perusahaan`, `jenis_perusahaan`, `customer_type`, `kode_supplier`, `alamat`, `status`, `deleted_at`, `created_at`, `updated_at`) VALUES
(1, 'TIDAK DIPAKAI', 'TD', 'Other', NULL, '10652', '', 1, NULL, '2026-02-03 02:39:42', '2026-02-03 02:39:42'),
(2, 'Alpha Automotive Indonesia, PT', 'AA', 'Customer', NULL, 'C00001', 'KAWASAN INDUSTRI KOTA BUKIT INDAH BLOK A-II NO 24 DANGDEUR BUNGUR SARI PURWAKARTA', 1, NULL, '2026-02-03 02:39:42', '2026-02-03 02:39:42'),
(3, 'Aneka Komkar Utama, PT', 'AKU', 'Customer', NULL, 'C00002', 'KP. LEDUG JL. GAJAH TUNGGAL NO 16 RT. 004/01 ALAM JAYA JATI UWUNG TANGGERANG', 1, NULL, '2026-02-03 02:39:42', '2026-02-03 02:39:42'),
(4, 'Astra Honda Motor, PT', 'AHM', 'Customer', NULL, 'C00003', 'jl. yos sudarso sunter I sunter jaya tanjung priok jakarta utara', 1, NULL, '2026-02-03 02:39:42', '2026-02-03 02:39:42'),
(5, 'Astra Juoku Indonesia, PT', 'AJ', 'Customer', NULL, 'C00004', 'KAWASAN INDUSTRI MITRA KARAWANG JL. MITRA TIMUR II BLOK D, 4,5,6,51,52,53 PARUNG MULYA KARAWANG', 1, NULL, '2026-02-03 02:39:42', '2026-02-03 02:39:42'),
(6, 'Astra Komponen Indonesia, PT', 'AK', 'Customer', NULL, 'C00005', 'JL. LANBAU RT. 005/.010 KARANGASEM BARAT,CITEUREUP KAB. BOGOR  16810', 1, NULL, '2026-02-03 02:39:42', '2026-02-03 02:39:42'),
(7, 'Astra Otoparts Tbk, PT (AWP)', 'AO(', 'Customer', NULL, 'C00006', 'Jl.Pegangsaan Dua KM. 2,2 Pegangsaan Dua  Jakarta Utara 14250', 1, NULL, '2026-02-03 02:39:42', '2026-02-03 02:39:42'),
(8, 'Astra Otoparts Tbk, PT (NM)', 'AO(1', 'Customer', NULL, 'C00007', 'Jl.Pegangsaan Dua KM. 2,2 Pegangsaan Dua   Jakarta Utara 14250', 1, NULL, '2026-02-03 02:39:42', '2026-02-03 02:39:42'),
(9, 'Bangun Mulya Abadi, PT', 'BMA', 'Customer', NULL, 'C00008', 'Jl.PANGKALAN RAYA KARADENAN CIBINONG BOGOR', 1, NULL, '2026-02-03 02:39:42', '2026-02-03 02:39:42'),
(10, 'Banshu Electric Indonesia, PT', 'BE', 'Customer', NULL, 'C00009', 'M GOLD TOWEROFFICE WING 18 TH FLOOR SUITE EFG,JALAN  KH NOER ALI PEKAYON JAYA BEKASI SELATAN', 1, NULL, '2026-02-03 02:39:42', '2026-02-03 02:39:42'),
(11, 'Berdikari Metal Engeneering, PT', 'BME', 'Customer', NULL, 'C00010', 'JL. INDUSTRI III NO 6 UTAMA-CIMAHI SELATAN  CIMAHI 40533', 1, NULL, '2026-02-03 02:39:42', '2026-02-03 02:39:42'),
(12, 'Bintang Matrix Indonesia, PT', 'BM', 'Customer', NULL, 'C00011', 'JL MADRASAH NO 96 RT 003 RW 003 CIKETINGUDIK BANTAR GEBANG KOTA BEKASI JAWABARAT', 1, NULL, '2026-02-03 02:39:42', '2026-02-03 02:39:42'),
(13, 'Casuarina Harnessindo, PT', 'CH', 'Customer', NULL, 'C00012', 'JL. JABABEKA XIV BLOK J NO.14  HAJAR MEKAR, CIKARANG UTARA, KAB. BEKASI, JAWA BARAT  INDONESIA', 1, NULL, '2026-02-03 02:39:42', '2026-02-03 02:39:42'),
(14, 'Chandra Nugerahcipta, PT', 'CN', 'Customer', NULL, 'C00013', 'KAWASAN INDUSTRI LIPPO CITY BLOK A8-1B DELTA SILICON SUKARESMI CIKARANG SELATAN', 1, NULL, '2026-02-03 02:39:42', '2026-02-03 02:39:42'),
(15, 'Chemco Harapan Nusantara, PT', 'CHN', 'Customer', NULL, 'C00014', 'KAWASAN INDUSTRI JABABEKA, JL. JABABEKA RAYA BLOK F 19-28,HARJA MEKAR,CIKARANG UTARA BEKASI  17530', 1, NULL, '2026-02-03 02:39:42', '2026-02-03 02:39:42'),
(16, 'Cipta Mandiri Wirasakti, PT', 'CMW', 'Customer', NULL, 'C00015', 'Pangkalan 8, Jl. Raya Narogong Km No.18, Jl. Aren No.23, Cileungsi, Bogor', 1, NULL, '2026-02-03 02:39:42', '2026-02-03 02:39:42'),
(17, 'Dharma Electrindo Manufacturing, PT', 'DEM', 'Customer', NULL, 'C00016', 'Jl. Jababeka XII Blok W No. 5A, Kws. Industri Jababeka I, Harjamekar - Cikarang Utara Bekasi 17530', 1, NULL, '2026-02-03 02:39:42', '2026-02-03 02:39:42'),
(18, 'DM-Indonesia, PT', 'D', 'Customer', NULL, 'C00017', 'JL. JABABEKA IV E BLOK V NO. 78 N KAWASAN INDUSTRI JABABEKA TAHAP I, PASIR GOMBONG, CIKARANG UTARA', 1, NULL, '2026-02-03 02:39:42', '2026-02-03 02:39:42'),
(19, 'Dynaplast, PT', 'D1', 'Customer', NULL, 'C00018', 'Menara Dynaplast Lt.9-10 Jl. M.H. Thamrin No.1 Lippo Karawaci,Kelapa dua,Kelapa Dua,tangerang', 1, NULL, '2026-02-03 02:39:42', '2026-02-03 02:39:42'),
(20, 'Galih Sekar Sakti, PT', 'GSS', 'Customer', NULL, 'C00019', 'JL.Raya Pajajaran Rt.001 Rw.004 Gandasari Jati Uwung tangerang Indonesia 15137', 1, NULL, '2026-02-03 02:39:42', '2026-02-03 02:39:42'),
(21, 'Gaya Motor, PT', 'GM', 'Customer', NULL, 'C00020', 'Jl. Gaya Motor Raya No.3 Sunter II   JAKARTA 14330 INDONESIA', 1, NULL, '2026-02-03 02:39:42', '2026-02-03 02:39:42'),
(22, 'HI- Lex Indonesia, PT', 'HL', 'Customer', NULL, 'C00021', 'Jln. Bouraq No.35 Kel. Karang Anyar Kec. Neglasari Kab. Tangerang Banten', 1, NULL, '2026-02-03 02:39:42', '2026-02-03 02:39:42'),
(23, 'Honda Power Products Production, PT', 'HPPP', 'Customer', NULL, 'C00022', 'JL. RAWA GELAM IV NO 14 KAWASAN INDUSTRI PULOGADUNG JATINEGARA CAKUNG JAKARTA TIMUR', 1, NULL, '2026-02-03 02:39:42', '2026-02-03 02:39:42'),
(24, 'Honda Trading Indonesia, PT', 'HT', 'Customer', NULL, 'C00023', 'Jl. Mitra Raya IV Blok L3-L4, Ciampel Karawang', 1, NULL, '2026-02-03 02:39:42', '2026-02-03 02:39:42'),
(25, 'Ichikoh Indonesia, PT', 'I', 'Customer', NULL, 'C00024', 'Kawasan industri MM2100 Blok LL-1 Cikarang Barat Bekasi', 1, NULL, '2026-02-03 02:39:42', '2026-02-03 02:39:42'),
(26, 'Indocipta Hasta Perkasa, PT', 'IHP', 'Customer', NULL, 'C00025', 'Jl. Pengairan, RT.002 RW.001 Sukadanau  Cikarang-Barat Kab.Bekasi 17520', 1, NULL, '2026-02-03 02:39:42', '2026-02-03 02:39:42'),
(27, 'Indoplat Perkasa Purnama, PT', 'IPP', 'Customer', NULL, 'C00026', 'JL. MANYAR II RT.002/015 TEGAL ALUR - KALIDERES JAKARTA BARAT', 1, NULL, '2026-02-03 02:39:42', '2026-02-03 02:39:42'),
(28, 'Indospray Perkasa, PT', 'IP', 'Customer', NULL, 'C00027', 'JL RAYA PANCAWATI KM 8,8 DESA PANCAWATI KEC. KLARI KAB. KARAWANG', 1, NULL, '2026-02-03 02:39:42', '2026-02-03 02:39:42'),
(29, 'Inoac polytechno Indonesia', 'IP1', 'Customer', NULL, 'C00028', 'KAWASAN BINTANG PUSPITA DWI KARYA WANASARI TELUK JAMBE BARAT KARAWANG JAWABARAT', 1, NULL, '2026-02-03 02:39:42', '2026-02-03 02:39:42'),
(30, 'Indonesia Nippon Seiki, PT', 'NS', 'Customer', NULL, 'C00029', 'JL UTAMA MODERN INDUSTRI BLOK E KAWASAN INDUSTRI MODERN CIKANDE BARENGKOK KIBIN SERANG BANTEN', 1, NULL, '2026-02-03 02:39:42', '2026-02-03 02:39:42'),
(31, 'Inti Teknik Presisi, PT', 'ITP', 'Customer', NULL, 'C00030', 'TAMAN RAYA BEKASI BLOK BB I NO 10 RT 013/021 MANGUN JAYA TAMBUN SELATAN', 1, NULL, '2026-02-03 02:39:42', '2026-02-03 02:39:42'),
(32, 'Karya Putra Sangkuriang, PT', 'KPS', 'Customer', NULL, 'C00031', 'Jl. Raya Cipacing KM. 20 Bojong Cipacing Jatinangor  Sumedang,  45363 Indonesia', 1, NULL, '2026-02-03 02:39:42', '2026-02-03 02:39:42'),
(33, 'Kasai Eck See Indonesia, PT', 'KES', 'Customer', NULL, 'C00032', 'Jl. MALIGI II, LOT C - 4 B, KAW. IND. KIIC SUKALUYU, TELUK JAMBE, KARAWANG  41361 INDONESIA', 1, NULL, '2026-02-03 02:39:42', '2026-02-03 02:39:42'),
(34, 'Karya Mekar Utama, PT', 'KMU', 'Customer', NULL, 'C00033', 'JL SEDERHANA NO 28 PASTEUR PASTEUR SUKAJADI BANDUNG', 1, NULL, '2026-02-03 02:39:42', '2026-02-03 02:39:42'),
(35, 'Nandya Karya Perkasa, PT', 'NKP', 'Customer', NULL, 'C00034', 'JL. KH UMAR KP RAWA LIAT RT 003/09 DAYEUH CILEUNGSI BOGOR', 1, NULL, '2026-02-03 02:39:42', '2026-02-03 02:39:42'),
(36, 'Nusa Keihin Indonesia, PT', 'NK', 'Customer', NULL, 'C00035', 'JL. SELAYAR II BLOK D7-1 KAWASAN INDUSTRI MM2100 CIKARANG BARAT - BEKASI  - 17848', 1, NULL, '2026-02-03 02:39:42', '2026-02-03 02:39:42'),
(37, 'Pricol Surya Indonesia, PT', 'PS', 'Customer', NULL, 'C00036', 'JL. PERMATA RAYA LOT FF 2 KAWASAN INDUSTRI KIIC KARAWANG 41361 INDONESIA', 1, NULL, '2026-02-03 02:39:42', '2026-02-03 02:39:42'),
(38, 'Roda Prima Lancar, PT', 'RPL', 'Customer', NULL, 'C00037', 'Jln. Gatot Subroto KM. 4 ( KOMP. Industri Kalisabi),  Jatiuwung, Cibodas Tangerang Banten 15134', 1, NULL, '2026-02-03 02:39:42', '2026-02-03 02:39:42'),
(39, 'Sanden Indonesia, PT', 'S', 'Customer', NULL, 'C00038', 'KAWASAN INDUSTRI TERPADU INDONESIA CHINA KAVLING NO 7A,8 SERANG BARU BEKASI', 1, NULL, '2026-02-03 02:39:42', '2026-02-03 02:39:42'),
(40, 'Saneng Industrial, PT', 'SI', 'Customer', NULL, 'C00039', 'DELTA SILICON INDUSTRIAL PARK BLOK L 5-02 LIPPO CIKARANG BEKASI', 1, NULL, '2026-02-03 02:39:42', '2026-02-03 02:39:42'),
(41, 'Seoul Press Indonesia, PT', 'SP', 'Customer', NULL, 'C00040', 'JL JABABEKA II G BLOK CC NO 23-24 KAWASAN INDUSTRI JABABEKA CIKARANG PASIR GOMBONG CIKARANG UTARA', 1, NULL, '2026-02-03 02:39:42', '2026-02-03 02:39:42'),
(42, 'Servvo Fire Indonesia, PT', 'SF', 'Customer', NULL, 'C00041', 'KOMPLEK RUKO ROXY MAS, JL. KH HASYIM ASHARI NO. 125 D5 NO. 17 CIDENG GAMBIR JAKARTA PUSAT', 1, NULL, '2026-02-03 02:39:42', '2026-02-03 02:39:42'),
(43, 'Shinto Kogyo Indonesia, PT', 'SK', 'Customer', NULL, 'C00042', 'KAWASAN INDUSTRI MM2100 BLOK J-17-2 GANDA MEKAR CIKARANG BARAT BEKASI 17520', 1, NULL, '2026-02-03 02:39:42', '2026-02-03 02:39:42'),
(44, 'Sinar Alum Sarana, PT', 'SAS', 'Customer', NULL, 'C00043', 'JL PADJADJARAN KP PASIRANDU RT 008 RW 002 KADU CURUG KAB TANGERANG BANTEN', 1, NULL, '2026-02-03 02:39:42', '2026-02-03 02:39:42'),
(45, 'Sultan Metal Forming Indonesia, PT', 'SMF', 'Customer', NULL, 'C00044', 'JL JABABEKA XVII B BLOK U 34 E KARANG BARU CIKARANG UTARA BEKASI', 1, NULL, '2026-02-03 02:39:42', '2026-02-03 02:39:42'),
(46, 'Velasto Indonesia, PT', 'V', 'Customer', NULL, 'C00045', 'KP. NAGROK NO.5 RT. 005 RW. 002 KERTAMURTI - CEMPAKA, PURWAKARTA   INDONESIA', 1, NULL, '2026-02-03 02:39:42', '2026-02-03 02:39:42'),
(47, 'Waras Abadi, CV', 'WA', 'Customer', NULL, 'C00046', 'JL RAYA NAROGONG KM 11 NO 158 RT 002 RW 008 BANTAR GEBANG KOTA BEKASI JAWABARAT', 1, NULL, '2026-02-03 02:39:42', '2026-02-03 02:39:42'),
(48, 'Whain, PT', 'W', 'Customer', NULL, 'C00047', 'BEKASI INT. INDUSTRIAL ESTATE JL. Inti III Blok C6 No. 10 Sukaresmi, Cikarang  Selatan - Bekasi', 1, NULL, '2026-02-03 02:39:42', '2026-02-03 02:39:42'),
(49, 'Yasunli Abadi Utama Plastik, PT', 'YAUP', 'Customer', NULL, 'C00048', 'Jln. Pembangunan I No. 60A, Batu Ceper Tangerang Indonesia', 1, NULL, '2026-02-03 02:39:42', '2026-02-03 02:39:42'),
(50, 'Yutaka Manufacturing Indonesia, PT', 'YM', 'Customer', NULL, 'C00049', 'Kawasan Industri MM2100 Jl.Sulawesi 1 Blok H No.4 Kel.Gandamekar Kec.Cikarang Barat, Bekasi,', 1, NULL, '2026-02-03 02:39:42', '2026-02-03 02:39:42'),
(51, 'Tri Tunggal, CV', 'TT', 'Customer', NULL, 'C00050', '', 1, NULL, '2026-02-03 02:39:42', '2026-02-03 02:39:42'),
(52, 'Masbi Sukses, PT', 'MS', 'Customer', NULL, 'C00051', 'JL RAYA BANTAR GEBANG SETU NO 28 RT 004 RW 005, CIMUNING MUSTIKA JAYA', 1, NULL, '2026-02-03 02:39:42', '2026-02-03 02:39:42'),
(53, 'Ratupanca Jaya Mandiri, PT', 'RJM', 'Customer', NULL, 'C00052', 'Jl.Raya Rengasbandung No 05 Rt 001 Pesanggarahan Karang Sambung, Kedung Waringin Bekasi 17540', 1, NULL, '2026-02-03 02:39:42', '2026-02-03 02:39:42'),
(54, 'Honda R&D Southeast Asia Co.,Ltd.', 'HRSAC', 'Customer', NULL, 'C00053', 'JL. CIPINANG CEMPEDAK RAYA NO 1 JAKARTA TIMUR', 1, NULL, '2026-02-03 02:39:42', '2026-02-03 02:39:42'),
(55, 'B.S. Indonesia, PT', 'BS', 'Customer', NULL, 'C00054', 'Kawasan Industri Jababeka I, Jl. Jababeka X Blok F7 No. 26, Harja Mekar, Cikarang Utara, Harja Mekar', 1, NULL, '2026-02-03 02:39:42', '2026-02-03 02:39:42'),
(56, 'Aep Bandung', 'AB', 'Customer', NULL, 'C00055', '', 1, NULL, '2026-02-03 02:39:42', '2026-02-03 02:39:42'),
(57, 'Adyawinsa Plastics Industry, PT', 'API', 'Customer', NULL, 'C00056', 'Jl. Angsana Raya Blok L6 No. 1 Delta Silicon 1 Lippo Cikarang Selatan, Kab. Bekasi', 1, NULL, '2026-02-03 02:39:42', '2026-02-03 02:39:42'),
(58, 'Astra Otoparts, PT ( AOP )', 'AO(A)', 'Customer', NULL, 'C00057', 'Jl.Pegangsaan Dua KM. 2,2 Pegangsaan Dua  Jakarta Utara 14250', 1, NULL, '2026-02-03 02:39:42', '2026-02-03 02:39:42'),
(59, 'ARTHA UTAMA PLASINDO, PT', 'AUP', 'Customer', NULL, 'C00058', 'Kawasan Industri MM2100 JL Flores Cikaran Barat', 1, NULL, '2026-02-03 02:39:42', '2026-02-03 02:39:42'),
(60, 'BesQ Sarana Abadi', 'BSA', 'Customer', NULL, 'C00059', 'RAWA BOGOR RT. 002 RW.007 PADURENAN MUSTIKA JAYA', 1, NULL, '2026-02-03 02:39:42', '2026-02-03 02:39:42'),
(61, 'Yongho Tech Indonesia, PT', 'YT', 'Customer', NULL, 'C00060', 'Jl. Kruing 2 Block L9 No. 9-10, Kawasan Industry Delta Silicone, Lippo Cikarang, Cikarang Selatan', 1, NULL, '2026-02-03 02:39:42', '2026-02-03 02:39:42'),
(62, 'Tri Lasindo Sejahtera, PT', 'TLS', 'Customer', NULL, 'C00061', 'Kampung GombongRT003/006 Pasir Gombong, Cikarang Utara', 1, NULL, '2026-02-03 02:39:42', '2026-02-03 02:39:42'),
(63, 'NOERHAYAT BERKAH SEJAHTERA, PT', 'NBS', 'Customer', NULL, 'C00062', 'Jl. Tekno V Blok D3-E Kawasan Industri Jababeka 3 Kel. Pasirgombong Kec. Cikarang Utara', 1, NULL, '2026-02-03 02:39:42', '2026-02-03 02:39:42'),
(64, 'AH SUNG ABADI PERKASA, PT', 'ASAP', 'Customer', NULL, 'C00063', 'Jl. mahoni 2 No. 5 Multiguna Niaga 2 Lippo Cikarang', 1, NULL, '2026-02-03 02:39:42', '2026-02-03 02:39:42'),
(65, 'SINAR LESTARI ABADI INDORAYA, PT', 'SLAI', 'Customer', NULL, 'C00064', 'Jl. Raya Cikarang Desa Pasir Gombong Kec. Lemah Abang', 1, NULL, '2026-02-03 02:39:42', '2026-02-03 02:39:42'),
(66, 'KARYA MANUNGGAL MANUFAKTUR, PT', 'KMM', 'Customer', NULL, 'C00065', 'Jl. KH. Umar Asnawi RT 04 RW 02 Desa Kebasen Kec. Talang Kab. Tegal', 1, NULL, '2026-02-03 02:39:42', '2026-02-03 02:39:42'),
(67, 'CIPTA PERDANA LANCAR, PT', 'CPL', 'Customer', NULL, 'C00066', 'Jl. Prabu Siliwangi Km. 0.5 Komplek PT UTU, Tangerang Banten', 1, NULL, '2026-02-03 02:39:42', '2026-02-03 02:39:42'),
(68, 'MAJU ENDTRI PRECISION, PT', 'MEP', 'Customer', NULL, 'C00067', 'Kp. Kukun RT 10/ RW 005 Ciantara, Cikarang Selatan Bekasi17550', 1, NULL, '2026-02-03 02:39:42', '2026-02-03 02:39:42'),
(69, '*', '*', 'Customer', NULL, 'C00068', 'Jl. Tekno 3 Blok E No.3E Jababeka Tekno Park - Cikarang', 1, NULL, '2026-02-03 02:39:42', '2026-02-03 02:39:42'),
(70, 'Customer Lainya', 'CL', 'Customer', NULL, 'C00069', '', 1, NULL, '2026-02-03 02:39:42', '2026-02-03 02:39:42'),
(71, 'Topline Evergreen Manufacturing, PT', 'TEM', 'Customer', NULL, 'C00070', 'Jl. Jati Raya Newton Techno Park Lippo Cikarang Blok J1 N0.3 Rt. 001 Rw. 001 Kel. Serang', 1, NULL, '2026-02-03 02:39:42', '2026-02-03 02:39:42'),
(72, 'Jung Angsa Indonesia, PT', 'JA', 'Customer', NULL, 'C00071', 'Jl. Raya Serang Baru - Pasirandu RT.011 RW.06 Desa Sukasari, Kec. Serang Baru, Bekasi', 1, NULL, '2026-02-03 02:39:42', '2026-02-03 02:39:42'),
(73, 'Dae Young Apex Indonesia, PT', 'DYA', 'Customer', NULL, 'C00072', 'KP Cilangkara RT008 RW004, Serang Baru, Bekasi', 1, NULL, '2026-02-03 02:39:42', '2026-02-03 02:39:42'),
(74, 'AITI TAKWA INDONESIA, PT', 'ATI', 'Customer', NULL, 'C00073', 'Jl. Saluyu Selatan No. 137 RT.03 RW.09 Desa Sayati Kec. Margahayu Kab. Bandung', 1, NULL, '2026-02-03 02:39:42', '2026-02-03 02:39:42'),
(75, 'Autoplastik Indonesia, PT', 'A', 'Customer', NULL, 'C00074', 'Kawasan industri mitra karawang Jl mitra barat 1 blok G.b', 1, NULL, '2026-02-03 02:39:42', '2026-02-03 02:39:42'),
(76, 'Cipta Metal Mandiri, PT', 'CMM', 'Customer', NULL, 'C00075', 'Jl. Gemalapik Kawasan Karyadeka Pancamurni Kav.C3, Pasirsari, Ciikarang Selatan', 1, NULL, '2026-02-03 02:39:42', '2026-02-03 02:39:42'),
(77, 'HONDA PRECISION PARTS MANUFACTURING, PT', 'HPPM', 'Customer', NULL, 'C00076', '', 1, NULL, '2026-02-03 02:39:42', '2026-02-03 02:39:42'),
(78, 'Moradon Berlian Sakti ,PT', 'MBS', 'Customer', NULL, 'C00077', 'Jl. Agung Karya II Blok D/12A, Sunter Agung Podomoro', 1, NULL, '2026-02-03 02:39:42', '2026-02-03 02:39:42'),
(79, 'Cahaya Abadi Plastik, PT', 'CAP', 'Customer', NULL, 'C00078', 'JL.KENARI 1 BLOCK G1 NO.27, DELTA SILICON V - LIPPO CIKARANG BEKASI, JAWA BARAT - INDONESIA', 1, NULL, '2026-02-03 02:39:42', '2026-02-03 02:39:42'),
(80, 'Diametral Involute, PT', 'DI', 'Customer', NULL, 'C00079', 'Jl. Pulogadung 24 Kawasan Industri Pulogadung', 1, NULL, '2026-02-03 02:39:42', '2026-02-03 02:39:42'),
(81, 'Trijaya Sukses Sejahtera, PT', 'TSS', 'Customer', NULL, 'C00080', 'Jl. Kayu Manis 2 Blok F10 No.15C, Kawasan Industri Delta Silicon 3 Extension, Lippo Cikarang, Bekasi', 1, NULL, '2026-02-03 02:39:42', '2026-02-03 02:39:42'),
(82, 'Dharma Poliplast, PT', 'DP', 'Customer', NULL, 'C00081', 'Jl. Meranti Bekasi Indonesia', 1, NULL, '2026-02-03 02:39:42', '2026-02-03 02:39:42'),
(83, 'KOMALA AGUNG LANGGENG PERKASA, PT', 'KALP', 'Customer', NULL, 'C00082', '', 1, NULL, '2026-02-03 02:39:42', '2026-02-03 02:39:42'),
(84, 'AJI BAYU GEMILANG, PT', 'ABG', 'Customer', NULL, 'C00083', '', 1, NULL, '2026-02-03 02:39:42', '2026-02-03 02:39:42'),
(85, 'Surya Hari Pratama, PT', 'SHP', 'Customer', NULL, 'C00084', 'Jl. Siliwangi KM.3 Kawasan Industri Pamis Blok. B/05 & D/01 Desa Gembor, Kecamatan Peruk', 1, NULL, '2026-02-03 02:39:42', '2026-02-03 02:39:42'),
(86, 'Ewindo, PT', 'E', 'Customer', NULL, 'C00085', 'Jl. Cimuncang No.68, Pasirlayung, Kec. Cibeunying Kidul, Kota Bandung, Jawa Barat 40125', 1, NULL, '2026-02-03 02:39:42', '2026-02-03 02:39:42'),
(87, 'CAHAYA AULIA BERKAH MANDIRI, PT', 'CABM', 'Customer', NULL, 'C00086', 'Jl. Lingkar Tanjungpura, Kec. Karawang Barat, Kabupaten Karawang - Jawa barat', 1, NULL, '2026-02-03 02:39:42', '2026-02-03 02:39:42'),
(88, 'Shin Sam-plus Industry, PT', 'SSI', 'Customer', NULL, 'C00087', 'JL. Permata Raya Lot E-1 KIIC Sukaluyu Teluk Jambe', 1, NULL, '2026-02-03 02:39:42', '2026-02-03 02:39:42'),
(89, 'PT. BS Indonesia (TIDAK DIPAKAI)', 'B(D', 'Customer', NULL, 'C00088', '', 1, NULL, '2026-02-03 02:39:42', '2026-02-03 02:39:42'),
(90, 'PT. Mada Kreasi Teknologi', 'MKT', 'Customer', NULL, 'C00089', '', 1, NULL, '2026-02-03 02:39:42', '2026-02-03 02:39:42'),
(91, 'Honda Precision Parts Manufacture, PT', 'HPPM1', 'Customer', NULL, 'C00090', '', 1, NULL, '2026-02-03 02:39:42', '2026-02-03 02:39:42'),
(92, 'Dharma Polimetal, PT', 'DP1', 'Customer', NULL, 'C00091', '', 1, NULL, '2026-02-03 02:39:42', '2026-02-03 02:39:42'),
(93, 'Eran Plastindo Utama, PT', 'EPU', 'Customer', NULL, 'C00092', '', 1, NULL, '2026-02-03 02:39:42', '2026-02-03 02:39:42'),
(94, 'Geritji Metal Jaya, PT.', 'GMJ', 'Customer', NULL, 'C00093', '', 1, NULL, '2026-02-03 02:39:42', '2026-02-03 02:39:42'),
(95, 'DAYA PRESINDO UTAMA, PT', 'DPU', 'Customer', NULL, 'C00094', 'Jl. Raya Perancis No. 2', 1, NULL, '2026-02-03 02:39:42', '2026-02-03 02:39:42'),
(96, 'Sarana Inti Presisi, PT', 'SIP', 'Customer', NULL, 'C00095', '', 1, NULL, '2026-02-03 02:39:42', '2026-02-03 02:39:42'),
(97, 'Angkasa Bumi Cemerlang, PT', 'ABC', 'Customer', NULL, 'C00096', 'JL. Permata Raya Lot E-1 KIIC Sukaluyu Teluk Jambe', 1, NULL, '2026-02-03 02:39:42', '2026-02-03 02:39:42'),
(98, 'Echo Advanced Technology Indo, PT', 'EATI', 'Customer', NULL, 'C00097', 'Jl. Mitra Raya II Blok E3, Parungmulya, Karawang', 1, NULL, '2026-02-03 02:39:42', '2026-02-03 02:39:42'),
(99, 'Sekiso Industries Indonesia, PT', 'SI1', 'Customer', NULL, 'C00098', 'MM2100 Industrial Town, Jl. Irian VIII Block NN-13 Cikarang Barat, Kab. Bekasi', 1, NULL, '2026-02-03 02:39:42', '2026-02-03 02:39:42'),
(100, 'MADA WIKRI TUNGGAL PLANT 1, PT', 'MWTP1', 'Customer', NULL, 'C00099', 'Jl. Gemalapik, Kaw Karyadeka Pancamurni Kav. C3, Ds. Pasirsari Kec. Cikarang Selatan, Kab. Bekasi', 1, NULL, '2026-02-03 02:39:42', '2026-02-03 02:39:42'),
(101, 'MADA WIKRI TUNGGAL PLANT 2, PT', 'MWTP2', 'Customer', NULL, 'C00100', 'Jl. Raya Nanjung Cisaat No.25 RT 01/01 Kp. Sukawangi Desa Jelegong Kec. Kutawaringin Kab. Bandung', 1, NULL, '2026-02-03 02:39:42', '2026-02-03 02:39:42'),
(102, 'MADA WIKRI TUNGGAL PLANT 3, PT', 'MWTP3', 'Customer', NULL, 'C00101', 'JL. INDUSTRI KP. SEMPU, DESA PASIRGOMBONG, CIKARANG UTARA', 1, NULL, '2026-02-03 02:39:42', '2026-02-03 02:39:42'),
(103, 'MADA WIKRI TUNGGAL PLANT 4, PT', 'MWTP4', 'Customer', NULL, 'C00102', 'Jl. Tekno 5 Blok E 1 C-D Kawasan Industri Jababeka Tahap III Desa Pasir Gombong, Kec. Cikarang Utara', 1, NULL, '2026-02-03 02:39:42', '2026-02-03 02:39:42'),
(104, 'Hyundai Motor Manufacturing Indonesia, PT', 'HMM', 'Customer', NULL, 'C00103', 'GREENLAND INTERNATIONAL INDUSTRIAL CENTER KOTA DELTAMAS LOT DG, ZONA D', 1, NULL, '2026-02-03 02:39:42', '2026-02-03 02:39:42'),
(105, 'Honda R & D', 'HRD', 'Other', NULL, 'Honda', 'JL. CIPINANG CEMPEDAK RAYA NO 1 JAKARTA TIMUR', 1, NULL, '2026-02-03 02:39:42', '2026-02-03 02:39:42'),
(106, 'REJECT', 'R', 'Other', NULL, 'RJT', '', 1, NULL, '2026-02-03 02:39:42', '2026-02-03 02:39:42'),
(107, 'STO UP', 'SU', 'Other', NULL, 'STO', '', 1, NULL, '2026-02-03 02:39:42', '2026-02-03 02:39:42'),
(108, 'Abyan Prima Logistic, PT', 'APL', 'Vendor', NULL, 'V00001', 'Jl. Perserikatan No.1 Blok A Kav. 261, Rawamangun, 13220', 1, NULL, '2026-02-03 02:39:42', '2026-02-03 02:39:42'),
(109, 'Adhiplast Sejahtera, PT', 'AS', 'Vendor', NULL, 'V00002', 'Jababeka Industrial Park Ii, Block Ee No. 6.B, Cikarang Selatan,', 1, NULL, '2026-02-03 02:39:42', '2026-02-03 02:39:42'),
(110, 'Adyabina Putramas, PT', 'AP', 'Vendor', NULL, 'V00003', 'Puri Indah Financial Tower 18Th  Floor Jl. Puri Lingkar Dalam Blok T-8 Puri Indah, Jakarta Barat', 1, NULL, '2026-02-03 02:39:42', '2026-02-03 02:39:42'),
(111, 'Aegisindo Mitra Sejati, PT', 'AMS', 'Vendor', NULL, 'V00004', 'Jl. Deltamas Boulevard, Ruko Porto Square D-1, Hegarmukti, Cikarang Pusat, 17530', 1, NULL, '2026-02-03 02:39:42', '2026-02-03 02:39:42'),
(112, 'Afix Kogyo Indonesia, PT', 'AK1', 'Vendor', NULL, 'V00005', 'Jl. Tenjoayu No. 47 Rt 004/01 Cicurug, Sukabumi, Jawa Barat, 43359', 1, NULL, '2026-02-03 02:39:42', '2026-02-03 02:39:42'),
(113, 'Agape Trikarsa Libratama, PT', 'ATL', 'Vendor', NULL, 'V00006', 'Jl. Malibu Vii, Rt.7/Rw.14, Cengkareng Tim., Kecamatan Cengkareng, Kota Jakarta Barat', 1, NULL, '2026-02-03 02:39:42', '2026-02-03 02:39:42'),
(114, 'Akurasi Teknika Prima, CV', 'ATP', 'Vendor', NULL, 'V00007', 'Perum Griya Hegar Asri, Jl. Asri Raya Blok A15, No. 09, Cikarang Pisat, 17530', 1, NULL, '2026-02-03 02:39:42', '2026-02-03 02:39:42'),
(115, 'Alfa Electric, CV', 'AE', 'Vendor', NULL, 'V00008', 'Jl.Cibarusah Raya No. 17, Lippo Cikarang.', 1, NULL, '2026-02-03 02:39:42', '2026-02-03 02:39:42'),
(116, 'Alfindo Sinar Sentosa, PT', 'ASS', 'Vendor', NULL, 'V00009', 'Jl. Raya Lemah Abang, Gg. Al-Ichwan, Pasirgombong, Cikarang Utara', 1, NULL, '2026-02-03 02:39:42', '2026-02-03 02:39:42'),
(117, 'Alpha Intergarted, PT', 'AI', 'Vendor', NULL, 'V00010', 'Jl. Industri Selatan Ii Blok Mm-2, Kaw. Jababeka Ii Cikarang.', 1, NULL, '2026-02-03 02:39:42', '2026-02-03 02:39:42'),
(118, 'Aneka Komkar Utama, PT', 'AKU1', 'Vendor', NULL, 'V00011', 'Jl. Gajah Tunggal No. 16 Tangerang', 1, NULL, '2026-02-03 02:39:42', '2026-02-03 02:39:42'),
(119, 'Anugerah Mandiri Technic, CV', 'AMT', 'Vendor', NULL, 'V00012', 'Jl. Jababeka Ii Tob, Blok C, No. 16 V, Kaw. Industri Jababeka, Cikarang,', 1, NULL, '2026-02-03 02:39:42', '2026-02-03 02:39:42'),
(120, 'Arlene Jayamandiri, PT', 'AJ1', 'Vendor', NULL, 'V00013', 'Jl. Jababeka Ii Tob, Blok C, No. 16 V, Kaw. Industri Jababeka, Cikarang, 17530', 1, NULL, '2026-02-03 02:39:42', '2026-02-03 02:39:42'),
(121, 'Armstrong Industri Indonesia, PT', 'AI1', 'Vendor', NULL, 'V00014', 'Ejip Industrial Park Plot 1A-3, Desa Sukaresmi, Cikarang Selatan', 1, NULL, '2026-02-03 02:39:42', '2026-02-03 02:39:42'),
(122, 'Artomoro Precision, PT', 'AP1', 'Vendor', NULL, 'V00015', 'Jl. Jababeka Xvii D Blok U 31 E Jababeka I Cikarang Bekasi', 1, NULL, '2026-02-03 02:39:42', '2026-02-03 02:39:42'),
(123, 'Asa Dinamika Utama, CV', 'ADU', 'Vendor', NULL, 'V00016', 'Jl. Raya Cibarusah, Perum Mega Regency, Blok L12/15, Serang Baru, Cibarusah, 17330.', 1, NULL, '2026-02-03 02:39:42', '2026-02-03 02:39:42'),
(124, 'Asianet Spring Indonesia, PT', 'AS1', 'Vendor', NULL, 'V00017', 'Jl. Industri Utama I Blok Rr 3D-F Jababeka Ii, Cikarang.', 1, NULL, '2026-02-03 02:39:42', '2026-02-03 02:39:42'),
(125, 'Asta Prima Teknologi, PT', 'APT', 'Vendor', NULL, 'V00018', 'Jalan Citarik Raya No. 102, Desa Jatireja, Cikarang Timur, 17828', 1, NULL, '2026-02-03 02:39:42', '2026-02-03 02:39:42'),
(126, 'Astra Juoku Indonesia, PT', 'AJ2', 'Vendor', NULL, 'V00019', 'Kawasan Industri Mitra Karwang, Jl. Mitra Timur 2, , Blok D, No. 4, 5, 6, 51, 52, 53,', 1, NULL, '2026-02-03 02:39:42', '2026-02-03 02:39:42'),
(127, 'Atari Plastik, CV', 'AP2', 'Vendor', NULL, 'V00020', 'Jl. Terusan Suryani 243/193 A, Bandung', 1, NULL, '2026-02-03 02:39:42', '2026-02-03 02:39:42'),
(128, 'Avin Tehnik, CV', 'AT', 'Vendor', NULL, 'V00021', 'Jl. Industri Jababeka, No. 8, Samping Pom Bensin Cikarang', 1, NULL, '2026-02-03 02:39:42', '2026-02-03 02:39:42'),
(129, 'Bangun Mulya Abadi, PT', 'BMA1', 'Vendor', NULL, 'V00022', 'Jl. Pangkalan Raya, Desa Karadenan Kec. Cibinong Bogor  Indonesia', 1, NULL, '2026-02-03 02:39:42', '2026-02-03 02:39:42'),
(130, 'Banshu Rubber Indonesia, PT', 'BR', 'Vendor', NULL, 'V00023', '', 1, NULL, '2026-02-03 02:39:42', '2026-02-03 02:39:42'),
(131, 'Beta Besindo, PT', 'BB', 'Vendor', NULL, 'V00024', 'Bekasi International Industrial Estate, Blok C 10/10, Cikarang, Lippo Cikarang', 1, NULL, '2026-02-03 02:39:42', '2026-02-03 02:39:42'),
(132, 'Bhinneka Bajannas, PT', 'BB1', 'Vendor', NULL, 'V00025', 'Jl.Komplek Kopo Jaya No. 11, Bandung', 1, NULL, '2026-02-03 02:39:42', '2026-02-03 02:39:42'),
(133, 'Bhinneka Mentaridimensi, PT', 'BM1', 'Vendor', NULL, 'V00026', 'Jl. Gunug Sahari Raya 73C #5-6 Indonesia', 1, NULL, '2026-02-03 02:39:42', '2026-02-03 02:39:42'),
(134, 'Bidara Sampurna, PT', 'BS1', 'Vendor', NULL, 'V00027', 'Jl. Berlian Rsm Bidaracina Blok Ia Lt Dasar No.10, Kel. Bidaracina, Kec. Jatinegara, Jakarta Timur', 1, NULL, '2026-02-03 02:39:42', '2026-02-03 02:39:42'),
(135, 'Bina Arya Sejati, CV', 'BAS', 'Vendor', NULL, 'V00028', 'Puri Cendana Blok A1 No. 16 Tambun', 1, NULL, '2026-02-03 02:39:42', '2026-02-03 02:39:42'),
(136, 'Bintang Cahaya Plastik, PT', 'BCP', 'Vendor', NULL, 'V00029', 'Pergudangan Mutiara Kosambi 1, Blok A7, No. 5., Kosambi Timur, Kab. Karawang, 15125', 1, NULL, '2026-02-03 02:39:42', '2026-02-03 02:39:42'),
(137, 'Bintang Matrix Indonesia, PT', 'BM2', 'Vendor', NULL, 'V00030', 'Jl. Raya Narogong Km 14 Pangkalan 5,Jl. Madrasah No. 96 Rt. 003 Rw. 003 Ciketing Udik. Bantar Gebang', 1, NULL, '2026-02-03 02:39:42', '2026-02-03 02:39:42'),
(138, 'Bintang Teknik, CV', 'BT', 'Vendor', NULL, 'V00031', 'Jl. Cipaganti Raya Y7/22 Jatireja Graha Asri , Kota Jababeka, Cikarang Timur', 1, NULL, '2026-02-03 02:39:42', '2026-02-03 02:39:42'),
(139, 'Bmt Teknologi , CV', 'BT1', 'Vendor', NULL, 'V00032', 'Jl.Teuku Umar No.88. Kp. Tegal Luhur , Rt.003 Rw.002 Desa .Cibatu,Kec.Cikarang Selatan 17550', 1, NULL, '2026-02-03 02:39:42', '2026-02-03 02:39:42'),
(140, 'Brother Plasindo, CV', 'BP', 'Vendor', NULL, 'V00033', 'Jl. Cilemahabang Raya Blok H 4 No. 31, Desa Jayamukti, Kawasan Industri Jababeka Ii', 1, NULL, '2026-02-03 02:39:42', '2026-02-03 02:39:42'),
(141, 'Dian Nusa Tunggul, PT', 'DNT', 'Vendor', NULL, 'V00034', 'Jl. Merak 9A, Block K3/49, Jababeka, Cikarang.', 1, NULL, '2026-02-03 02:39:42', '2026-02-03 02:39:42'),
(142, 'Bumi Plastik Sejahtera, CV', 'BPS', 'Vendor', NULL, 'V00035', 'Jln. Sukabirus Nanjung, Bandung', 1, NULL, '2026-02-03 02:39:42', '2026-02-03 02:39:42'),
(143, 'Cahaya Abadi Plastik, PT', 'CAP1', 'Vendor', NULL, 'V00036', 'Jl. Kenari 1 Blok G1 No. 27. Delta Silikon V, Lippo Cikarang', 1, NULL, '2026-02-03 02:39:42', '2026-02-03 02:39:42'),
(144, 'Cahaya Engineering Sukses, PT', 'CES', 'Vendor', NULL, 'V00037', 'Kaw. Industri Jababeka Ii, Jl. Industri Utara I, Blok Tt, No. 5, Cikarang Utara', 1, NULL, '2026-02-03 02:39:42', '2026-02-03 02:39:42'),
(145, 'Cargloss Paint, CV', 'CP', 'Vendor', NULL, 'V00038', 'Jl. Rc Veteran No. 162, Rt 001 Rw 001, Bintaro Pesanggrahan, Jakarta Selatan', 1, NULL, '2026-02-03 02:39:42', '2026-02-03 02:39:42'),
(146, 'Caturindo Agung Jaya Rubber, PT', 'CAJR', 'Vendor', NULL, 'V00039', 'Jl. Rumah Sakit No.82-88, Bandung, 40612', 1, NULL, '2026-02-03 02:39:42', '2026-02-03 02:39:42'),
(147, 'Ciamix Machine Indonesia, PT', 'CM', 'Vendor', NULL, 'V00040', 'Jl. Husein Sastranegara No. 88B, Rt 004 Rw 004, Juru Mudi', 1, NULL, '2026-02-03 02:39:42', '2026-02-03 02:39:42'),
(148, 'Cikarang Presisi, PT', 'CP1', 'Vendor', NULL, 'V00041', 'Jl. Jati Raya Blok J1 No.7, Newton Techno Park Lippo Cikarang, 17550,', 1, NULL, '2026-02-03 02:39:42', '2026-02-03 02:39:42'),
(149, 'Cipati Yudha Persada, PT', 'CYP', 'Vendor', NULL, 'V00042', 'Taman Cibaduyut Indah Blok E No. 99', 1, NULL, '2026-02-03 02:39:42', '2026-02-03 02:39:42'),
(150, 'Cipta Karya Rekayasa, PT', 'CKR', 'Vendor', NULL, 'V00043', 'Perum Mega Regency Blok L4 No 24, Sukaragam, Kec. Serang Baru,', 1, NULL, '2026-02-03 02:39:42', '2026-02-03 02:39:42'),
(151, 'Cipta Perdana Lancar, PT', 'CPL1', 'Vendor', NULL, 'V00044', 'Jl. Prabu Siliwangi Km 0.5 Komplek Pt Utu Tangerang', 1, NULL, '2026-02-03 02:39:42', '2026-02-03 02:39:42'),
(152, 'Comtronics Systems - Bandung, PT', 'CS-B', 'Vendor', NULL, 'V00046', '', 1, NULL, '2026-02-03 02:39:42', '2026-02-03 02:39:42'),
(153, 'Creative Technology & Machinery, PT', 'CTM', 'Vendor', NULL, 'V00047', 'Jl. Raya Perancis Gudang 8 Blok Ss Dadap, Tangerang', 1, NULL, '2026-02-03 02:39:42', '2026-02-03 02:39:42'),
(154, 'Dai Sabisu Indonesia, PT', 'DS', 'Vendor', NULL, 'V00048', 'Jl. Raya Citarik, Kp. Kobak Bitung, Ds. Serta Jaya. Cikarang', 1, NULL, '2026-02-03 02:39:42', '2026-02-03 02:39:42'),
(155, 'Deltasindo Dwi Daya, PT', 'DDD', 'Vendor', NULL, 'V00049', 'Jl. Celebration Boulevard Blok AA5 No.32 Grand Wisata', 1, NULL, '2026-02-03 02:39:42', '2026-02-03 02:39:42'),
(156, 'Dharma Electrindo Manufacturing, PT', 'DEM1', 'Vendor', NULL, 'V00050', 'Kirana Two Office Tower, Lt 10A,, Jl. Boulevard Timur No. 88, Kelapa Gading, Jakarta Utara,', 1, NULL, '2026-02-03 02:39:42', '2026-02-03 02:39:42'),
(157, 'Dwigasindo Abadi, PT', 'DA', 'Vendor', NULL, 'V00051', 'Jl. Gemalapik, Kawasan Industri Karyadeka, Blok C No. 1, 17550', 1, NULL, '2026-02-03 02:39:42', '2026-02-03 02:39:42'),
(158, 'Dwikora Samudra Jaya, CV', 'DSJ', 'Vendor', NULL, 'V00052', 'Perum Puri Sentosa, Jl. Eifel Timur 6, Blok E 8 No.15, Rt 3 Rw 7 Cicau, Cikarang Pusat. 17530', 1, NULL, '2026-02-03 02:39:42', '2026-02-03 02:39:42'),
(159, 'Dic Astra Chemicals, PT', 'DAC', 'Vendor', NULL, 'V00053', 'Kawasan Industri Pulogadung Jl. Pulobuaran Raya Blok Iii Dd 5 - 10, Jakarta - 13930.', 1, NULL, '2026-02-03 02:39:42', '2026-02-03 02:39:42'),
(160, 'Eran Teknikatama, PT', 'ET', 'Vendor', NULL, 'V00054', 'Kp. Wanaherang No. 4 Rt 02/08 Wanaherang Gn. Putri Bogor  Indonesia', 1, NULL, '2026-02-03 02:39:42', '2026-02-03 02:39:42'),
(161, 'Eudonia Nasional Indonesia, PT', 'EN', 'Vendor', NULL, 'V00055', 'Jl. Tiga Sekawan II No. 10 Rt 01 Rw 09 Kp. Telajung, Cikarang Barat-Bekasi', 1, NULL, '2026-02-03 02:39:42', '2026-02-03 02:39:42'),
(162, 'Fadnov Airtech Indonesia, PT', 'FA', 'Vendor', NULL, 'V00056', 'Permata Buahbatu, Blok R, No. 9,, Jl. Raya Terusan Buahbatu, Bojongsoang, 40287', 1, NULL, '2026-02-03 02:39:42', '2026-02-03 02:39:42'),
(163, 'Fahren Tech Indonesia, PT', 'FT', 'Vendor', NULL, 'V00057', '', 1, NULL, '2026-02-03 02:39:42', '2026-02-03 02:39:42'),
(164, 'Fajar Karya Mandiri, CV', 'FKM', 'Vendor', NULL, 'V00058', '', 1, NULL, '2026-02-03 02:39:42', '2026-02-03 02:39:42'),
(165, 'First Machinery Trade, Co', 'FMTC', 'Vendor', NULL, 'V00059', 'Jl. Krekot Dalam Blok I, No.10-11, Komp. Jaya Molek, 10710', 1, NULL, '2026-02-03 02:39:42', '2026-02-03 02:39:42'),
(166, 'Fujiyama Teknik, CV', 'FT1', 'Vendor', NULL, 'V00060', 'Taman Bukit Cibaligo A2 No. 7, Bandung', 1, NULL, '2026-02-03 02:39:42', '2026-02-03 02:39:42'),
(167, 'Fukugo Shizai Indonesia, PT', 'FS', 'Vendor', NULL, 'V00061', 'Jl. Sungkai Raya Blok F25 No. 35E, Kaw. Industri Delta Silicon 3,', 1, NULL, '2026-02-03 02:39:42', '2026-02-03 02:39:42'),
(168, 'Galileo Indonesia, PT', 'G', 'Vendor', NULL, 'V00062', 'Kawasan Industri Jababeka Tahap 3 Jababeka Tekno Park Jl.Tekno 3 Blok E3J Desa Pasirgombong Cikarang', 1, NULL, '2026-02-03 02:39:42', '2026-02-03 02:39:42'),
(169, 'Gapuramas Sejahtera, PT', 'GS', 'Vendor', NULL, 'V00063', 'Ruko Symphony Hx2, Harapan Indah', 1, NULL, '2026-02-03 02:39:42', '2026-02-03 02:39:42'),
(170, 'Garuda Metalindo, PT', 'GM1', 'Vendor', NULL, 'V00064', 'Jl. Kapuk Kamal Raya No. 23', 1, NULL, '2026-02-03 02:39:42', '2026-02-03 02:39:42'),
(171, 'General Dinamik, PT', 'GD', 'Vendor', NULL, 'V00065', 'Ruko Sunter Niaga Blok R9,, Jababeka Ii, Cikarang', 1, NULL, '2026-02-03 02:39:42', '2026-02-03 02:39:42'),
(172, 'Ginsa Inti Pratama, PT', 'GIP', 'Vendor', NULL, 'V00066', 'Jalan Raya Serang Km 19.3 N0.33 Cikupa Tangerang 15710  Tangerang  Indonesia', 1, NULL, '2026-02-03 02:39:42', '2026-02-03 02:39:42'),
(173, 'Global Star Teknindo, CV', 'GST', 'Vendor', NULL, 'V00067', 'Jl. Raya Pemda No. 52 Rt.003 Rw.010, Karadenan Cibinong', 1, NULL, '2026-02-03 02:39:42', '2026-02-03 02:39:42'),
(174, 'Gohan Plastindo Sukses Mandiri, PT', 'GPSM', 'Vendor', NULL, 'V00068', 'City Resort Residences, Jl. Kamal Raya Outer Ring Road., Ruko Miami A-25, Cengkareng. 11730', 1, NULL, '2026-02-03 02:39:42', '2026-02-03 02:39:42'),
(175, 'Grakindo Maju Sukses, PT', 'GMS', 'Vendor', NULL, 'V00069', 'Jl. Mekar Wangi No. 8, Pabuaran Tumpeng  Tangerang', 1, NULL, '2026-02-03 02:39:42', '2026-02-03 02:39:42'),
(176, 'Hakada Indonesia, CV', 'H', 'Vendor', NULL, 'V00070', 'Jl. Wibawa Mukti No. Ii, Gg. Pulsar, Jatisari Jatiasih.', 1, NULL, '2026-02-03 02:39:42', '2026-02-03 02:39:42'),
(177, 'Harya Teknik , CV', 'HT1', 'Vendor', NULL, 'V00071', 'Jl. Benda No. 69 Pangkalan Ii Bantar Gebang Bekasi.', 1, NULL, '2026-02-03 02:39:42', '2026-02-03 02:39:42'),
(178, 'Hasanah Teknik Mandiri, CV', 'HTM', 'Vendor', NULL, 'V00072', 'Jl. Edelweis 3 No. 17 Perum Villa Mutiara Cikarang, Ds. Ciantra,, Kec. Cikarang Selatan,', 1, NULL, '2026-02-03 02:39:42', '2026-02-03 02:39:42'),
(179, 'Heung Kwang, PT', 'HK', 'Vendor', NULL, 'V00073', 'Kawasan Industri Jababeka Tjl. Industri Selatan Ia Pasirsari Cikarang Selatan Kab. Bekasi Jawa Barat', 1, NULL, '2026-02-03 02:39:43', '2026-02-03 02:39:43'),
(180, 'Hi- Lex Indonesia, PT', 'HL1', 'Vendor', NULL, 'V00074', 'Jln. Bouraq No.35 Neglasari', 1, NULL, '2026-02-03 02:39:43', '2026-02-03 02:39:43'),
(181, 'Hitotsu Multi Platindo, PT', 'HMP', 'Vendor', NULL, 'V00075', 'Kawasan Jababeka Iii Blok Kav. D 3 B Pasirgombong Cikarang Bekasi', 1, NULL, '2026-02-03 02:39:43', '2026-02-03 02:39:43'),
(182, 'Honda Trading Indonesia, PT', 'HT2', 'Vendor', NULL, 'V00076', 'Mid Plaza 1,6 Th Floor. Jl. Jend. Sudirman Kav. 10-11 Jakarta, 10220 - Indonesia.', 1, NULL, '2026-02-03 02:39:43', '2026-02-03 02:39:43'),
(183, 'Hotmal Jaya Perkasa, PT', 'HJP', 'Vendor', NULL, 'V00077', 'Desa. Mekarwangi, Rawabanteng , Cibitung', 1, NULL, '2026-02-03 02:39:43', '2026-02-03 02:39:43'),
(184, 'Hyco Langgeng, PT', 'HL2', 'Vendor', NULL, 'V00078', 'Jl. Raya Hybrida Blok Qj9 No.16 - Kelapa Gading Permai, Jakarta 14240', 1, NULL, '2026-02-03 02:39:43', '2026-02-03 02:39:43'),
(185, 'Inabata Indonesia., PT', 'I1', 'Vendor', NULL, 'V00079', 'Summitmas I, Lt. 11, Jl. Jend. Sudirman No. 61 - 62, Jakarta Selatan.', 1, NULL, '2026-02-03 02:39:43', '2026-02-03 02:39:43'),
(186, 'Indah Jaya, CV', 'IJ', 'Vendor', NULL, 'V00080', 'Jln. Nengseret  No.25, Bandung', 1, NULL, '2026-02-03 02:39:43', '2026-02-03 02:39:43'),
(187, 'Indo Kompresigma, PT', 'IK', 'Vendor', NULL, 'V00081', 'Jl. Outer Ring Road No. 65 Kembangan Utara, 11610', 1, NULL, '2026-02-03 02:39:43', '2026-02-03 02:39:43'),
(188, 'Indobolt Jaya Makmur, PT', 'IJM', 'Vendor', NULL, 'V00082', 'Jl. Villa Kapuk Mas 1, Blok B No. 24 Rt/Rw 07/01.', 1, NULL, '2026-02-03 02:39:43', '2026-02-03 02:39:43'),
(189, 'Indocipta Hasta Perkasa, PT', 'IHP1', 'Vendor', NULL, 'V00083', 'Jl. Pengairan, Rt.002 Rw.001 Sukadanau, Cikarang-Barat Kab.Bekasi, 17520', 1, NULL, '2026-02-03 02:39:43', '2026-02-03 02:39:43'),
(190, 'Indometal Prima Cemerlang, PT', 'IPC', 'Vendor', NULL, 'V00084', 'Jl. Jababeka 9 B Blok P 9 G, Warung Harja, Cikarang Utara Bekasi', 1, NULL, '2026-02-03 02:39:43', '2026-02-03 02:39:43'),
(191, 'Indonesia Polymer Compound, PT', 'PC', 'Vendor', NULL, 'V00085', 'Kawasan Ejip Industrial Park, Plot 6J-2, Sukaresmi Cikarang Selatan Bekasi 17530', 1, NULL, '2026-02-03 02:39:43', '2026-02-03 02:39:43'),
(192, 'Indonesia Steel Tube Works, PT', 'STW', 'Vendor', NULL, 'V00086', 'Jl. Rawa Sumur 1 Kawasan Industri Pulogadung, Jakarta - 13940, Indonesia.', 1, NULL, '2026-02-03 02:39:43', '2026-02-03 02:39:43'),
(193, 'Indoplat Perkasa Purnama, PT', 'IPP1', 'Vendor', NULL, 'V00087', 'Jl. Dalem Wirabangsa No. 25, Gintung Kerta, Klari, Karawang Timur 41371', 1, NULL, '2026-02-03 02:39:43', '2026-02-03 02:39:43'),
(194, 'Indragraha Nusaplasindo, PT', 'IN', 'Vendor', NULL, 'V00088', 'Jl\' K.H. Muhammad Mansyur No. 34, 10140', 1, NULL, '2026-02-03 02:39:43', '2026-02-03 02:39:43'),
(195, 'Irc Inoac Indonesia, PT', 'II', 'Vendor', NULL, 'V00089', 'Jl.Hayam Wuruk No 8 Wisma Hayam Wuruk Lt7,Kebon Kelapa Gambir', 1, NULL, '2026-02-03 02:39:43', '2026-02-03 02:39:43'),
(196, 'Jagad Rizky Sejahtera, CV', 'JRS', 'Vendor', NULL, 'V00090', 'Jl. Niaga Raya Blok C No.6, Kemang Pratama, 17114', 1, NULL, '2026-02-03 02:39:43', '2026-02-03 02:39:43'),
(197, 'Jangsu Tech Indonesia, PT', 'JT', 'Vendor', NULL, 'V00091', 'Kawasan Industri Jababeka Ii  Jl.Industri Selatan V Blok Ee No.3F Kec. Pasir Sari, Cikarang Selatan', 1, NULL, '2026-02-03 02:39:43', '2026-02-03 02:39:43'),
(198, 'Jasutra Motor, CV', 'JM', 'Vendor', NULL, 'V00092', 'Jl.Raya Cikarang Cibarusah N0 68 Ab Sukaresmi Cikarang Selatan', 1, NULL, '2026-02-03 02:39:43', '2026-02-03 02:39:43'),
(199, 'Jaya Hoki Dharma, PT', 'JHD', 'Vendor', NULL, 'V00093', 'Office 8, 18-A  Floor, Scbd Jl. Jend. Sudirman Kav. 52-53  Jakarta 12190 Indonesia', 1, NULL, '2026-02-03 02:39:43', '2026-02-03 02:39:43'),
(200, 'Jaztech Makmur Presisi, PT', 'JMP', 'Vendor', NULL, 'V00094', 'Ruko Roxy Blok A No.9 Cikarang', 1, NULL, '2026-02-03 02:39:43', '2026-02-03 02:39:43'),
(201, 'Jebsen & Jessen Ingredients, PT', 'JJI', 'Vendor', NULL, 'V00095', 'Graha Inti Fauzi Lt 7, Jl. Buncit Raya No. 22, 12510', 1, NULL, '2026-02-03 02:39:43', '2026-02-03 02:39:43'),
(202, 'Jkz Asa Engineering Indonesia, PT', 'JAE', 'Vendor', NULL, 'V00096', 'Mekasrsari Rt 004, Rw 002, , Ds. Ciwerang, Babakan Cikao, 41151', 1, NULL, '2026-02-03 02:39:43', '2026-02-03 02:39:43'),
(203, 'Jodhatama, CV', 'J', 'Vendor', NULL, 'V00097', 'Bandung', 1, NULL, '2026-02-03 02:39:43', '2026-02-03 02:39:43'),
(204, 'Jodo Global, PT', 'JG', 'Vendor', NULL, 'V00098', 'Spanish Square Blok C No. 6, Kota Delta Mas Cikarang Pusat', 1, NULL, '2026-02-03 02:39:43', '2026-02-03 02:39:43'),
(205, 'Kalasindo Prima Sejahtera, PT', 'KPS1', 'Vendor', NULL, 'V00099', 'Jl. Kh Yasin Ashari 49 (Roxy), 101510', 1, NULL, '2026-02-03 02:39:43', '2026-02-03 02:39:43'),
(206, 'Karya Agung Mandiri, CV', 'KAM', 'Vendor', NULL, 'V00100', 'Jln. Leuwisari Ii No.17, Bandung', 1, NULL, '2026-02-03 02:39:43', '2026-02-03 02:39:43'),
(207, 'Karya Mandiri Cikarang, PT', 'KMC', 'Vendor', NULL, 'V00101', 'Villa Mutiara Cikarang, Blok B7 No. 1, Rt 014/007,, Ds. Ciantra, Kec. Cikarang Selatan', 1, NULL, '2026-02-03 02:39:43', '2026-02-03 02:39:43'),
(208, 'Karya Manunggal Manufaktur, PT', 'KMM1', 'Vendor', NULL, 'V00102', 'Kebasen Rt.04/02 Talang, Tegal', 1, NULL, '2026-02-03 02:39:43', '2026-02-03 02:39:43'),
(209, 'Karya Mekar Utama, PT', 'KMU1', 'Vendor', NULL, 'V00103', 'Tpu Pondok Ranggon No. 14,Jakarta Timur', 1, NULL, '2026-02-03 02:39:43', '2026-02-03 02:39:43'),
(210, 'Karya Mulya Bersama, CV', 'KMB', 'Vendor', NULL, 'V00104', 'Jl. Lapangan Kobra No. 44, Tambun', 1, NULL, '2026-02-03 02:39:43', '2026-02-03 02:39:43'),
(211, 'Karya Putra Sangkuriang, PT', 'KPS2', 'Vendor', NULL, 'V00105', 'Jl. Raya Cipacing Km. 20 Bojong Cipacing Jatinangor Sumedang - 45363 Indonesia.', 1, NULL, '2026-02-03 02:39:43', '2026-02-03 02:39:43'),
(212, 'Karyadeka Pancamurni, PT', 'KP', 'Vendor', NULL, 'V00106', '', 1, NULL, '2026-02-03 02:39:43', '2026-02-03 02:39:43'),
(213, 'Karyapratama Dunia, PT', 'KD', 'Vendor', NULL, 'V00107', 'Jl. Jababeka Ii Blok C Ii Ij & 14 Ja', 1, NULL, '2026-02-03 02:39:43', '2026-02-03 02:39:43'),
(214, 'Kawan Lama Solusi, PT', 'KLS', 'Vendor', NULL, 'V00108', 'Jl. Puri Kencana No. 1', 1, NULL, '2026-02-03 02:39:43', '2026-02-03 02:39:43'),
(215, 'Kline Logistics Indonesia, PT', 'KL', 'Vendor', NULL, 'V00109', 'Komplek Pergudangan Soewarna Unit E N0. 16-17', 1, NULL, '2026-02-03 02:39:43', '2026-02-03 02:39:43'),
(216, 'Koperasi Karyawan Mwt Cikarang, PT', 'KKMC', 'Vendor', NULL, 'V00110', 'Jl. Gemalapik, Kaw Karyadeka Pancamurni Kav. C3, Ds. Pasirsari Kec. Cikarang Selatan, Kab. Bekasi', 1, NULL, '2026-02-03 02:39:43', '2026-02-03 02:39:43'),
(217, 'Krisbow Indonesia, PT', 'K', 'Vendor', NULL, 'V00111', 'Jl. Jababeka Ii G Kav. Sib Blok C 16 Ag & Ah', 1, NULL, '2026-02-03 02:39:43', '2026-02-03 02:39:43'),
(218, 'Kysc Indonesia, PT', 'K1', 'Vendor', NULL, 'V00112', 'Jl. M.H. Thamrin, Ruko Roxy C!, Lippo Cikarang,', 1, NULL, '2026-02-03 02:39:43', '2026-02-03 02:39:43'),
(219, 'Lani Teknik Indonesia, PT', 'LT', 'Vendor', NULL, 'V00113', 'Ruko Hegar Asri No. 5, Hegarmukti, Cikarang Pusat,', 1, NULL, '2026-02-03 02:39:43', '2026-02-03 02:39:43'),
(220, 'Leasing Aditama Finance, PT', 'LAF', 'Vendor', NULL, 'V00114', '', 1, NULL, '2026-02-03 02:39:43', '2026-02-03 02:39:43'),
(221, 'MADA WIKRI TUNGGAL PLANT 1, PT', 'MWTP11', 'Vendor', NULL, 'V00115', 'Jl. Gemalapik, Kaw Karyadeka Pancamurni Kav. C3, Ds. Pasirsari Kec. Cikarang Selatan, Kab. Bekasi', 1, NULL, '2026-02-03 02:39:43', '2026-02-03 02:39:43'),
(222, 'Maju Bersama Plasindo, PT', 'MBP', 'Vendor', NULL, 'V00116', 'Jl. Raya Moch Toha Km 6. Kp Cadas, Kel Priuk, Tangerang', 1, NULL, '2026-02-03 02:39:43', '2026-02-03 02:39:43'),
(223, 'Maju Endtri Precision, PT', 'MEP1', 'Vendor', NULL, 'V00117', 'Jl. Ciantara Kukun No. 60, Cikarang Selatan Bekasi  17550', 1, NULL, '2026-02-03 02:39:43', '2026-02-03 02:39:43'),
(224, 'Mandika Technik Makmur, Ud', 'MTMU', 'Vendor', NULL, 'V00118', 'Ruko Roxi Blok Rb No. 7, Villa Mutiara Cikarang Bekasi Indonesia', 1, NULL, '2026-02-03 02:39:43', '2026-02-03 02:39:43'),
(225, 'Mandiri Panca Prima, PT', 'MPP', 'Vendor', NULL, 'V00119', 'Kawasan Industri Jababeka Ii, Jl. Industri Selatan 8, Blok Ee No.8D Cikarang ,Bekasi 17836 Bekasi', 1, NULL, '2026-02-03 02:39:43', '2026-02-03 02:39:43'),
(226, 'Marubeni Indonesia, PT', 'M', 'Vendor', NULL, 'V00120', 'Sinar Mas Land Plaza Menara 2, Lantai 11. Jl. M.H. Thamrin Kav. 51. Jakarta 10350 Indonesia.', 1, NULL, '2026-02-03 02:39:43', '2026-02-03 02:39:43'),
(227, 'Maruhachi Indonesia, PT', 'M1', 'Vendor', NULL, 'V00121', 'Kawasan Ejip Plot 7F - 1 Cikarang Selatan Bekasi', 1, NULL, '2026-02-03 02:39:43', '2026-02-03 02:39:43'),
(228, 'Matahari Metal Plasindo, PT', 'MMP', 'Vendor', NULL, 'V00122', 'Ruko Roxy Blok C, No. 8, Lippo Cikarang, Kel. Cibatu, Kec. Cikarang Selatan,  Kab. Bekasi', 1, NULL, '2026-02-03 02:39:43', '2026-02-03 02:39:43'),
(229, 'Mega Karya Persada, CV', 'MKP', 'Vendor', NULL, 'V00123', 'Cikarang Square Blok B No. 31, Cikarang - Bekasi  Bekasi Indonesia', 1, NULL, '2026-02-03 02:39:43', '2026-02-03 02:39:43'),
(230, 'Meiji Transindo, CV', 'MT', 'Vendor', NULL, 'V00124', 'Jl. Mh. Thamrin Ruko Roxy, Blok B- 22, Lippo Cikarang Bekasi  17550', 1, NULL, '2026-02-03 02:39:43', '2026-02-03 02:39:43'),
(231, 'Metropolitan Furniture & Interior Design', 'MFID', 'Vendor', NULL, 'V00125', 'Ruko Roxy Blok S No. 5 Jl. Kasuari Raya Jababeka Ii, Jababeka Cikarang', 1, NULL, '2026-02-03 02:39:43', '2026-02-03 02:39:43'),
(232, 'Metropolitan Mitra Utama, CV', 'MMU', 'Vendor', NULL, 'V00126', 'Ruko Roxy Blok S No. 5 Jl. Kasuari Raya Jababeka Ii, Jababeka Cikarang', 1, NULL, '2026-02-03 02:39:43', '2026-02-03 02:39:43'),
(233, 'Mitra Esa Abadi, PT', 'MEA', 'Vendor', NULL, 'V00127', 'Jl.Raya Cibarusah,Komplek Ruko Mega Surya  No. 16 L. Cikarang Selatan  Bekasi 17550', 1, NULL, '2026-02-03 02:39:43', '2026-02-03 02:39:43'),
(234, 'Mitra Semesta Jaya Makmur, PT', 'MSJM', 'Vendor', NULL, 'V00128', 'Taman Raya Bekasi Blok A2 No. 3, Mangun Jaya, Tambun Selatan Bekasi Indonesia 17510', 1, NULL, '2026-02-03 02:39:43', '2026-02-03 02:39:43'),
(235, 'Mk-Tec Indonesia, PT', 'M2', 'Vendor', NULL, 'V00129', 'Jl. Tekno 3 Blok E 3F Kawasan Industri Jababeka Iii, Pasirgombong, Cikarang Utara, Bekasi Indonesia', 1, NULL, '2026-02-03 02:39:43', '2026-02-03 02:39:43'),
(236, 'Moriroku Chemicals , PT', 'MC', 'Vendor', NULL, 'V00130', 'M Gold Tower Office Wing 17 Th Floor Suite B,Jl. K H Noer Ali Pekayaon Jaya,Bekasi Selatan', 1, NULL, '2026-02-03 02:39:43', '2026-02-03 02:39:43'),
(237, 'Mr Teknik, CV', 'MT1', 'Vendor', NULL, 'V00131', 'Ruki Tataka Puri C 1 No 38 Bitung Tangerang 15810 Tangerang', 1, NULL, '2026-02-03 02:39:43', '2026-02-03 02:39:43'),
(238, 'Multi Sarana Plasindo, PT', 'MSP', 'Vendor', NULL, 'V00132', 'Jl. Otonom Cikupa Rt/Rw 02/02, Pasir Gadung, Cikupa, Tangerang - 15811.', 1, NULL, '2026-02-03 02:39:43', '2026-02-03 02:39:43'),
(239, 'Mulus Tehnik, CV', 'MT2', 'Vendor', NULL, 'V00133', 'Jln. Pataruman, Bandung, Mutiara Jaya', 1, NULL, '2026-02-03 02:39:43', '2026-02-03 02:39:43'),
(240, 'Murni Cahaya Pratama, PT', 'MCP', 'Vendor', NULL, 'V00134', 'Kp. Lio Baru Km.2 Rt 001/003 Desa Sanja Citeureup, Bogor', 1, NULL, '2026-02-03 02:39:43', '2026-02-03 02:39:43'),
(241, 'Mada Kreasi Teknologi, PT', 'MKT1', 'Vendor', NULL, 'V00135', 'Jakarta', 1, NULL, '2026-02-03 02:39:43', '2026-02-03 02:39:43'),
(242, 'N.N Tiber, CV', 'NNT', 'Vendor', NULL, 'V00136', 'Jln.Raya Mahmud Kp.Cibereum No.40', 1, NULL, '2026-02-03 02:39:43', '2026-02-03 02:39:43'),
(243, 'Nagase Impor Ekspor Indonesia, PT', 'NIE', 'Vendor', NULL, 'V00137', 'Wisma Kelai,12Th Floor.Jl .Jendral Sudirman Kav.3 Jakarta 10220', 1, NULL, '2026-02-03 02:39:43', '2026-02-03 02:39:43'),
(244, 'Nagoya Engineering, CV', 'NE', 'Vendor', NULL, 'V00138', 'Jl. A Yani Bekasi, Ruko Sentral Niaga Kalimalang Blok B3/17, Bekasi, Indonesia.', 1, NULL, '2026-02-03 02:39:43', '2026-02-03 02:39:43'),
(245, 'Nandya Karya Perkasa, PT', 'NKP1', 'Vendor', NULL, 'V00139', 'Jl. Kh. Umar Kp. Rawa Ilat Rt.003/ Rw.08 Dayeuh, Cileungsi Bogor', 1, NULL, '2026-02-03 02:39:43', '2026-02-03 02:39:43'),
(246, 'Nandya Solusi Treatindo, PT', 'NST', 'Vendor', NULL, 'V00140', 'Jl. Kh. Umar Kp. Rawa Ilat Rt 003 Rw 09 Dayeuh Cileungsi Bogor 16820', 1, NULL, '2026-02-03 02:39:43', '2026-02-03 02:39:43'),
(247, 'Nano Coating Indonesia, PT', 'NC', 'Vendor', NULL, 'V00141', 'Jl. Industri Selatan 7 Block Ff1C Jababeka, Cikarang Bekasi', 1, NULL, '2026-02-03 02:39:43', '2026-02-03 02:39:43'),
(248, 'Native Indo, CV', 'NI', 'Vendor', NULL, 'V00142', 'Jl. Komplek Holis Regensi No. B12', 1, NULL, '2026-02-03 02:39:43', '2026-02-03 02:39:43'),
(249, 'Nidi Kurnia Sejahtera, CV', 'NKS', 'Vendor', NULL, 'V00143', 'Komp. Permata Kopo Blok B2 No 21 Bandung', 1, NULL, '2026-02-03 02:39:43', '2026-02-03 02:39:43'),
(250, 'Nifco Indonesia, PT', 'N', 'Vendor', NULL, 'V00144', 'Jl. Hharapan Ii Lot Kk-5B, Kawasan Industri Kiic, Ds. Sinarbaya, Telukjambe Timur, Karawang, 41361', 1, NULL, '2026-02-03 02:39:43', '2026-02-03 02:39:43'),
(251, 'Nitto Alam Indonesia, PT', 'NA', 'Vendor', NULL, 'V00145', 'Kawasan Industri Delta Silicon 1, Jl. Kruing 2 Lot 7-8/9 Lippo Cikarang, Bekasi 17750', 1, NULL, '2026-02-03 02:39:43', '2026-02-03 02:39:43'),
(252, 'Nok Indonesia Sales, PT', 'NS1', 'Vendor', NULL, 'V00146', 'Mm.2100 Industrial Tow,Cibitung Bekasi 17841, Cibitung Indonesia', 1, NULL, '2026-02-03 02:39:43', '2026-02-03 02:39:43'),
(253, 'Okaya Indonesia, PT', 'O', 'Vendor', NULL, 'V00147', 'Prodium Mataram, Blok A-12 & A-15, Lippo Cikarang, Cibatu, Cikarang Selatan,', 1, NULL, '2026-02-03 02:39:43', '2026-02-03 02:39:43'),
(254, 'One Heart Solution, PT', 'OHS', 'Vendor', NULL, 'V00148', 'Simpruk Plaza Blok A2, No. 3A, Cikarang Baru,  Bekasi  17530', 1, NULL, '2026-02-03 02:39:43', '2026-02-03 02:39:43'),
(255, 'Pananjung Anugrah Solution, PT', 'PAS', 'Vendor', NULL, 'V00149', 'Sunter Niaga Mas Jl. Tarum Barat Ii Blok F1/26, Jababeka, Bekasi', 1, NULL, '2026-02-03 02:39:43', '2026-02-03 02:39:43'),
(256, 'Pandawa Jaya Steel, PT', 'PJS', 'Vendor', NULL, 'V00150', 'Jl. Kapuk Kamal Muara V No. 52, Jakarta Utara - 14450, Indonesia.', 1, NULL, '2026-02-03 02:39:43', '2026-02-03 02:39:43'),
(257, 'Panggon Prima Logistik, PT', 'PPL', 'Vendor', NULL, 'V00151', 'Jl.Mardani Raya No A27 Rt3/Rw13 ,Cempaka Putih Kota Jakarta Pusat', 1, NULL, '2026-02-03 02:39:43', '2026-02-03 02:39:43'),
(258, 'Papajaya Agung, PT', 'PA', 'Vendor', NULL, 'V00152', 'Jl. Wahab Affan No.8 Km.28, Pondok Ungu, Medan Satria Bekasi Barat  Indonesia', 1, NULL, '2026-02-03 02:39:43', '2026-02-03 02:39:43'),
(259, 'Paragon Spesial Metal, PT', 'PSM', 'Vendor', NULL, 'V00153', 'Jl. Flores Iii Block C3-1 Kawasan Industri Mm2100 Cibitung', 1, NULL, '2026-02-03 02:39:43', '2026-02-03 02:39:43'),
(260, 'Parker Metal Treatment Indonesia, PT', 'PMT', 'Vendor', NULL, 'V00154', 'Kawasan Industri Mm 2100 Blok Kk - 11 Jatiwangi, Cikarang Barat Bekasi 17520', 1, NULL, '2026-02-03 02:39:43', '2026-02-03 02:39:43'),
(261, 'Permata Abadi Bersaudara, PT', 'PAB', 'Vendor', NULL, 'V00155', 'Jl. Raya Jati Makmur No. 5 Rt.002/Rw.05, Kel. Jati Makmur, Pondok Gede Bekasi', 1, NULL, '2026-02-03 02:39:43', '2026-02-03 02:39:43'),
(262, 'Petromitra Pacific Internusa, PT', 'PPI', 'Vendor', NULL, 'V00156', 'Perkantoran Bekasi Town Square, Blok A No. 11, Ruko Cbd, Bekasi Timur, Bekasi', 1, NULL, '2026-02-03 02:39:43', '2026-02-03 02:39:43'),
(263, 'Phh Special Steel, PT', 'PSS', 'Vendor', NULL, 'V00157', 'Block F25-09J, Jl. Sungkai, Delta Silicon 3, Lippo Cikarang, Bekasi', 1, NULL, '2026-02-03 02:39:43', '2026-02-03 02:39:43'),
(264, 'Piranti, CV', 'P', 'Vendor', NULL, 'V00158', '', 1, NULL, '2026-02-03 02:39:43', '2026-02-03 02:39:43'),
(265, 'Pne Indonesia, PT', 'P1', 'Vendor', NULL, 'V00159', 'Kawasan Industri Karyadeka Pancamurni Blok B.3 Kav.I Pasirsari, Cikarang Bekasi', 1, NULL, '2026-02-03 02:39:43', '2026-02-03 02:39:43'),
(266, 'Pola Teknik Mandiri, PT', 'PTM', 'Vendor', NULL, 'V00160', 'Bekasi', 1, NULL, '2026-02-03 02:39:43', '2026-02-03 02:39:43'),
(267, 'Polypackindo Utama, PT', 'PU', 'Vendor', NULL, 'V00161', 'Lippo Cyber #2160 - 2162, Lippo Karawaci, Tangerang - 15811.', 1, NULL, '2026-02-03 02:39:43', '2026-02-03 02:39:43'),
(268, 'Posco Ijpc, PT', 'PI', 'Vendor', NULL, 'V00162', 'Jl. Permata Raya Lot Ff-3, Kawasan Industri Kiic  Karawang 41361 Indonesia', 1, NULL, '2026-02-03 02:39:43', '2026-02-03 02:39:43');
INSERT INTO `m_perusahaan` (`id`, `nama_perusahaan`, `inisial_perusahaan`, `jenis_perusahaan`, `customer_type`, `kode_supplier`, `alamat`, `status`, `deleted_at`, `created_at`, `updated_at`) VALUES
(269, 'Press Metal Indo Jaya, PT', 'PMIJ', 'Vendor', NULL, 'V00163', 'Jl. Cibaligo No. 163, Leuwigajah, Cimahi, Bandung', 1, NULL, '2026-02-03 02:39:43', '2026-02-03 02:39:43'),
(270, 'Pricol Surya, PT', 'PS1', 'Vendor', NULL, 'V00164', 'Jl.Permata Raya Lot Ff 2 Kawasan Industri Kiic Karawang 41361, Indonesia', 1, NULL, '2026-02-03 02:39:43', '2026-02-03 02:39:43'),
(271, 'Putra Alam Teknologi, PT', 'PAT', 'Vendor', NULL, 'V00165', 'Ruko Kopo Mas Regency No.18 B, Margasuka, Bandung', 1, NULL, '2026-02-03 02:39:43', '2026-02-03 02:39:43'),
(272, 'Putra Hatim Mandiri, PT', 'PHM', 'Vendor', NULL, 'V00166', 'Jl.Kruing 2 Block 10 Lippo Cikarang Selatan 17550', 1, NULL, '2026-02-03 02:39:43', '2026-02-03 02:39:43'),
(273, 'Putra Pelita Anugrah Persada, PT', 'PPAP', 'Vendor', NULL, 'V00167', 'Jl.Murai Blok D28 No.40 Telaga Murni Cikarang Barat-Kab.Bekasi 17520', 1, NULL, '2026-02-03 02:39:43', '2026-02-03 02:39:43'),
(274, 'Pyo Joon Mold Indonesia, PT', 'PJM', 'Vendor', NULL, 'V00168', 'Kawasan Industri Jababeka Ii, Block Rr No. 10.A, Pasir Sari, Cikarang Selatan Bekasi Indonesia 17520', 1, NULL, '2026-02-03 02:39:43', '2026-02-03 02:39:43'),
(275, 'Radiwa General Teknika, PT', 'RGT', 'Vendor', NULL, 'V00169', 'Jl. Mahoni 6 Blok F29 No 18 Kota Serang Baru Kab. Bekasi', 1, NULL, '2026-02-03 02:39:43', '2026-02-03 02:39:43'),
(276, 'Raja Multi Teknologi, PT', 'RMT', 'Vendor', NULL, 'V00170', 'Kawasan Industri Cikarang Central Industrial Park ( Ccip ) Blok K3/12 Bekasi, Indonesia', 1, NULL, '2026-02-03 02:39:43', '2026-02-03 02:39:43'),
(277, 'Rajawali Cipta Makmur, PT', 'RCM', 'Vendor', NULL, 'V00171', 'Mutiara Taman Palem Blok B 8 No. 3, Cengkareng Timur, Jakarta Barat', 1, NULL, '2026-02-03 02:39:43', '2026-02-03 02:39:43'),
(278, 'Ratupanca Jaya Mandiri, PT', 'RJM1', 'Vendor', NULL, 'V00172', 'Jl.Raya Rengasbandung No 05 Rt 001 Pesanggarahan Karang Sambung, Kedung Waringin Bekasi 17540', 1, NULL, '2026-02-03 02:39:43', '2026-02-03 02:39:43'),
(279, 'Riken Indonesia, PT', 'R1', 'Vendor', NULL, 'V00173', 'Mm2100 Industrial Town, Block H-9, Cikarang Barat, Bekasi - 17520.', 1, NULL, '2026-02-03 02:39:43', '2026-02-03 02:39:43'),
(280, 'Sada Mahita, PT', 'SM', 'Vendor', NULL, 'V00174', 'Kp Pagadugan Rt001 Rw 06 Kel Sertajaya Kec Cikarang Timur Bekasi', 1, NULL, '2026-02-03 02:39:43', '2026-02-03 02:39:43'),
(281, 'Sakura Jaya, CV', 'SJ', 'Vendor', NULL, 'V00175', 'Jl. Beruang Xi-C Blok G No. 2, Cikarang', 1, NULL, '2026-02-03 02:39:43', '2026-02-03 02:39:43'),
(282, 'Sakura Teknik Mandiri, PT', 'STM', 'Vendor', NULL, 'V00176', 'Jl.Jend Ahmad Yani Kav .20 Apartemen Grand Center Point Unit D No 129, Margajaya, Bekasi Selatan', 1, NULL, '2026-02-03 02:39:43', '2026-02-03 02:39:43'),
(283, 'Sam Putra Inti, PT', 'SPI', 'Vendor', NULL, 'V00177', 'Jl.Pangkalan Ii Kp Cikiwul Rt0003 Rw03 Kec Bantar Gebang Bekasi 17310', 1, NULL, '2026-02-03 02:39:43', '2026-02-03 02:39:43'),
(284, 'Samat Teknik Mandiri, PT', 'STM1', 'Vendor', NULL, 'V00178', '', 1, NULL, '2026-02-03 02:39:43', '2026-02-03 02:39:43'),
(285, 'San Inaber Indonesia, PT', 'SI2', 'Vendor', NULL, 'V00179', 'Gramapuri Tamansari Blok D3 No 19 Wanasari Cibitung 17520', 1, NULL, '2026-02-03 02:39:43', '2026-02-03 02:39:43'),
(286, 'Sankitama, PT', 'S1', 'Vendor', NULL, 'V00180', 'Jl.Industri Selatang I Blok Qq No.9 Jb Ii Cikarang Bekasi', 1, NULL, '2026-02-03 02:39:43', '2026-02-03 02:39:43'),
(287, 'Sejahtera Visitama, PT', 'SV', 'Vendor', NULL, 'V00181', 'Star Of Asia Drive No. 92, Tangerang, Banten', 1, NULL, '2026-02-03 02:39:43', '2026-02-03 02:39:43'),
(288, 'Senjaya Soode Precision, PT', 'SSP', 'Vendor', NULL, 'V00182', 'Gobel Industri Complek J, Teuku Umar Km. 44, Cibitung Bekasi 17520', 1, NULL, '2026-02-03 02:39:43', '2026-02-03 02:39:43'),
(289, 'Seoul Press Indonesia, PT', 'SP1', 'Vendor', NULL, 'V00183', 'Jl.Jababeka Ii G No.23-24 Kawasan Industri Jababeka, Bekasi 17530', 1, NULL, '2026-02-03 02:39:43', '2026-02-03 02:39:43'),
(290, 'Shinko Asia ( Malaysia ), PT', 'SA(M)', 'Vendor', NULL, 'V00184', 'Unit 303,Block A Kelana Centre Point No2 Jalan Ss7/19 Kelana Jaya 47301, Pateling Jaya, Malaysia', 1, NULL, '2026-02-03 02:39:43', '2026-02-03 02:39:43'),
(291, 'Sinar Logamindo Sentosa, PT', 'SLS', 'Vendor', NULL, 'V00185', 'Kampung Tangsi Rt004/Rw3 Desa Sukadanau Kec Cikarang Barat, Cibitung 17520', 1, NULL, '2026-02-03 02:39:43', '2026-02-03 02:39:43'),
(292, 'Sinar Putra Metalindo, PT', 'SPM', 'Vendor', NULL, 'V00186', 'Kawasan Industri Delta Silikon 2 Jl Jihar Blok F6 N0 3A-3B Cikarang Selatan, Bekasi 17550', 1, NULL, '2026-02-03 02:39:43', '2026-02-03 02:39:43'),
(293, 'Sky Multy Coat, PT', 'SMC', 'Vendor', NULL, 'V00187', 'Jl. Gahari I Blok F2 No. 10A-B, Kawasan Industri Delta Silicon 2 Bekasi  Bekasi  Indonesia', 1, NULL, '2026-02-03 02:39:43', '2026-02-03 02:39:43'),
(294, 'Sojitz Indonesia, PT', 'S2', 'Vendor', NULL, 'V00188', 'Menara Standard Chartered 20Th Fl. Jl. Prof. Dr. Satrio No. 164 Jakarta - 12930, Indonesia.', 1, NULL, '2026-02-03 02:39:43', '2026-02-03 02:39:43'),
(295, 'Sparta Guna Sentosa, PT', 'SGS', 'Vendor', NULL, 'V00189', 'Jalan Raya Dayeuh Kolot No 170 Bandung 40528 Indonesia', 1, NULL, '2026-02-03 02:39:43', '2026-02-03 02:39:43'),
(296, 'Srirejeki Perdana Steel, PT', 'SPS', 'Vendor', NULL, 'V00190', 'Kawasan Industri Murinda, Kp. Pasirgombong Rt/Rw 02/05 Dusun Iii, Lemahabang, Bekasi, Indonesia.', 1, NULL, '2026-02-03 02:39:43', '2026-02-03 02:39:43'),
(297, 'Sukses Cipta Makmur, PT', 'SCM', 'Vendor', NULL, 'V00191', 'Jl. Siliwangi Km 31 Komplek Pamis No. C-5 Gembok Priok, Tangerang.', 1, NULL, '2026-02-03 02:39:43', '2026-02-03 02:39:43'),
(298, 'Sultan Metal Forming Indonesia, PT', 'SMF1', 'Vendor', NULL, 'V00192', 'Jl.Jababeka Xviib/U-34E Jababeka I Cikarang Bekasi', 1, NULL, '2026-02-03 02:39:43', '2026-02-03 02:39:43'),
(299, 'Sumber Rezeki Forklift And Crane Rental, PT', 'SRFCR', 'Vendor', NULL, 'V00193', 'Mekarmurti,Kec Cikarang Utara Bekasi Jawa Barat', 1, NULL, '2026-02-03 02:39:43', '2026-02-03 02:39:43'),
(300, 'Sumbertama Jaya Teknik, PT', 'SJT', 'Vendor', NULL, 'V00194', '', 1, NULL, '2026-02-03 02:39:43', '2026-02-03 02:39:43'),
(301, 'Sunny Mould Indonesia, PT', 'SM1', 'Vendor', NULL, 'V00195', 'Kawasan Giic Kota Deltamas,Blok Ba  No 2 Plant 3 Sukamahi, Cikarang Pusat, Bekasi 17530', 1, NULL, '2026-02-03 02:39:43', '2026-02-03 02:39:43'),
(302, 'Surya Abadi Sejahtera, CV', 'SAS1', 'Vendor', NULL, 'V00196', 'Ruko Grand Pasadena Q-1 No 7 Jl Tarum Barat Ii Cikarang Baru Ds Jayamukti Kec Cikarang Pusat, Bekasi', 1, NULL, '2026-02-03 02:39:43', '2026-02-03 02:39:43'),
(303, 'Surya Sejahtera Metalindo Lestari, PT', 'SSML', 'Vendor', NULL, 'V00197', 'Kawsana Pergudangan Pantai Indah Dadap Jl Perancis No 2 Blok K No,08 Kosambi, Tangerang Indonesia', 1, NULL, '2026-02-03 02:39:43', '2026-02-03 02:39:43'),
(304, 'Suryamas Akurasi, PT', 'SA', 'Vendor', NULL, 'V00198', 'Delta Silicon Industrial Park Jl Meranti 1 Blok L2-L3,Lemah Abanng Bekasi', 1, NULL, '2026-02-03 02:39:43', '2026-02-03 02:39:43'),
(305, 'Tato, PT', 'T', 'Vendor', NULL, 'V00199', 'Jl. Tanah Abang Iv No. 13-15 Jakarta - 10160, Indonesia.', 1, NULL, '2026-02-03 02:39:43', '2026-02-03 02:39:43'),
(306, 'Techno Hoei Indonesia, PT', 'TH', 'Vendor', NULL, 'V00200', 'Jababeka  Xvii-1 Blok U 22-Q Cikarang Utara Bekasi', 1, NULL, '2026-02-03 02:39:43', '2026-02-03 02:39:43'),
(307, 'Techo Sarana, CV', 'TS', 'Vendor', NULL, 'V00201', 'Jl.Swadaya I No 64 Jati Murni Pondok Melati Bekasi', 1, NULL, '2026-02-03 02:39:43', '2026-02-03 02:39:43'),
(308, 'Tnz Indonesia, PT', 'T1', 'Vendor', NULL, 'V00202', 'Kawasan Industri Jababeka Tahap Ii,Jl Industri Selatan Vii, Lot Ee-6 Pasir Sari, Cikarang', 1, NULL, '2026-02-03 02:39:43', '2026-02-03 02:39:43'),
(309, 'Toko Timur, CV', 'TT1', 'Vendor', NULL, 'V00203', '', 1, NULL, '2026-02-03 02:39:43', '2026-02-03 02:39:43'),
(310, 'Tosama Abadi, PT', 'TA', 'Vendor', NULL, 'V00204', 'Jl. Nusa Indah No. 6 Pasar Rebo, Jakarta Timur.', 1, NULL, '2026-02-03 02:39:43', '2026-02-03 02:39:43'),
(311, 'Trans Armada Indonesia, PT', 'TA1', 'Vendor', NULL, 'V00205', '', 1, NULL, '2026-02-03 02:39:43', '2026-02-03 02:39:43'),
(312, 'Trijata Nusa (Tritanu), PT', 'TN(', 'Vendor', NULL, 'V00206', '', 1, NULL, '2026-02-03 02:39:43', '2026-02-03 02:39:43'),
(313, 'Trijaya Sukses Sejahtera, PT', 'TSS1', 'Vendor', NULL, 'V00208', 'Jl. Kayu Manis Ii Blok F10 No. 15C, Kaw. Industri Delta Silicon Iii, Lippo Cikarang Bekasi', 1, NULL, '2026-02-03 02:39:43', '2026-02-03 02:39:43'),
(314, 'Unggul Semesta, PT', 'US', 'Vendor', NULL, 'V00209', 'Lippo Cikarang,Delta Silicon 5 Jl..Kenari Raya No 3 Sukamahi Kec Cikarang Pusat, Bekasi', 1, NULL, '2026-02-03 02:39:43', '2026-02-03 02:39:43'),
(315, 'Unimetrika Utama, PT', 'UU', 'Vendor', NULL, 'V00210', '', 1, NULL, '2026-02-03 02:39:43', '2026-02-03 02:39:43'),
(316, 'United Steel Center Indonesia, PT', 'USC', 'Vendor', NULL, 'V00211', 'Kimk, Jl. Mitra Raya Selatan Ii Blok F No. 1 Parung Mulya, Ciampel, Karawang - 16466.', 1, NULL, '2026-02-03 02:39:43', '2026-02-03 02:39:43'),
(317, 'Usaha Komponen Kendaraan Indonesia, PT', 'UKK', 'Vendor', NULL, 'V00212', '', 1, NULL, '2026-02-03 02:39:43', '2026-02-03 02:39:43'),
(318, 'Vinson Inti Pratama, CV', 'VIP', 'Vendor', NULL, 'V00213', 'Jl. Industri Selatan Viii Blok Ee 6J, Kawasan Industri Jababeka Ii Bekasi', 1, NULL, '2026-02-03 02:39:43', '2026-02-03 02:39:43'),
(319, 'Waras Abadi, CV', 'WA1', 'Vendor', NULL, 'V00214', 'Jl.Raya Narogong Km 11 Pangkalan 1A Bantar Gebang Bekasi, Indonesia', 1, NULL, '2026-02-03 02:39:43', '2026-02-03 02:39:43'),
(320, 'Weldmax Indonesia Mandiri, PT', 'WM', 'Vendor', NULL, 'V00215', 'Kawasan Hyundai Jl.Karet Iii Blok H N0.20 Delta Silicon Cikarang, Bekasi, Indonesia', 1, NULL, '2026-02-03 02:39:43', '2026-02-03 02:39:43'),
(321, 'Whain, PT', 'W1', 'Vendor', NULL, 'V00216', 'Jl. Inti Iii Blok C6 No. 10 Sukaresmi Cikarang Selatan Bekasi', 1, NULL, '2026-02-03 02:39:43', '2026-02-03 02:39:43'),
(322, 'Whm, CV', 'W2', 'Vendor', NULL, 'V00217', '', 1, NULL, '2026-02-03 02:39:43', '2026-02-03 02:39:43'),
(323, 'Wijaya Machinery Perkasa, PT', 'WMP', 'Vendor', NULL, 'V00218', 'Jl.Pakin No 2 A-B Jakarta Utara 14440 Indonesia', 1, NULL, '2026-02-03 02:39:43', '2026-02-03 02:39:43'),
(324, 'Wwrc Indonesia, PT', 'W3', 'Vendor', NULL, 'V00219', 'Kawasan Multiguna-Taman Techno Bsd Sektor Xi Blok B No.3A Bsd City Tangeramng 15310', 1, NULL, '2026-02-03 02:39:43', '2026-02-03 02:39:43'),
(325, 'Yahata Fastener Indonesia, PT', 'YF', 'Vendor', NULL, 'V00220', 'Greenlan International Industri Center (Giic) Blok Aa/2A Deltamas, Sukamahi, Cikarang Pusat, Bekasi', 1, NULL, '2026-02-03 02:39:43', '2026-02-03 02:39:43'),
(326, 'Yan Purnama, PT', 'YP', 'Vendor', NULL, 'V00221', 'Jl. Raya Cikarang Cibarusah, Kp. Pagaulan Rt/Rw 010/002, Sukaresmi, Cikarang Selatan, Bekasi', 1, NULL, '2026-02-03 02:39:43', '2026-02-03 02:39:43'),
(327, 'Yazuho Auto, PT', 'YA', 'Vendor', NULL, 'V00222', 'Kawasan Industri Jababeka Xiv, Blok J, No. 10G, Harja Mekar, Cikarang Utara.', 1, NULL, '2026-02-03 02:39:43', '2026-02-03 02:39:43'),
(328, 'INTI TEKNIK PRESISI, PT', 'ITP1', 'Vendor', NULL, 'V00224', 'Jl.Sultan Hasanudin No. 263 Blok RJ 6-B Tambun Selatan', 1, NULL, '2026-02-03 02:39:43', '2026-02-03 02:39:43'),
(329, 'SURYA ABADI RAYA, PT', 'SAR', 'Vendor', NULL, 'V00225', '', 1, NULL, '2026-02-03 02:39:43', '2026-02-03 02:39:43'),
(330, 'Adi Stationery', 'AS2', 'Vendor', NULL, 'V00226', '', 1, NULL, '2026-02-03 02:39:43', '2026-02-03 02:39:43'),
(331, 'Attijaroh Multiplas, CV', 'AM', 'Vendor', NULL, 'V00227', '', 1, NULL, '2026-02-03 02:39:43', '2026-02-03 02:39:43'),
(332, 'Cahaya Prima Kreasindo, CV', 'CPK', 'Vendor', NULL, 'V00228', '', 1, NULL, '2026-02-03 02:39:43', '2026-02-03 02:39:43'),
(333, 'Orbit Karunia Gemilang, PT', 'OKG', 'Vendor', NULL, 'V00229', '', 1, NULL, '2026-02-03 02:39:43', '2026-02-03 02:39:43'),
(334, 'Paros Dian Wiajaya, CV', 'PDW', 'Vendor', NULL, 'V00230', '', 1, NULL, '2026-02-03 02:39:43', '2026-02-03 02:39:43'),
(335, 'Ran Indonesia, CV', 'R2', 'Vendor', NULL, 'V00231', '', 1, NULL, '2026-02-03 02:39:43', '2026-02-03 02:39:43'),
(336, 'Fadika Equipment', 'FE', 'Vendor', NULL, 'V00232', '', 1, NULL, '2026-02-03 02:39:43', '2026-02-03 02:39:43'),
(337, 'Anugrah Surya Wijaya, PT', 'ASW', 'Vendor', NULL, 'V00233', '', 1, NULL, '2026-02-03 02:39:43', '2026-02-03 02:39:43'),
(338, 'Asia Bahtera Solusitech, PT', 'ABS', 'Vendor', NULL, 'V00234', '', 1, NULL, '2026-02-03 02:39:43', '2026-02-03 02:39:43'),
(339, 'Assab Steels Indoensia, PT', 'ASI', 'Vendor', NULL, 'V00235', '', 1, NULL, '2026-02-03 02:39:43', '2026-02-03 02:39:43'),
(340, 'Astra Otoparts, PT', 'AO', 'Vendor', NULL, 'V00236', '', 1, NULL, '2026-02-03 02:39:43', '2026-02-03 02:39:43'),
(341, 'Baneex Indonesia, PT', 'B', 'Vendor', NULL, 'V00237', '', 1, NULL, '2026-02-03 02:39:43', '2026-02-03 02:39:43'),
(342, 'Best Partindo Andalan Raksa Teknik, PT', 'BPART', 'Vendor', NULL, 'V00238', '', 1, NULL, '2026-02-03 02:39:43', '2026-02-03 02:39:43'),
(343, 'Bina Niaga Multiusaha, PT', 'BNM', 'Vendor', NULL, 'V00239', '', 1, NULL, '2026-02-03 02:39:43', '2026-02-03 02:39:43'),
(344, 'Daido DMS Indonesia, PT', 'DD', 'Vendor', NULL, 'V00240', '', 1, NULL, '2026-02-03 02:39:43', '2026-02-03 02:39:43'),
(345, 'Fuji Seimitsu Indonesia, PT', 'FS1', 'Vendor', NULL, 'V00241', '', 1, NULL, '2026-02-03 02:39:43', '2026-02-03 02:39:43'),
(346, 'Global Mandiri Instrumentasi, PT', 'GMI', 'Vendor', NULL, 'V00242', '', 1, NULL, '2026-02-03 02:39:43', '2026-02-03 02:39:43'),
(347, 'Hi-Lex Part Indonesia, PT', 'HP', 'Vendor', NULL, 'V00243', '', 1, NULL, '2026-02-03 02:39:43', '2026-02-03 02:39:43'),
(348, 'Inoac Polytechno Indonesia, PT', 'IP2', 'Vendor', NULL, 'V00245', '', 1, NULL, '2026-02-03 02:39:43', '2026-02-03 02:39:43'),
(349, 'Iron Wire Works Indonesia, PT', 'IWW', 'Vendor', NULL, 'V00246', '', 1, NULL, '2026-02-03 02:39:43', '2026-02-03 02:39:43'),
(350, 'Jasa Cemerlang Makmur, PT', 'JCM', 'Vendor', NULL, 'V00247', '', 1, NULL, '2026-02-03 02:39:43', '2026-02-03 02:39:43'),
(351, 'Jodabo Sukses, PT', 'JS', 'Vendor', NULL, 'V00248', '', 1, NULL, '2026-02-03 02:39:43', '2026-02-03 02:39:43'),
(352, 'Kaminindo Utama Teknik, PT', 'KUT', 'Vendor', NULL, 'V00249', '', 1, NULL, '2026-02-03 02:39:43', '2026-02-03 02:39:43'),
(353, 'Kashuka Manufacturing Indonesia, PT', 'KM', 'Vendor', NULL, 'V00250', '', 1, NULL, '2026-02-03 02:39:43', '2026-02-03 02:39:43'),
(354, 'Masbi, PT', 'M3', 'Vendor', NULL, 'V00251', '', 1, NULL, '2026-02-03 02:39:44', '2026-02-03 02:39:44'),
(355, 'Maxindo Mitra Solusi, PT', 'MMS', 'Vendor', NULL, 'V00252', '', 1, NULL, '2026-02-03 02:39:44', '2026-02-03 02:39:44'),
(356, 'Metalindo Pacific, PT', 'MP', 'Vendor', NULL, 'V00253', '', 1, NULL, '2026-02-03 02:39:44', '2026-02-03 02:39:44'),
(357, 'Moriroku Chemicals, PT', 'MC1', 'Vendor', NULL, 'V00254', '', 1, NULL, '2026-02-03 02:39:44', '2026-02-03 02:39:44'),
(358, 'Phh Special Steel, PT', 'PSS1', 'Vendor', NULL, 'V00255', '', 1, NULL, '2026-02-03 02:39:44', '2026-02-03 02:39:44'),
(359, 'Posmi Steel Indonesia, PT', 'PS2', 'Vendor', NULL, 'V00256', '', 1, NULL, '2026-02-03 02:39:44', '2026-02-03 02:39:44'),
(360, 'Primatama Bintang Indoensia Plastic Industry, PT', 'PBIPI', 'Vendor', NULL, 'V00257', '', 1, NULL, '2026-02-03 02:39:44', '2026-02-03 02:39:44'),
(361, 'Priuk Perkasa Abadi, PT', 'PPA', 'Vendor', NULL, 'V00258', '', 1, NULL, '2026-02-03 02:39:44', '2026-02-03 02:39:44'),
(362, 'Propack Kreasi Mandiri, PT', 'PKM', 'Vendor', NULL, 'V00259', '', 1, NULL, '2026-02-03 02:39:44', '2026-02-03 02:39:44'),
(363, 'Qualis Indoensia, PT', 'QI', 'Vendor', NULL, 'V00260', '', 1, NULL, '2026-02-03 02:39:44', '2026-02-03 02:39:44'),
(364, 'Rahmat Peradna Adhimetal, PT', 'RPA', 'Vendor', NULL, 'V00261', '', 1, NULL, '2026-02-03 02:39:44', '2026-02-03 02:39:44'),
(365, 'Sinar Prima Plastindo, PT', 'SPP', 'Vendor', NULL, 'V00262', '', 1, NULL, '2026-02-03 02:39:44', '2026-02-03 02:39:44'),
(366, 'Skypackhutama Industry, PT', 'SI3', 'Vendor', NULL, 'V00263', '', 1, NULL, '2026-02-03 02:39:44', '2026-02-03 02:39:44'),
(367, 'Somagede Indonesia, PT', 'S3', 'Vendor', NULL, 'V00264', '', 1, NULL, '2026-02-03 02:39:44', '2026-02-03 02:39:44'),
(368, 'Suron Seiko Indonesia, PT', 'SS', 'Vendor', NULL, 'V00265', '', 1, NULL, '2026-02-03 02:39:44', '2026-02-03 02:39:44'),
(369, 'Surya Abadi Raya, PT', 'SAR1', 'Vendor', NULL, 'V00266', '', 1, NULL, '2026-02-03 02:39:44', '2026-02-03 02:39:44'),
(370, 'Tomo San Wire, PT', 'TSW', 'Vendor', NULL, 'V00267', '', 1, NULL, '2026-02-03 02:39:44', '2026-02-03 02:39:44'),
(371, 'Tunas Tumbuh Bersama, PT', 'TTB', 'Vendor', NULL, 'V00268', '', 1, NULL, '2026-02-03 02:39:44', '2026-02-03 02:39:44'),
(372, 'Tunggal jaya Teknik, PT', 'TJT', 'Vendor', NULL, 'V00269', '', 1, NULL, '2026-02-03 02:39:44', '2026-02-03 02:39:44'),
(373, 'Yuriz Mitra Usaha, PT', 'YMU', 'Vendor', NULL, 'V00270', '', 1, NULL, '2026-02-03 02:39:44', '2026-02-03 02:39:44'),
(374, 'Sekawan Adi Teknik', 'SAT', 'Vendor', NULL, 'V00271', '', 1, NULL, '2026-02-03 02:39:44', '2026-02-03 02:39:44'),
(375, 'Star Ink For Exelllen Print', 'SIFEP', 'Vendor', NULL, 'V00272', '', 1, NULL, '2026-02-03 02:39:44', '2026-02-03 02:39:44'),
(376, 'CITRA NUGERAH KARYA, PT', 'CNK', 'Vendor', NULL, 'V00273', '', 1, NULL, '2026-02-03 02:39:44', '2026-02-03 02:39:44'),
(377, 'HI-LEX INDONESIA, PT', 'HI', 'Vendor', NULL, 'V00274', '', 1, NULL, '2026-02-03 02:39:44', '2026-02-03 02:39:44'),
(378, 'BRIDGESTONE MINING SOLUTION INDONESIA, PT', 'BMSI', 'Vendor', NULL, 'V00275', '', 1, NULL, '2026-02-03 02:39:44', '2026-02-03 02:39:44'),
(379, 'MAKUTA UTAMA, PT', 'MU', 'Vendor', NULL, 'V00276', '', 1, NULL, '2026-02-03 02:39:44', '2026-02-03 02:39:44'),
(380, 'W&A SEJAHTERA,CV', 'WS', 'Vendor', NULL, 'V00277', '', 1, NULL, '2026-02-03 02:39:44', '2026-02-03 02:39:44'),
(381, 'INDONESIA STANLEY ELECTRIC, PT', 'ISE', 'Vendor', NULL, 'V00278', '', 1, NULL, '2026-02-03 02:39:44', '2026-02-03 02:39:44'),
(382, 'DHARMA LUAS PUTRA, PT', 'DLP', 'Vendor', NULL, 'V00279', '', 1, NULL, '2026-02-03 02:39:44', '2026-02-03 02:39:44'),
(383, 'CITRA TRININDO INDONESIA', 'CTI', 'Vendor', NULL, 'V00280', '', 1, NULL, '2026-02-03 02:39:44', '2026-02-03 02:39:44'),
(384, 'CITRA ABADI TEKNIK, PT', 'CAT', 'Vendor', NULL, 'V00281', '', 1, NULL, '2026-02-03 02:39:44', '2026-02-03 02:39:44'),
(385, 'MARDIZU SEJAHTERA, PT', 'MS1', 'Vendor', NULL, 'V00282', '', 1, NULL, '2026-02-03 02:39:44', '2026-02-03 02:39:44'),
(386, 'SUCCES JAYA TAILOR', 'SJT1', 'Vendor', NULL, 'V00283', '', 1, NULL, '2026-02-03 02:39:44', '2026-02-03 02:39:44'),
(387, 'TUNAS CITRA PANDAWA, PT', 'TCP', 'Vendor', NULL, 'V00284', 'Jl. Raya Jatiwaringin No. 9C, Pondok Gede', 1, NULL, '2026-02-03 02:39:44', '2026-02-03 02:39:44'),
(388, 'FAHREN TRANSINDO INTERNUSA, CV', 'FTI', 'Vendor', NULL, 'V00285', '', 1, NULL, '2026-02-03 02:39:44', '2026-02-03 02:39:44'),
(389, 'MANDIRI WELDING, CV', 'MW', 'Vendor', NULL, 'V00286', '', 1, NULL, '2026-02-03 02:39:44', '2026-02-03 02:39:44'),
(390, 'SISTIM OTOMASI INDONESIA, PT', 'SOI', 'Vendor', NULL, 'V00287', '', 1, NULL, '2026-02-03 02:39:44', '2026-02-03 02:39:44'),
(391, 'MANDIRI AGUNG SEJAHTERA', 'MAS', 'Vendor', NULL, 'V00288', '', 1, NULL, '2026-02-03 02:39:44', '2026-02-03 02:39:44'),
(392, 'DWIJAYA SELARAS, PT', 'DS1', 'Vendor', NULL, 'V00289', '', 1, NULL, '2026-02-03 02:39:44', '2026-02-03 02:39:44'),
(393, 'CIKAS SECURITY', 'CS', 'Vendor', NULL, 'V00290', '', 1, NULL, '2026-02-03 02:39:44', '2026-02-03 02:39:44'),
(394, 'TATA KARYA RUBBERINDO, PT', 'TKR', 'Vendor', NULL, 'V00291', '', 1, NULL, '2026-02-03 02:39:44', '2026-02-03 02:39:44'),
(395, 'DUODIV UTAMA, PT', 'DU', 'Vendor', NULL, 'V00292', '', 1, NULL, '2026-02-03 02:39:44', '2026-02-03 02:39:44'),
(396, 'PT. SEVEN MOUNTAIN INTERNATIONAL, PT', 'SMI', 'Vendor', NULL, 'V00293', '', 1, NULL, '2026-02-03 02:39:44', '2026-02-03 02:39:44'),
(397, 'HANWA STEEL SERVICE INDONESIA, PT', 'HSSI', 'Vendor', NULL, 'V00294', '', 1, NULL, '2026-02-03 02:39:44', '2026-02-03 02:39:44'),
(398, 'YOKATA INDONESIA, PT', 'YI', 'Vendor', NULL, 'V00295', '', 1, NULL, '2026-02-03 02:39:44', '2026-02-03 02:39:44'),
(399, 'H.A. SUHANDI, PD', 'HAS', 'Vendor', NULL, 'V00296', '', 1, NULL, '2026-02-03 02:39:44', '2026-02-03 02:39:44'),
(400, 'MASKAR ABADI TEKNIK, PT', 'MAT', 'Vendor', NULL, 'V00297', '', 1, NULL, '2026-02-03 02:39:44', '2026-02-03 02:39:44'),
(401, 'ABYZAIN JAYA TEKNIKA, CV', 'AJT', 'Vendor', NULL, 'V00298', '', 1, NULL, '2026-02-03 02:39:44', '2026-02-03 02:39:44'),
(402, 'MAJU JAYA MAKMUR', 'MJM', 'Vendor', NULL, 'V00299', '', 1, NULL, '2026-02-03 02:39:44', '2026-02-03 02:39:44'),
(403, 'DAIICHI TEKNO SELARAS, PT', 'DTS', 'Vendor', NULL, 'V00300', '', 1, NULL, '2026-02-03 02:39:44', '2026-02-03 02:39:44'),
(404, 'Persada Garda Nusa, PT', 'PGN', 'Vendor', NULL, 'V00301', '', 1, NULL, '2026-02-03 02:39:44', '2026-02-03 02:39:44'),
(405, 'INDONESIA APPLICAD, PT', 'IA', 'Vendor', NULL, 'V00302', '', 1, NULL, '2026-02-03 02:39:44', '2026-02-03 02:39:44'),
(406, 'SUMBER CIKARANG PLATINDO,PT', 'SCP', 'Vendor', NULL, 'V00303', '', 1, NULL, '2026-02-03 02:39:44', '2026-02-03 02:39:44'),
(407, 'REMALA ABADI, PT', 'RA', 'Vendor', NULL, 'V00304', '', 1, NULL, '2026-02-03 02:39:44', '2026-02-03 02:39:44'),
(408, 'SYNERAL INDONESIA, PT', 'SI4', 'Vendor', NULL, 'V00305', '', 1, NULL, '2026-02-03 02:39:44', '2026-02-03 02:39:44'),
(409, 'MULIA ANDALAN GEMILANG, PT', 'MAG', 'Vendor', NULL, 'V00306', '', 1, NULL, '2026-02-03 02:39:44', '2026-02-03 02:39:44'),
(410, 'ANUGERAH HASIL SUKSES, PT', 'AHS', 'Vendor', NULL, 'V00307', '', 1, NULL, '2026-02-03 02:39:44', '2026-02-03 02:39:44'),
(411, 'DSI LASER INT\'L INDONESIA, PT', 'DLII', 'Vendor', NULL, 'V00308', '', 1, NULL, '2026-02-03 02:39:44', '2026-02-03 02:39:44'),
(412, 'CITRA PANCA USAHA SUKSES, PT', 'CPUS', 'Vendor', NULL, 'V00309', '', 1, NULL, '2026-02-03 02:39:44', '2026-02-03 02:39:44'),
(413, 'JODABO SUKSES, PT', 'JS1', 'Vendor', NULL, 'V00310', '', 1, NULL, '2026-02-03 02:39:44', '2026-02-03 02:39:44'),
(414, 'TEXTURE SEJAHTERA, CV', 'TS1', 'Vendor', NULL, 'V00311', '', 1, NULL, '2026-02-03 02:39:44', '2026-02-03 02:39:44'),
(415, 'MULTI GUNA TEKNIK', 'MGT', 'Vendor', NULL, 'V00312', '', 1, NULL, '2026-02-03 02:39:44', '2026-02-03 02:39:44'),
(416, 'BERDIKARI METAL ENGINEERING, PT', 'BME1', 'Vendor', NULL, 'V00313', '', 1, NULL, '2026-02-03 02:39:44', '2026-02-03 02:39:44'),
(417, 'AIDA INDONESIA, PT', 'AI2', 'Vendor', NULL, 'V00314', '', 1, NULL, '2026-02-03 02:39:44', '2026-02-03 02:39:44'),
(418, 'KASANA TEKNINDO GEMILANG, PT', 'KTG', 'Vendor', NULL, 'V00315', '', 1, NULL, '2026-02-03 02:39:44', '2026-02-03 02:39:44'),
(419, 'GLOBAL CIPTA TEKNIK, PT', 'GCT', 'Vendor', NULL, 'V00316', '', 1, NULL, '2026-02-03 02:39:44', '2026-02-03 02:39:44'),
(420, 'PERMATA CAHAYA ADHIKARYA, PT', 'PCA', 'Vendor', NULL, 'V00317', '', 1, NULL, '2026-02-03 02:39:44', '2026-02-03 02:39:44'),
(421, 'INTERTEK UTAMA SERVICE,PT', 'IUS', 'Vendor', NULL, 'V00318', '', 1, NULL, '2026-02-03 02:39:44', '2026-02-03 02:39:44'),
(422, 'SUMBER ANUGRAH PLASINDO, CV', 'SAP', 'Vendor', NULL, 'V00319', '', 1, NULL, '2026-02-03 02:39:44', '2026-02-03 02:39:44'),
(423, 'HORAS MIDUK, PT', 'HM', 'Vendor', NULL, 'V00320', '', 1, NULL, '2026-02-03 02:39:44', '2026-02-03 02:39:44'),
(424, 'LANCAR JAYA, CV', 'LJ', 'Vendor', NULL, 'V00321', '', 1, NULL, '2026-02-03 02:39:44', '2026-02-03 02:39:44'),
(425, 'MULIA KABEL POWER, PT', 'MKP1', 'Vendor', NULL, 'V00322', '', 1, NULL, '2026-02-03 02:39:44', '2026-02-03 02:39:44'),
(426, 'SARI SARANA KIMIATAMA, PT', 'SSK', 'Vendor', NULL, 'V00323', '', 1, NULL, '2026-02-03 02:39:44', '2026-02-03 02:39:44'),
(427, 'AFTA GLOBAL UTAMA, PT', 'AGU', 'Vendor', NULL, 'V00324', '', 1, NULL, '2026-02-03 02:39:44', '2026-02-03 02:39:44'),
(428, 'AITI TAKWA INDONESIA, PT', 'ATI1', 'Vendor', NULL, 'V00325', '', 1, NULL, '2026-02-03 02:39:44', '2026-02-03 02:39:44'),
(429, 'TRI TUNGGAL, CV', 'TT2', 'Vendor', NULL, 'V00326', '', 1, NULL, '2026-02-03 02:39:44', '2026-02-03 02:39:44'),
(430, 'FOCUS COLOR INDONESIA, PT', 'FCI', 'Vendor', NULL, 'V00327', '', 1, NULL, '2026-02-03 02:39:44', '2026-02-03 02:39:44'),
(431, 'WIRA MULTI PLATINDO, PT', 'WMP1', 'Vendor', NULL, 'V00328', '', 1, NULL, '2026-02-03 02:39:44', '2026-02-03 02:39:44'),
(432, 'MUSTI JAYA COOL', 'MJC', 'Vendor', NULL, 'V00329', '', 1, NULL, '2026-02-03 02:39:44', '2026-02-03 02:39:44'),
(433, 'KITAKAYA RAHARJA INDONESIA, PT', 'KRI', 'Vendor', NULL, 'V00330', '', 1, NULL, '2026-02-03 02:39:44', '2026-02-03 02:39:44'),
(434, 'MUTIARA MAJU BERSAMA, CV', 'MMB', 'Vendor', NULL, 'V00331', '', 1, NULL, '2026-02-03 02:39:44', '2026-02-03 02:39:44'),
(435, 'BERKAT TIMUR, CV', 'BT2', 'Vendor', NULL, 'V00332', '', 1, NULL, '2026-02-03 02:39:44', '2026-02-03 02:39:44'),
(436, 'Edwitri Dira Jaya Security', 'EDJS', 'Vendor', NULL, 'V00333', '', 1, NULL, '2026-02-03 02:39:44', '2026-02-03 02:39:44'),
(437, 'SINAR TERANG LOGAM JAYA,PT', 'STLJ', 'Vendor', NULL, 'V00334', '', 1, NULL, '2026-02-03 02:39:44', '2026-02-03 02:39:44'),
(438, 'maju bersama plastindo, pt', 'MBPP', 'Vendor', NULL, 'V00335', '', 1, NULL, '2026-02-03 02:39:44', '2026-02-03 02:39:44'),
(439, 'CBC PRIMA, PT', 'CP2', 'Vendor', NULL, 'V00336', '', 1, NULL, '2026-02-03 02:39:44', '2026-02-03 02:39:44'),
(440, 'TAFU TEKNIK UTAMA, PT', 'TTU', 'Vendor', NULL, 'V00337', '', 1, NULL, '2026-02-03 02:39:44', '2026-02-03 02:39:44'),
(441, 'TRIJAYA ENGINEERING, PT', 'TE', 'Vendor', NULL, 'V00338', '', 1, NULL, '2026-02-03 02:39:44', '2026-02-03 02:39:44'),
(442, 'INTRA TEKNO JAYA, PT', 'ITJ', 'Vendor', NULL, 'V00339', '', 1, NULL, '2026-02-03 02:39:44', '2026-02-03 02:39:44'),
(443, 'OPTIMA MITRA SEMESTA', 'OMS', 'Vendor', NULL, 'V00340', '', 1, NULL, '2026-02-03 02:39:44', '2026-02-03 02:39:44'),
(444, 'GUNA BEARING', 'GB', 'Vendor', NULL, 'V00341', '', 1, NULL, '2026-02-03 02:39:44', '2026-02-03 02:39:44'),
(445, 'GLOBAL QUALITY INDONESIA, PT', 'GQI', 'Vendor', NULL, 'V00342', '', 1, NULL, '2026-02-03 02:39:44', '2026-02-03 02:39:44'),
(446, 'BADAN PENGKAJIAN DAN PENERAPAN TEKNOLOGI', 'BPDPT', 'Vendor', NULL, 'V00343', '', 1, NULL, '2026-02-03 02:39:44', '2026-02-03 02:39:44'),
(447, 'ZAIN TECHNINDO, CV', 'ZT', 'Vendor', NULL, 'V00344', '', 1, NULL, '2026-02-03 02:39:44', '2026-02-03 02:39:44'),
(448, 'JINGGA METROLOGI SOLUSI,PT', 'JMS', 'Vendor', NULL, 'V00345', '', 1, NULL, '2026-02-03 02:39:44', '2026-02-03 02:39:44'),
(449, 'JAYASUTRA OTO PARTS, PT', 'JOP', 'Vendor', NULL, 'V00346', '', 1, NULL, '2026-02-03 02:39:44', '2026-02-03 02:39:44'),
(450, 'TIMSTAR NAGAI SOLUSINDO, PT', 'TNS', 'Vendor', NULL, 'V00347', '', 1, NULL, '2026-02-03 02:39:44', '2026-02-03 02:39:44'),
(451, 'SUMBER AGUNG SETIA ABADI, PT', 'SASA', 'Vendor', NULL, 'V00348', '', 1, NULL, '2026-02-03 02:39:44', '2026-02-03 02:39:44'),
(452, 'PRIMA INK', 'PI1', 'Vendor', NULL, 'V00349', '', 1, NULL, '2026-02-03 02:39:44', '2026-02-03 02:39:44'),
(453, 'KLINIK BULUH TIGA PERINDU', 'KBTP', 'Vendor', NULL, 'V00350', '', 1, NULL, '2026-02-03 02:39:44', '2026-02-03 02:39:44'),
(454, 'FLET ANUGERAH TEKNIK', 'FAT', 'Vendor', NULL, 'V00351', '', 1, NULL, '2026-02-03 02:39:44', '2026-02-03 02:39:44'),
(455, 'Yeon Technology, PT', 'YT1', 'Vendor', NULL, 'V00352', '', 1, NULL, '2026-02-03 02:39:44', '2026-02-03 02:39:44'),
(456, 'PILAR ANUGERAH MANDIRI, PT', 'PAM', 'Vendor', NULL, 'V00353', '', 1, NULL, '2026-02-03 02:39:44', '2026-02-03 02:39:44'),
(457, 'STYRO CHEMINDO. PT', 'SC', 'Vendor', NULL, 'V00354', '', 1, NULL, '2026-02-03 02:39:44', '2026-02-03 02:39:44'),
(458, 'SINTESA JAYA ABADI. PT', 'SJA', 'Vendor', NULL, 'V00355', '17550', 1, NULL, '2026-02-03 02:39:44', '2026-02-03 02:39:44'),
(459, 'AGAPE TRIKARSA LIBRATAMA, PT', 'ATL1', 'Vendor', NULL, 'V00356', '', 1, NULL, '2026-02-03 02:39:44', '2026-02-03 02:39:44'),
(460, 'PERMATA BUANA INDAH, CV', 'PBI', 'Vendor', NULL, 'V00357', '', 1, NULL, '2026-02-03 02:39:44', '2026-02-03 02:39:44'),
(461, 'GHONIYYU INDONESIA, PT', 'GI', 'Vendor', NULL, 'V00358', '', 1, NULL, '2026-02-03 02:39:44', '2026-02-03 02:39:44'),
(462, 'KARYA INFORMASI NUSANTARA, PT', 'KIN', 'Vendor', NULL, 'V00359', '', 1, NULL, '2026-02-03 02:39:44', '2026-02-03 02:39:44'),
(463, 'MYGROWTEK JAYA IMAJIN, PT', 'MJI', 'Vendor', NULL, 'V00360', '', 1, NULL, '2026-02-03 02:39:44', '2026-02-03 02:39:44'),
(464, 'ARTHA KARSA SEMESTA, PT', 'AKS', 'Vendor', NULL, 'V00361', '', 1, NULL, '2026-02-03 02:39:44', '2026-02-03 02:39:44'),
(465, 'HAST TECHNO MANUFACTURING, PT', 'HTM1', 'Vendor', NULL, 'V00362', 'CIKARANG PUSAT', 1, NULL, '2026-02-03 02:39:44', '2026-02-03 02:39:44'),
(466, 'MAJU JAYA TEKNIK', 'MJT', 'Vendor', NULL, 'V00363', '', 1, NULL, '2026-02-03 02:39:44', '2026-02-03 02:39:44'),
(467, 'FUJIMAKI STEEL INDONESIA, PT', 'FSI', 'Vendor', NULL, 'V00364', '', 1, NULL, '2026-02-03 02:39:44', '2026-02-03 02:39:44'),
(468, 'SERASI TOOLSINDO, PT', 'ST', 'Vendor', NULL, 'V00365', '', 1, NULL, '2026-02-03 02:39:44', '2026-02-03 02:39:44'),
(469, 'BINTANG BARU CEMERLANG, PT', 'BBC', 'Vendor', NULL, 'V00366', '', 1, NULL, '2026-02-03 02:39:44', '2026-02-03 02:39:44'),
(470, 'SUPER STEEL KARAWANG, PT', 'SSK1', 'Vendor', NULL, 'V00367', '', 1, NULL, '2026-02-03 02:39:44', '2026-02-03 02:39:44'),
(471, 'CIPTA SURYA MANDIRI JAYA, PT', 'CSMJ', 'Vendor', NULL, 'V00368', '', 1, NULL, '2026-02-03 02:39:44', '2026-02-03 02:39:44'),
(472, 'FIJAR ABADI, CV', 'FA1', 'Vendor', NULL, 'V00369', '', 1, NULL, '2026-02-03 02:39:44', '2026-02-03 02:39:44'),
(473, 'INDOBOOSTER PUTRAMAS INDAH, PT', 'IPI', 'Vendor', NULL, 'V00370', '', 1, NULL, '2026-02-03 02:39:44', '2026-02-03 02:39:44'),
(474, 'ASIA POLYPLAS, PT', 'AP3', 'Vendor', NULL, 'V00371', '', 1, NULL, '2026-02-03 02:39:44', '2026-02-03 02:39:44'),
(475, 'B.S. INDONESIA, PT', 'BSI', 'Vendor', NULL, 'V00372', '', 1, NULL, '2026-02-03 02:39:44', '2026-02-03 02:39:44'),
(476, 'SUGIH SAMPURNA JAYA, PT', 'SSJ', 'Vendor', NULL, 'V00373', '', 1, NULL, '2026-02-03 02:39:44', '2026-02-03 02:39:44'),
(477, 'KMPD HEAT TECH INDONESIA, PT', 'KHTI', 'Vendor', NULL, 'V00374', '', 1, NULL, '2026-02-03 02:39:44', '2026-02-03 02:39:44'),
(478, 'ANUGERAH PRATAMA TEHNIK, CV', 'APT1', 'Vendor', NULL, 'V00375', '', 1, NULL, '2026-02-03 02:39:44', '2026-02-03 02:39:44'),
(479, 'TANGGUH FLUIDA POWERINDO, PT', 'TFP', 'Vendor', NULL, 'V00376', '', 1, NULL, '2026-02-03 02:39:44', '2026-02-03 02:39:44'),
(480, 'SIGMA & HEARTS INDONESIA, PT', 'SHI', 'Vendor', NULL, 'V00377', '', 1, NULL, '2026-02-03 02:39:44', '2026-02-03 02:39:44'),
(481, 'SUKSES JAYA MAKMUR, PT', 'SJM', 'Vendor', NULL, 'V00378', '', 1, NULL, '2026-02-03 02:39:44', '2026-02-03 02:39:44'),
(482, 'LAGUNA INTINIAGA ENERGI, PT', 'LIE', 'Vendor', NULL, 'V00379', '', 1, NULL, '2026-02-03 02:39:44', '2026-02-03 02:39:44'),
(483, 'ACOCHEM INDONESIA, PT', 'AI3', 'Vendor', NULL, 'V00380', '', 1, NULL, '2026-02-03 02:39:44', '2026-02-03 02:39:44'),
(484, 'UNC SEIKO TEKNOLOGI, PT', 'UST', 'Vendor', NULL, 'V00381', '', 1, NULL, '2026-02-03 02:39:44', '2026-02-03 02:39:44'),
(485, 'SIGMA INDONESIA MANUFACTURING, PT', 'SIM', 'Vendor', NULL, 'V00382', '', 1, NULL, '2026-02-03 02:39:44', '2026-02-03 02:39:44'),
(486, 'ZIKRA DAYA UTAMA, PT', 'ZDU', 'Vendor', NULL, 'V00383', '', 1, NULL, '2026-02-03 02:39:44', '2026-02-03 02:39:44'),
(487, 'YUDO INDONESIA, PT', 'YI1', 'Vendor', NULL, 'V00384', '', 1, NULL, '2026-02-03 02:39:44', '2026-02-03 02:39:44'),
(488, 'CITRA AIRINDO ABADI, PT', 'CAA', 'Vendor', NULL, 'V00385', '', 1, NULL, '2026-02-03 02:39:44', '2026-02-03 02:39:44'),
(489, 'NAGANO INDOTECH, CV', 'NI1', 'Vendor', NULL, 'V00386', '', 1, NULL, '2026-02-03 02:39:44', '2026-02-03 02:39:44'),
(490, 'HABIBI MAULANA TEKNIK, PT', 'HMT', 'Vendor', NULL, 'V00387', '', 1, NULL, '2026-02-03 02:39:44', '2026-02-03 02:39:44'),
(491, 'FASTINDO SUKSES SEJAHTERA, PT', 'FSS', 'Vendor', NULL, 'V00388', '', 1, NULL, '2026-02-03 02:39:44', '2026-02-03 02:39:44'),
(492, 'SATRIA TEKNIK', 'ST1', 'Vendor', NULL, 'V00389', '', 1, NULL, '2026-02-03 02:39:44', '2026-02-03 02:39:44'),
(493, 'TAZQI TEKNIK', 'TT3', 'Vendor', NULL, 'V00390', '', 1, NULL, '2026-02-03 02:39:44', '2026-02-03 02:39:44'),
(494, 'KEYENCE INDONESIA, PT', 'KI', 'Vendor', NULL, 'V00391', '', 1, NULL, '2026-02-03 02:39:44', '2026-02-03 02:39:44'),
(495, 'PUTRABANGUN RUBBERINDO, PT', 'PR', 'Vendor', NULL, 'V00392', '', 1, NULL, '2026-02-03 02:39:44', '2026-02-03 02:39:44'),
(496, 'YUASA SHOJI INDONESIA, PT', 'YSI', 'Vendor', NULL, 'V00393', '', 1, NULL, '2026-02-03 02:39:44', '2026-02-03 02:39:44'),
(497, 'ASTI PANJI DILATAMA, PT', 'APD', 'Vendor', NULL, 'V00394', '', 1, NULL, '2026-02-03 02:39:44', '2026-02-03 02:39:44'),
(498, 'YAKIN MAJU SENTOSA, PT', 'YMS', 'Vendor', NULL, 'V00395', 'KOMP. GLODOK PLAZA BLOK NO. 115 JAKARTA', 1, NULL, '2026-02-03 02:39:44', '2026-02-03 02:39:44'),
(499, 'ADE PLASTIC PRATAMA, CV', 'APP', 'Vendor', NULL, 'V00396', '', 1, NULL, '2026-02-03 02:39:44', '2026-02-03 02:39:44'),
(500, 'WAHANA SEJAHTERA LANGGENG MAKMUR, PT', 'WSLM', 'Vendor', NULL, 'V00397', '', 1, NULL, '2026-02-03 02:39:44', '2026-02-03 02:39:44'),
(501, 'UMSODA SAISHO, CV', 'US1', 'Vendor', NULL, 'V00398', '', 1, NULL, '2026-02-03 02:39:44', '2026-02-03 02:39:44'),
(502, 'SANKO STEEL INDONESIA, PT', 'SSI1', 'Vendor', NULL, 'V00399', '', 1, NULL, '2026-02-03 02:39:44', '2026-02-03 02:39:44'),
(503, 'BERKAH MANUFACTURING INDONESIA, PT', 'BMI', 'Vendor', NULL, 'V00400', 'CIKARANG TIMUR, BEKASI', 1, NULL, '2026-02-03 02:39:44', '2026-02-03 02:39:44'),
(504, 'KEN, CV', 'K2', 'Vendor', NULL, 'V00401', 'BEKASI 17550', 1, NULL, '2026-02-03 02:39:44', '2026-02-03 02:39:44'),
(505, 'ECHO ENGINEERING, PT', 'EE', 'Vendor', NULL, 'V00402', '', 1, NULL, '2026-02-03 02:39:44', '2026-02-03 02:39:44'),
(506, 'MAKMUR META GRHA DINAMIKA, PT', 'MMGD', 'Vendor', NULL, 'V00403', '', 1, NULL, '2026-02-03 02:39:44', '2026-02-03 02:39:44'),
(507, 'M-CAD, PT.', 'M4', 'Vendor', NULL, 'V00404', '', 1, NULL, '2026-02-03 02:39:44', '2026-02-03 02:39:44'),
(508, 'Sinar Sakti, CV', 'SS1', 'Vendor', NULL, 'V00405', '', 1, NULL, '2026-02-03 02:39:44', '2026-02-03 02:39:44'),
(509, 'ABADI JAYA AGUNG, CV', 'AJA', 'Vendor', NULL, 'V00406', '', 1, NULL, '2026-02-03 02:39:44', '2026-02-03 02:39:44'),
(510, 'RMT MANUFACTURE, CV', 'RM', 'Vendor', NULL, 'V00407', '', 1, NULL, '2026-02-03 02:39:44', '2026-02-03 02:39:44'),
(511, 'AFTECH RUBBERINDO PRATAMA, PT', 'ARP', 'Vendor', NULL, 'V00408', '', 1, NULL, '2026-02-03 02:39:44', '2026-02-03 02:39:44'),
(512, 'LEO PLASTIK, CV', 'LP', 'Vendor', NULL, 'V00409', '', 1, NULL, '2026-02-03 02:39:44', '2026-02-03 02:39:44'),
(513, 'JINGGA JAYA ABADI, PT', 'JJA', 'Vendor', NULL, 'V00410', '', 1, NULL, '2026-02-03 02:39:44', '2026-02-03 02:39:44'),
(514, 'Beone Optima Solusi, PT', 'BOS', 'Vendor', NULL, 'V00411', 'Rukan Greenlake City, Rukan Crown Blok B Nomor 3', 1, NULL, '2026-02-03 02:39:45', '2026-02-03 02:39:45'),
(515, 'KARYA MANDIRI MANUFACTURE, CV', 'KMM2', 'Vendor', NULL, 'V00412', '', 1, NULL, '2026-02-03 02:39:45', '2026-02-03 02:39:45'),
(516, 'TRUSTINDO MEKATRONICS MULYA, PT', 'TMM', 'Vendor', NULL, 'V00413', '', 1, NULL, '2026-02-03 02:39:45', '2026-02-03 02:39:45'),
(517, 'Sealmart Indonesia, PT', 'S4', 'Vendor', NULL, 'V00414', '', 1, NULL, '2026-02-03 02:39:45', '2026-02-03 02:39:45'),
(518, 'KUSUMA TEKNIK', 'KT', 'Vendor', NULL, 'V00415', '', 1, NULL, '2026-02-03 02:39:45', '2026-02-03 02:39:45'),
(519, 'Artha Avon Teknologi, PT', 'AAT', 'Vendor', NULL, 'V00417', '', 1, NULL, '2026-02-03 02:39:45', '2026-02-03 02:39:45'),
(520, 'IBARAKI KOGYO HANAN INDONESIA, PT', 'IKHI', 'Vendor', NULL, 'V00418', '', 1, NULL, '2026-02-03 02:39:45', '2026-02-03 02:39:45'),
(521, 'GEMILANG POWER MESINDO, PT', 'GPM', 'Vendor', NULL, 'V00419', 'TANGGERANG', 1, NULL, '2026-02-03 02:39:45', '2026-02-03 02:39:45'),
(522, 'DUA SEKAWAN', 'DS2', 'Vendor', NULL, 'V00420', '', 1, NULL, '2026-02-03 02:39:45', '2026-02-03 02:39:45'),
(523, 'ISHO UTAMAS, PT', 'IU', 'Vendor', NULL, 'V00421', '', 1, NULL, '2026-02-03 02:39:45', '2026-02-03 02:39:45'),
(524, 'GRADIEN, PT', 'G1', 'Vendor', NULL, 'V00422', '', 1, NULL, '2026-02-03 02:39:45', '2026-02-03 02:39:45'),
(525, 'Surya Maju Tehnik, PT', 'SMT', 'Vendor', NULL, 'V00423', '', 1, NULL, '2026-02-03 02:39:45', '2026-02-03 02:39:45'),
(526, 'MYTEK LASER CUTTING, PT', 'MLC', 'Vendor', NULL, 'V00424', '', 1, NULL, '2026-02-03 02:39:45', '2026-02-03 02:39:45'),
(527, 'DHARMA INTI TEKNO, PT', 'DIT', 'Vendor', NULL, 'V00425', '', 1, NULL, '2026-02-03 02:39:45', '2026-02-03 02:39:45'),
(528, 'MANDIRI GLOBAL TEKNOLOGI, CV', 'MGT1', 'Vendor', NULL, 'V00426', '', 1, NULL, '2026-02-03 02:39:45', '2026-02-03 02:39:45'),
(529, 'Anugerah Pratama Tehnik, CV', 'APT2', 'Vendor', NULL, 'V00427', 'Jln. Pabrik Kulit No. 09', 1, NULL, '2026-02-03 02:39:45', '2026-02-03 02:39:45'),
(530, 'KARYA MANDIRI JAYA AIRCON', 'KMJA', 'Vendor', NULL, 'V00428', '', 1, NULL, '2026-02-03 02:39:45', '2026-02-03 02:39:45'),
(531, 'MITRA JAYA MANDIRI', 'MJM1', 'Vendor', NULL, 'V00429', '', 1, NULL, '2026-02-03 02:39:45', '2026-02-03 02:39:45'),
(532, 'PRANATA CORPORINDO TECHNOLOGY, CV', 'PCT', 'Vendor', NULL, 'V00430', '', 1, NULL, '2026-02-03 02:39:45', '2026-02-03 02:39:45'),
(533, 'YUTAKA MANUFACTURING INDONESIA, PT', 'YMI', 'Vendor', NULL, 'V00431', '', 1, NULL, '2026-02-03 02:39:45', '2026-02-03 02:39:45'),
(534, 'INDO KIDA PLATING, PT.', 'IKP', 'Vendor', NULL, 'V00432', '', 1, NULL, '2026-02-03 02:39:45', '2026-02-03 02:39:45'),
(535, 'Yontomo Sukses Abadi, PT.', 'YSA', 'Vendor', NULL, 'V00433', '', 1, NULL, '2026-02-03 02:39:45', '2026-02-03 02:39:45'),
(536, 'Otello Kurnia Benhs, PT', 'OKB', 'Vendor', NULL, 'V00434', '', 1, NULL, '2026-02-03 02:39:45', '2026-02-03 02:39:45'),
(537, 'TUNGGAL MANDIRI, CV.', 'TM', 'Vendor', NULL, 'V00435', '', 1, NULL, '2026-02-03 02:39:45', '2026-02-03 02:39:45'),
(538, 'Aptech Prima Mandiri, CV', 'APM', 'Vendor', NULL, 'V00436', '', 1, NULL, '2026-02-03 02:39:45', '2026-02-03 02:39:45'),
(539, 'MEGA KARYA ELEKTRIKA, PT', 'MKE', 'Vendor', NULL, 'V00437', '', 1, NULL, '2026-02-03 02:39:45', '2026-02-03 02:39:45'),
(540, 'SELARAS MANDIRI, CV', 'SM2', 'Vendor', NULL, 'V00438', '', 1, NULL, '2026-02-03 02:39:45', '2026-02-03 02:39:45'),
(541, 'SARANA MITRA LUAS, PT', 'SML', 'Vendor', NULL, 'V00439', '', 1, NULL, '2026-02-03 02:39:45', '2026-02-03 02:39:45'),
(542, 'USAHA BERSAMA EXPRESS, CV', 'UBE', 'Vendor', NULL, 'V00440', '', 1, NULL, '2026-02-03 02:39:45', '2026-02-03 02:39:45'),
(543, 'GEDE RENT CAR, CV.', 'GRC', 'Vendor', NULL, 'V00441', '', 1, NULL, '2026-02-03 02:39:45', '2026-02-03 02:39:45'),
(544, 'ABIRAMA TEKINDO', 'AT1', 'Vendor', NULL, 'V00442', '', 1, NULL, '2026-02-03 02:39:45', '2026-02-03 02:39:45'),
(545, 'PANDHAYU MULIA SEJAHTERA, CV', 'PMS', 'Vendor', NULL, 'V00443', '', 1, NULL, '2026-02-03 02:39:45', '2026-02-03 02:39:45'),
(546, 'SAUDARA ANUGRAH', 'SA1', 'Vendor', NULL, 'V00444', '', 1, NULL, '2026-02-03 02:39:45', '2026-02-03 02:39:45'),
(547, 'YANTOMO SUKSES ABADI, PT', 'YSA1', 'Vendor', NULL, 'V00445', '', 1, NULL, '2026-02-03 02:39:45', '2026-02-03 02:39:45'),
(548, 'DEKSAFINDO PRATAMA ABADI, PT', 'DPA', 'Vendor', NULL, 'V00446', '', 1, NULL, '2026-02-03 02:39:45', '2026-02-03 02:39:45'),
(549, 'MADYA PUTERA TEHNIK, PT', 'MPT', 'Vendor', NULL, 'V00447', '', 1, NULL, '2026-02-03 02:39:45', '2026-02-03 02:39:45'),
(550, 'BADAN RISET DAN INOVASI NASIONAL', 'BRDIN', 'Vendor', NULL, 'V00448', '', 1, NULL, '2026-02-03 02:39:45', '2026-02-03 02:39:45'),
(551, 'CONTON METAL INDONESIA, PT', 'CMI', 'Vendor', NULL, 'V00449', '', 1, NULL, '2026-02-03 02:39:45', '2026-02-03 02:39:45'),
(552, 'CORTON METAL INDONESIA, PT', 'CMI1', 'Vendor', NULL, 'V00450', '', 1, NULL, '2026-02-03 02:39:45', '2026-02-03 02:39:45'),
(553, 'WINDIA CIPTA TEKNIK, PT', 'WCT', 'Vendor', NULL, 'V00451', '', 1, NULL, '2026-02-03 02:39:45', '2026-02-03 02:39:45'),
(554, 'DWIPAJAYA ARTHA SELARAS, PT', 'DAS', 'Vendor', NULL, 'V00452', '', 1, NULL, '2026-02-03 02:39:45', '2026-02-03 02:39:45'),
(555, 'WANA JAYA TEKNIK, CV', 'WJT', 'Vendor', NULL, 'V00453', '', 1, NULL, '2026-02-03 02:39:45', '2026-02-03 02:39:45'),
(556, 'Kementerian Perindustrian Republik Indonesia', 'KPR', 'Vendor', NULL, 'V00454', '', 1, NULL, '2026-02-03 02:39:45', '2026-02-03 02:39:45'),
(557, 'CGS INDONESIA, PT', 'CI', 'Vendor', NULL, 'V00455', 'Jl. Raya Pasir Rindu RT001/RW001 Ds. Jaya Sampurna Cibarusah Serang Baru Cikarang', 1, NULL, '2026-02-03 02:39:45', '2026-02-03 02:39:45'),
(558, 'ANOEGRAH STEEL JAYA ABADI, PT', 'ASJA', 'Vendor', NULL, 'V00456', 'Jl. Mangga Besar I No. 84B', 1, NULL, '2026-02-03 02:39:45', '2026-02-03 02:39:45'),
(559, 'SURYA CIPTA TEKNINDO PRESISI, CV', 'SCTP', 'Vendor', NULL, 'V00457', '', 1, NULL, '2026-02-03 02:39:45', '2026-02-03 02:39:45'),
(560, 'PUJI LESTARI PURNAMA, PT', 'PLP', 'Vendor', NULL, 'V00458', '', 1, NULL, '2026-02-03 02:39:45', '2026-02-03 02:39:45'),
(561, 'SURYA MANDIRI, CV', 'SM3', 'Vendor', NULL, 'V00459', '', 1, NULL, '2026-02-03 02:39:45', '2026-02-03 02:39:45'),
(562, 'ANUGERAH GUNA MANDIRI TEKNOLOGI, PT', 'AGMT', 'Vendor', NULL, 'V00460', '', 1, NULL, '2026-02-03 02:39:45', '2026-02-03 02:39:45'),
(563, 'ANUGRAH KREASINDO ABADI SEJAHTERA,PT', 'AKAS', 'Vendor', NULL, 'V00461', '', 1, NULL, '2026-02-03 02:39:45', '2026-02-03 02:39:45'),
(564, 'Dwikarya Sejahtera, PT', 'DS3', 'Vendor', NULL, 'V00462', '', 1, NULL, '2026-02-03 02:39:45', '2026-02-03 02:39:45'),
(565, 'Inti Technik Sejahtera, PT', 'ITS', 'Vendor', NULL, 'V00463', '', 1, NULL, '2026-02-03 02:39:45', '2026-02-03 02:39:45'),
(566, 'SMART MITRA SOLUSTIONS, PT', 'SMS', 'Vendor', NULL, 'V00464', '', 1, NULL, '2026-02-03 02:39:45', '2026-02-03 02:39:45'),
(567, 'GALAKSI TEKNOLOGI MANDIRI, PT', 'GTM', 'Vendor', NULL, 'V00465', '', 1, NULL, '2026-02-03 02:39:45', '2026-02-03 02:39:45'),
(568, 'ANUGRAH JAYA MANDIRI, CV', 'AJM', 'Vendor', NULL, 'V00466', '', 1, NULL, '2026-02-03 02:39:45', '2026-02-03 02:39:45'),
(569, 'ZIKEN METAL INDONESIA, PT', 'ZMI', 'Vendor', NULL, 'V00467', '', 1, NULL, '2026-02-03 02:39:45', '2026-02-03 02:39:45'),
(570, 'NOERHAYAT BERKAH SEJAHTERA, PT', 'NBS1', 'Vendor', NULL, 'V00468', '', 1, NULL, '2026-02-03 02:39:45', '2026-02-03 02:39:45'),
(571, 'ARDHANA TEKNIK MANDIRI, CV', 'ATM', 'Vendor', NULL, 'V00469', '', 1, NULL, '2026-02-03 02:39:45', '2026-02-03 02:39:45'),
(572, 'TEKNIK BERSAMA, CV', 'TB', 'Vendor', NULL, 'V00470', '', 1, NULL, '2026-02-03 02:39:45', '2026-02-03 02:39:45'),
(573, 'LIMA MUSTIKA JAYA, CV', 'LMJ', 'Vendor', NULL, 'V00471', '', 1, NULL, '2026-02-03 02:39:45', '2026-02-03 02:39:45'),
(574, 'CAIRNHILL METROLOGY, PT', 'CM1', 'Vendor', NULL, 'V00472', '', 1, NULL, '2026-02-03 02:39:45', '2026-02-03 02:39:45'),
(575, 'TRI PANGGIH KREASI, PT', 'TPK', 'Vendor', NULL, 'V00473', '', 1, NULL, '2026-02-03 02:39:45', '2026-02-03 02:39:45'),
(576, 'KARUNIA JAYA TEKINDO, PT', 'KJT', 'Vendor', NULL, 'V00474', '', 1, NULL, '2026-02-03 02:39:45', '2026-02-03 02:39:45'),
(577, 'AQUAMA JAYA, PT', 'AJ3', 'Vendor', NULL, 'V00475', '', 1, NULL, '2026-02-03 02:39:45', '2026-02-03 02:39:45'),
(578, 'RIZUL TEKNOLOGI INDONESIA, PT', 'RTI', 'Vendor', NULL, 'V00476', '', 1, NULL, '2026-02-03 02:39:45', '2026-02-03 02:39:45'),
(579, 'INDOJAPAN STEEL CENTER, PT', 'ISC', 'Vendor', NULL, 'V00477', '', 1, NULL, '2026-02-03 02:39:45', '2026-02-03 02:39:45'),
(580, 'ADIWIJAYA TEKNIK, CV', 'AT2', 'Vendor', NULL, 'V00478', '', 1, NULL, '2026-02-03 02:39:45', '2026-02-03 02:39:45'),
(581, 'HafizRO Water Indonesia, CV', 'HW', 'Vendor', NULL, 'V00479', '', 1, NULL, '2026-02-03 02:39:45', '2026-02-03 02:39:45'),
(582, 'NITTO MATERIALS INDONESIA, PT', 'NMI', 'Vendor', NULL, 'V00480', '', 1, NULL, '2026-02-03 02:39:45', '2026-02-03 02:39:45'),
(583, 'CIKAPUNDUNG FORKLIFT', 'CF', 'Vendor', NULL, 'V00481', 'Pasar Ckapundung Baru No. E1 - E2 Jalan ABC Bandung', 1, NULL, '2026-02-03 02:39:45', '2026-02-03 02:39:45'),
(584, 'PJE MANUFACTURING INDONESIA, PT', 'PMI', 'Vendor', NULL, 'V00482', '', 1, NULL, '2026-02-03 02:39:45', '2026-02-03 02:39:45'),
(585, 'CAKRA BUANA', 'CB', 'Vendor', NULL, 'V00483', '', 1, NULL, '2026-02-03 02:39:45', '2026-02-03 02:39:45'),
(586, 'CIKARANG HADI MITRA, PT', 'CHM', 'Vendor', NULL, 'V00484', '', 1, NULL, '2026-02-03 02:39:45', '2026-02-03 02:39:45'),
(587, 'FADIRA TEKNIK, PT', 'FT2', 'Vendor', NULL, 'V00485', '', 1, NULL, '2026-02-03 02:39:45', '2026-02-03 02:39:45'),
(588, 'ECOTEK, CV', 'E1', 'Vendor', NULL, 'V00486', '', 1, NULL, '2026-02-03 02:39:45', '2026-02-03 02:39:45'),
(589, 'MUSASHI METAL SANTOSA, PT', 'MMS1', 'Vendor', NULL, 'V00487', '', 1, NULL, '2026-02-03 02:39:45', '2026-02-03 02:39:45'),
(590, 'ACL SHEET METAL INDONESIA, PT', 'ASMI', 'Vendor', NULL, 'V00488', '', 1, NULL, '2026-02-03 02:39:45', '2026-02-03 02:39:45'),
(591, 'EVAGO PRESISI TEKNOLOGI, PT', 'EPT', 'Vendor', NULL, 'V00489', '', 1, NULL, '2026-02-03 02:39:45', '2026-02-03 02:39:45'),
(592, 'DAS PRESISI INDONESIA, CV', 'DPI', 'Vendor', NULL, 'V00490', '', 1, NULL, '2026-02-03 02:39:45', '2026-02-03 02:39:45'),
(593, 'METALSINDO PACIFIC, PT', 'MP1', 'Vendor', NULL, 'V00491', '', 1, NULL, '2026-02-03 02:39:45', '2026-02-03 02:39:45'),
(594, 'TA\'GAWA, CV', 'T2', 'Vendor', NULL, 'V00492', '', 1, NULL, '2026-02-03 02:39:45', '2026-02-03 02:39:45'),
(595, 'OTANO MULTI MESINDO,PT', 'OMM', 'Vendor', NULL, 'V00493', '', 1, NULL, '2026-02-03 02:39:45', '2026-02-03 02:39:45'),
(596, 'MEIHOKU INDUSTRY INDONESIA, PT', 'MII', 'Vendor', NULL, 'V00494', '', 1, NULL, '2026-02-03 02:39:45', '2026-02-03 02:39:45'),
(597, 'DWIMULYA MANDIRI PERKASA, PT', 'DMP', 'Vendor', NULL, 'V00495', '', 1, NULL, '2026-02-03 02:39:45', '2026-02-03 02:39:45'),
(598, 'Total Optima Hydroperkasa, PT', 'TOH', 'Vendor', NULL, 'V00496', 'Delta Silicon 3 Industrial Park Jl. Kayu Manis 1, Serang, Cikarang Selatan, Bekasi , Jawa Barat', 1, NULL, '2026-02-03 02:39:45', '2026-02-03 02:39:45'),
(599, 'Nasional Environmental Teknologi, PT', 'NET', 'Vendor', NULL, 'V00497', 'Jl. Serpong Garden Cluster Green River Blok D2 No 12A, Tangerang, Banten', 1, NULL, '2026-02-03 02:39:45', '2026-02-03 02:39:45'),
(600, 'Zeta Manufacturing Industries, PT', 'ZMI1', 'Vendor', NULL, 'V00498', '17530', 1, NULL, '2026-02-03 02:39:45', '2026-02-03 02:39:45'),
(601, 'BUMDES PASIRGOMBONG SEJAHTERA', 'BPS1', 'Vendor', NULL, 'V00499', '', 1, NULL, '2026-02-03 02:39:45', '2026-02-03 02:39:45'),
(602, 'TRI LASINDO SEJAHTERA, PT', 'TLS1', 'Vendor', NULL, 'V00500', '', 1, NULL, '2026-02-03 02:39:45', '2026-02-03 02:39:45'),
(603, 'Tri Lasindo Sejahtera, PT', 'TLS2', 'Vendor', NULL, 'V00501', 'Jl. Raya Ciantra No. 1, Ciantra, Cikarang Selatan, Kab. Bekasi', 1, NULL, '2026-02-03 02:39:45', '2026-02-03 02:39:45'),
(604, 'Dynamic Dunia Plasticom, CV', 'DDP', 'Vendor', NULL, 'V00502', '', 1, NULL, '2026-02-03 02:39:45', '2026-02-03 02:39:45'),
(605, 'Jaya Metal Teknika, PT', 'JMT', 'Vendor', NULL, 'V00503', '', 1, NULL, '2026-02-03 02:39:45', '2026-02-03 02:39:45'),
(606, 'BUANA ANUGRAH TEKNINDO, PT', 'BAT', 'Vendor', NULL, 'V00504', '', 1, NULL, '2026-02-03 02:39:45', '2026-02-03 02:39:45'),
(607, 'SMC AUTOMATION INDONESIA, PT', 'SAI', 'Vendor', NULL, 'V00505', '', 1, NULL, '2026-02-03 02:39:45', '2026-02-03 02:39:45'),
(608, 'KIMURA LASINDO, PT', 'KL1', 'Vendor', NULL, 'V00506', '', 1, NULL, '2026-02-03 02:39:45', '2026-02-03 02:39:45'),
(609, 'Artha Prima Autocomp, PT', 'APA', 'Vendor', NULL, 'V00507', '', 1, NULL, '2026-02-03 02:39:45', '2026-02-03 02:39:45'),
(610, 'Tampomas Berkah Mulia, CV', 'TBM', 'Vendor', NULL, 'V00508', '', 1, NULL, '2026-02-03 02:39:45', '2026-02-03 02:39:45'),
(611, 'SINAR LESTARI ABADI INDORAYA, PT', 'SLAI1', 'Vendor', NULL, 'V00509', '', 1, NULL, '2026-02-03 02:39:45', '2026-02-03 02:39:45'),
(612, 'ANUGERAH TEKNIK MANDIRI, PT', 'ATM1', 'Vendor', NULL, 'V00510', '', 1, NULL, '2026-02-03 02:39:45', '2026-02-03 02:39:45'),
(613, 'ENOCCO VITAL TECHNO INDONESIA, PT', 'EVTI', 'Vendor', NULL, 'V00511', '', 1, NULL, '2026-02-03 02:39:45', '2026-02-03 02:39:45'),
(614, 'TRIMITRA SUKSES SEJAHTERA', 'TSS2', 'Vendor', NULL, 'V00512', '', 1, NULL, '2026-02-03 02:39:45', '2026-02-03 02:39:45'),
(615, 'Trimitra Sukses Sejahtera Pratama, PT', 'TSSP', 'Vendor', NULL, 'V00513', 'JL. Ceringin Kamp. Babakan No 14 RT 003/002, Mustikasari, Mustikajaya', 1, NULL, '2026-02-03 02:39:45', '2026-02-03 02:39:45'),
(616, 'KARYA HASIL OPTIMA, PT', 'KHO', 'Vendor', NULL, 'V00514', '', 1, NULL, '2026-02-03 02:39:45', '2026-02-03 02:39:45'),
(617, 'ARDI JAYA MANDIRI TEKNI', 'AJMT', 'Vendor', NULL, 'V00515', '', 1, NULL, '2026-02-03 02:39:45', '2026-02-03 02:39:45'),
(618, 'BERKAH MUGI INDONESIA, PT', 'BMI1', 'Vendor', NULL, 'V00516', '', 1, NULL, '2026-02-03 02:39:45', '2026-02-03 02:39:45'),
(619, 'ASERINDO CAHAYA GEMILANG, PT', 'ACG', 'Vendor', NULL, 'V00517', '', 1, NULL, '2026-02-03 02:39:45', '2026-02-03 02:39:45'),
(620, 'JAVA COAT SEDULUR, CV', 'JCS', 'Vendor', NULL, 'V00518', '', 1, NULL, '2026-02-03 02:39:45', '2026-02-03 02:39:45'),
(621, 'ANDIKHA PRODUCTION', 'AP4', 'Vendor', NULL, 'V00519', '', 1, NULL, '2026-02-03 02:39:45', '2026-02-03 02:39:45'),
(622, 'INDONESIA PUTRA MAKMUR, PT', 'IPM', 'Vendor', NULL, 'V00520', '', 1, NULL, '2026-02-03 02:39:45', '2026-02-03 02:39:45'),
(623, 'SUMBER BERKAH COMPONENTS, CV', 'SBC', 'Vendor', NULL, 'V00521', '', 1, NULL, '2026-02-03 02:39:45', '2026-02-03 02:39:45'),
(624, 'WAJA TEKNIK CIKARANG, PT', 'WTC', 'Vendor', NULL, 'V00522', '', 1, NULL, '2026-02-03 02:39:45', '2026-02-03 02:39:45'),
(625, 'UNITED SUPER STEEL, PT', 'USS', 'Vendor', NULL, 'V00523', '', 1, NULL, '2026-02-03 02:39:45', '2026-02-03 02:39:45'),
(626, 'STILMETINDO PRIMA, PT', 'SP2', 'Vendor', NULL, 'V00524', '', 1, NULL, '2026-02-03 02:39:45', '2026-02-03 02:39:45'),
(627, 'CIPTA METAL MANDIRI, PT', 'CMM1', 'Vendor', NULL, 'V00525', '', 1, NULL, '2026-02-03 02:39:45', '2026-02-03 02:39:45'),
(628, 'YONGHO TECH INDONESIA, PT', 'YTI', 'Vendor', NULL, 'V00526', '', 1, NULL, '2026-02-03 02:39:45', '2026-02-03 02:39:45'),
(629, 'STAR ANUGRAH ENGINEERING, PT', 'SAE', 'Vendor', NULL, 'V00527', '', 1, NULL, '2026-02-03 02:39:45', '2026-02-03 02:39:45'),
(630, 'WIRASWASTA GEMILANG INDONESIA, PT', 'WGI', 'Vendor', NULL, 'V00528', '', 1, NULL, '2026-02-03 02:39:45', '2026-02-03 02:39:45'),
(631, 'Rajawali Tunggal Abadi, PT', 'RTA', 'Vendor', NULL, 'V00529', '', 1, NULL, '2026-02-03 02:39:45', '2026-02-03 02:39:45'),
(632, 'Usaha Saudara Mandiri, PT', 'USM', 'Vendor', NULL, 'V00530', '', 1, NULL, '2026-02-03 02:39:45', '2026-02-03 02:39:45');
INSERT INTO `m_perusahaan` (`id`, `nama_perusahaan`, `inisial_perusahaan`, `jenis_perusahaan`, `customer_type`, `kode_supplier`, `alamat`, `status`, `deleted_at`, `created_at`, `updated_at`) VALUES
(633, 'WIRA ADIDAYA PERKASA, PT', 'WAP', 'Vendor', NULL, 'V00531', '', 1, NULL, '2026-02-03 02:39:45', '2026-02-03 02:39:45'),
(634, 'Orbit Karunia Bersama, PT', 'OKB1', 'Vendor', NULL, 'V00532', '', 1, NULL, '2026-02-03 02:39:45', '2026-02-03 02:39:45'),
(635, 'PRIMA NANO COATING, PT', 'PNC', 'Vendor', NULL, 'V00533', 'Jl. Industri 7 Block FF1C Jababeka II', 1, NULL, '2026-02-03 02:39:45', '2026-02-03 02:39:45'),
(636, 'Cipta Mandiri Wirasakti, PT', 'CMW1', 'Vendor', NULL, 'V00534', 'Jl. Raya Narogong Km 18 Pangkalan 8 (Jln. Aren No.23) Cileungsi', 1, NULL, '2026-02-03 02:39:45', '2026-02-03 02:39:45'),
(637, 'Molekul Organik Bio Unsur, PT', 'MOBU', 'Vendor', NULL, 'V00535', '', 1, NULL, '2026-02-03 02:39:45', '2026-02-03 02:39:45'),
(638, 'DIPO INTERNASIONAL PAHALA OTOMOTIF ,PT', 'DIPO', 'Vendor', NULL, 'V00536', '', 1, NULL, '2026-02-03 02:39:45', '2026-02-03 02:39:45'),
(639, 'Petroasia Karya Mandiri, PT', 'PKM1', 'Vendor', NULL, 'V00537', '', 1, NULL, '2026-02-03 02:39:45', '2026-02-03 02:39:45'),
(640, 'TEKNOLOGI PRESISI INDONESIA, PT', 'TPI', 'Vendor', NULL, 'V00538', 'Jl. Raya Cikarang Cibarusah KM 10, Ruko Cikarang Central City Block B No. 10 Cikarang Selatan', 1, NULL, '2026-02-03 02:39:45', '2026-02-03 02:39:45'),
(641, 'INTIRODA MAKMUR . PT', 'IM', 'Vendor', NULL, 'V00539', '', 1, NULL, '2026-02-03 02:39:45', '2026-02-03 02:39:45'),
(642, 'Guntara Nusa Senjaya, PT', 'GNS', 'Vendor', NULL, 'V00540', '', 1, NULL, '2026-02-03 02:39:45', '2026-02-03 02:39:45'),
(643, 'WASEN GRACE MAMORU, CV', 'WGM', 'Vendor', NULL, 'V00541', '', 1, NULL, '2026-02-03 02:39:45', '2026-02-03 02:39:45'),
(644, 'DWIJAYA MANDIRI TEKNIK, PT', 'DMT', 'Vendor', NULL, 'V00542', 'Jl. Cimandiri Timur Blok 2C D-2/28 RT004/010 Jatireja Cikarang Timur, Kab. Bekasi, Jawa Barat', 1, NULL, '2026-02-03 02:39:45', '2026-02-03 02:39:45'),
(645, 'YASLI AWAL TEHNIK, PT', 'YAT', 'Vendor', NULL, 'V00543', 'Jl. Smea VI No. 32 Cawang, Kramat Jati 13630', 1, NULL, '2026-02-03 02:39:45', '2026-02-03 02:39:45'),
(646, 'ARISMA DATA SETIA, PT', 'ADS', 'Vendor', NULL, 'V00544', 'Jl. Srengseng Raya No. 156 Srengseng, Kembangan', 1, NULL, '2026-02-03 02:39:45', '2026-02-03 02:39:45'),
(647, 'TRI EKADAYA ENGINEERING, PT', 'TEE', 'Vendor', NULL, 'V00545', 'Jl. raya Serang No. 81 Cikarang, Bekasi', 1, NULL, '2026-02-03 02:39:45', '2026-02-03 02:39:45'),
(648, 'KURNIA JAYA TEHNIKA, PT', 'KJT1', 'Vendor', NULL, 'V00546', 'Jl. Amir Hamzah RT 01/05 Jatireja Cikarang Timur, Bekasi', 1, NULL, '2026-02-03 02:39:45', '2026-02-03 02:39:45'),
(649, 'JATANU PRESISI INDONESIA, PT', 'JPI', 'Vendor', NULL, 'V00547', 'Jl. Niaga Raya, Capitol Kav. 1A-1B RT002/006, Cikarang Baru, Mekarmukti, Cikarang Utara, Bekasi', 1, NULL, '2026-02-03 02:39:45', '2026-02-03 02:39:45'),
(650, 'MITRA SUKSES TEKNOLOGI UTAMA, PT', 'MSTU', 'Vendor', NULL, 'V00548', 'Kampung Cibeber RT 10/04 Ds. Simpangan Cikarang Utara', 1, NULL, '2026-02-03 02:39:45', '2026-02-03 02:39:45'),
(651, 'ALMAS DAYA SINERGI, PT', 'ADS1', 'Vendor', NULL, 'V00549', 'Jl. Raya Serang Setu KM. 1,5 No. 9. Kel Sukadami, Kec. Cikarang Selatan', 1, NULL, '2026-02-03 02:39:45', '2026-02-03 02:39:45'),
(652, 'GOLDEN KURNIATAMA, PT', 'GK', 'Vendor', NULL, 'V00550', 'Binong RT 003/001 No. 1 Jaya Mukti, Tegal Danas, Cikarang Pusat, Bekasi', 1, NULL, '2026-02-03 02:39:45', '2026-02-03 02:39:45'),
(653, 'BINTANG NIAGA JAYA, PT', 'BNJ', 'Vendor', NULL, 'V00551', 'Jl. Mayor Oking Jayaatmaja 102 Cibinong, Kota Bogor, Jawa Barat -  Indonesia', 1, NULL, '2026-02-03 02:39:45', '2026-02-03 02:39:45'),
(654, 'JUNREI JAYA PERKASA,PT', 'JJP', 'Vendor', NULL, 'V00552', '', 1, NULL, '2026-02-03 02:39:45', '2026-02-03 02:39:45'),
(655, 'ANDERIS MAJU PERKASA,PT', 'AMP', 'Vendor', NULL, 'V00553', '', 1, NULL, '2026-02-03 02:39:45', '2026-02-03 02:39:45'),
(656, 'DAMA NYALA ASKARA,PT', 'DNA', 'Vendor', NULL, 'V00554', '', 1, NULL, '2026-02-03 02:39:45', '2026-02-03 02:39:45'),
(657, 'PUTRA PERKASA FORKLIFT & CRANE,PT', 'PPFC', 'Vendor', NULL, 'V00555', '', 1, NULL, '2026-02-03 02:39:45', '2026-02-03 02:39:45'),
(658, 'Graha TechnoSoft Informatika, PT', 'GTI', 'Vendor', NULL, 'V00556', 'Jalan Panjang Raya No.83F&G Kompleks Graha Elok Mas Jakarta 11510', 1, NULL, '2026-02-03 02:39:45', '2026-02-03 02:39:45'),
(659, 'AKARA BAYUAJI GEMILANG, PT', 'ABG1', 'Vendor', NULL, 'V00557', 'Jl. Gedung Hijau Raya No. 7, Pondok Indah Jakarta Selatan', 1, NULL, '2026-02-03 02:39:45', '2026-02-03 02:39:45'),
(660, 'PANCA INTI NUSANTARA SEJAHTERA, PT', 'PINS', 'Vendor', NULL, 'V00558', 'Ruko Festive Garden Jl. Festival Avenue Blok AA 16/58, Grand Wisata, Tambun Selatan Jawa Barat 17510', 1, NULL, '2026-02-03 02:39:45', '2026-02-03 02:39:45'),
(661, 'ALMAS DAYA SINERGI, PT', 'ADS2', 'Vendor', NULL, 'V00559', 'Jl. Raya Serang Setu KM 1.5, No. 99 Kel. Sukadarmi, Kec. Cikarang Selatan, Kab. Bekasi 17530', 1, NULL, '2026-02-03 02:39:45', '2026-02-03 02:39:45'),
(662, 'ASTRA DAIDO STEEL INDONESIA, PT', 'ADSI', 'Vendor', NULL, 'V00560', 'Kawasan Industri Delta Silicon 8, Jl. Albasia Raya K.07 No.003 Lippo Cikarang, Cikarang Pusat', 1, NULL, '2026-02-03 02:39:45', '2026-02-03 02:39:45'),
(663, 'BEBEK BIMO, RM', 'BBR', 'Vendor', NULL, 'V00561', 'Jalan Festive Garden ruko AA No71 Desa Lambang Sari,Tambun Selatan. Kab Bekasi', 1, NULL, '2026-02-03 02:39:45', '2026-02-03 02:39:45'),
(664, 'LANGGENG TECHNO, CV', 'LT1', 'Vendor', NULL, 'V00562', 'Koperindag B No. 1 RT 004 RW 016 Sumber Jaya - Tambun Selatan, Bekasi - Jawa Barat 17510', 1, NULL, '2026-02-03 02:39:45', '2026-02-03 02:39:45'),
(665, 'RAJAWALI CIPTA MAKMUR, PT', 'RCM1', 'Vendor', NULL, 'V00563', 'Kawasan Industri Central Cikarang Industry Park Block K3 No. 11 Desa Cicau, CIkarang Pusat, Bekasi', 1, NULL, '2026-02-03 02:39:45', '2026-02-03 02:39:45'),
(666, 'Sima Putra Technindo, PT', 'SPT', 'Vendor', NULL, 'V00564', '', 1, NULL, '2026-02-03 02:39:45', '2026-02-03 02:39:45'),
(667, 'SES SUKSES, PT', 'SS2', 'Vendor', NULL, 'V00565', 'Ruko Sentra Niaga Blok 28 No. 28 Al. Cikarang Baru, Cikarang - Bekasi', 1, NULL, '2026-02-03 02:39:45', '2026-02-03 02:39:45'),
(668, 'GREAT SUKSES MANDIRI, PT', 'GSM', 'Vendor', NULL, 'V00566', '', 1, NULL, '2026-02-03 02:39:45', '2026-02-03 02:39:45'),
(669, 'HARAFIEL TRI JAYA,PT', 'HTJ', 'Vendor', NULL, 'V00567', '', 1, NULL, '2026-02-03 02:39:45', '2026-02-03 02:39:45'),
(670, 'SENTOSA ELECTRIC,CV', 'SE', 'Vendor', NULL, 'V00568', 'Jl. Hegar No.3 Cibaligo leuwigajah', 1, NULL, '2026-02-03 02:39:45', '2026-02-03 02:39:45'),
(671, 'SUPRA PRIMATAMA NUSANTARA (BIZNET) PT', 'SPN(', 'Vendor', NULL, 'V00569', 'Jl. Jend Sudirman 10-11 Jakarta', 1, NULL, '2026-02-03 02:39:45', '2026-02-03 02:39:45'),
(672, 'TIGA DELTA SEKURTI,PT', 'TDS', 'Vendor', NULL, 'V00570', '', 1, NULL, '2026-02-03 02:39:45', '2026-02-03 02:39:45'),
(673, 'GENTA BUANA ENGINEERING,PT', 'GBE', 'Vendor', NULL, 'V00571', '17158', 1, NULL, '2026-02-03 02:39:45', '2026-02-03 02:39:45'),
(674, 'PERMATA BUANA INDAH. CV', 'PBI1', 'Vendor', NULL, 'V00572', '', 1, NULL, '2026-02-03 02:39:45', '2026-02-03 02:39:45'),
(675, 'SURYA MANDIRI TEKNOLOGI, CV', 'SMT1', 'Vendor', NULL, 'V00573', 'JL. Ganesha Ruko Spanish Square Blok A3 Kota Deltamas', 1, NULL, '2026-02-03 02:39:46', '2026-02-03 02:39:46'),
(676, 'INDOCIPTA MITRA SOLUSI,PT', 'IMS', 'Vendor', NULL, 'V00574', '', 1, NULL, '2026-02-03 02:39:46', '2026-02-03 02:39:46'),
(677, 'ABADI JAYA, CV', 'AJ4', 'Vendor', NULL, 'V00575', 'Perum Puri Cikarang Hijau Blok B1 No. 18 Kel. Karang Asih, Kec. Cikarang Utara Kab. Bekasi', 1, NULL, '2026-02-03 02:39:46', '2026-02-03 02:39:46'),
(678, 'RISDHA SPORT, CV', 'RS', 'Vendor', NULL, 'V00576', 'Kp. Cikalage Hilir Rt. 03/03 Ds. Hegarmanah Kec. Cikancung Kab. Bandung', 1, NULL, '2026-02-03 02:39:46', '2026-02-03 02:39:46'),
(679, 'AGUNG, CV', 'A1', 'Vendor', NULL, 'V00577', '17520', 1, NULL, '2026-02-03 02:39:46', '2026-02-03 02:39:46'),
(680, 'LIBRA EMAS PERMATA, PT', 'LEP', 'Vendor', NULL, 'V00578', '', 1, NULL, '2026-02-03 02:39:46', '2026-02-03 02:39:46'),
(681, 'MOSADEWA ENERGI KONSULINDO, PT', 'MEK', 'Vendor', NULL, 'V00579', 'Bukit Cimanggu City, Taman Mediterania Blok A8 No. 10 Kota Bogor', 1, NULL, '2026-02-03 02:39:46', '2026-02-03 02:39:46'),
(682, 'BUANA INTI ANUGERAH, PT', 'BIA', 'Vendor', NULL, 'V00580', 'Ruko Boulevard Tekno BSD CIty Lt.2, Blok D No. 1 Ke;. Setu, Kec. Setu, Kota Tangerang Selatan 15314', 1, NULL, '2026-02-03 02:39:46', '2026-02-03 02:39:46'),
(683, 'JAVATEC TRIMITRA MACHINERY, PT', 'JTM', 'Vendor', NULL, 'V00581', 'Jl. Kranji Blok F 18 No. 17E Delta Silicon 3, Lippo Cikarang, Bekasi 17550 - Indonesia', 1, NULL, '2026-02-03 02:39:46', '2026-02-03 02:39:46'),
(684, 'Astra International, PT', 'AI4', 'Vendor', NULL, 'V00582', 'Astra BMW BSD Showroom (New) Jl. BSD Raya Utama No. 11A Tangerang', 1, NULL, '2026-02-03 02:39:46', '2026-02-03 02:39:46'),
(685, 'Sinar Anugera Perkasa, PT', 'SAP1', 'Vendor', NULL, 'V00583', 'Ruko Riviera Gallery Blok B No. 2 PAsir Ranji Central Cikarang Bekasi', 1, NULL, '2026-02-03 02:39:46', '2026-02-03 02:39:46'),
(686, 'COMTRONICS SYSTEM, PT', 'CS1', 'Vendor', NULL, 'V00584', 'Kawasan Industri Jababeka V, Jl. Science Timur B5B-12, CIkarang, Kab. Bekasi, Jawa Barat 17530', 1, NULL, '2026-02-03 02:39:46', '2026-02-03 02:39:46'),
(687, 'LIMA PUTERA PERINTIS, PT', 'LPP', 'Vendor', NULL, 'V00585', 'Jl. Raya Sukatani, Muaragembong, RT 03/03 Desa Sukaindah, Kec. Sukakarya Kab. Bekasi', 1, NULL, '2026-02-03 02:39:46', '2026-02-03 02:39:46'),
(688, 'PRESA GENTA ENGINEERING, PT', 'PGE', 'Vendor', NULL, 'V00586', 'Jl. Ganesha No. 10 Bandung', 1, NULL, '2026-02-03 02:39:46', '2026-02-03 02:39:46'),
(689, 'ANUGERAH ABADI TEKNIK, CV', 'AAT1', 'Vendor', NULL, 'V00587', 'Jl. Ciguruwik no. 212 Cinunuk Cileunyi Bandung', 1, NULL, '2026-02-03 02:39:46', '2026-02-03 02:39:46'),
(690, 'PUTRA MEKAR', 'PM', 'Vendor', NULL, 'V00588', 'Kp Selang Nangka,Desa Wanasari,Kec Cibitung Bekasi', 1, NULL, '2026-02-03 02:39:46', '2026-02-03 02:39:46'),
(691, 'JAVA GLOBAL OTOMASI ,PT', 'JGO', 'Vendor', NULL, 'V00589', 'Central park cikarang,Jl Pinus Blok E2 No 2,Karangharja,Cikarang Utara,Bekasi,Jawa Barat 17530', 1, NULL, '2026-02-03 02:39:46', '2026-02-03 02:39:46'),
(692, 'TUNAS RIDEAN, PT', 'TR', 'Vendor', NULL, 'V00590', 'Jl. RC. Veteran Raya No.24, RT.4/RW.10, Bintaro, Kec. Pesanggrahan, Kota Jakarta Selatan, Daerah Khu', 1, NULL, '2026-02-03 02:39:46', '2026-02-03 02:39:46'),
(693, 'OMEGA TAIYO TEKNOLOGI, PT', 'OTT', 'Vendor', NULL, 'V00591', 'Ruko Cikarang Square Blok F Pasir Sari Cikarang Selatan Bekasi Jawa Barat', 1, NULL, '2026-02-03 02:39:46', '2026-02-03 02:39:46'),
(694, 'DUTA KREASI MULIA, PT', 'DKM', 'Vendor', NULL, 'V00592', 'JL PINUS BLOK S-6 KOMPLEK BUDI AGUNG BOGOR-JAWA BARAT', 1, NULL, '2026-02-03 02:39:46', '2026-02-03 02:39:46'),
(695, 'JUWANDA MANURUNG', 'JM1', 'Vendor', NULL, 'V00593', '', 1, NULL, '2026-02-03 02:39:46', '2026-02-03 02:39:46'),
(696, 'Nauli Karya Teknindo, PT', 'NKT', 'Vendor', NULL, 'V00594', 'Cluster Harmoni blok HZZ 22 NO.3', 1, NULL, '2026-02-03 02:39:46', '2026-02-03 02:39:46'),
(697, 'INTECH CIPTA MANDIRI, PT', 'ICM', 'Vendor', NULL, 'V00595', 'JL LETJEN M.T.HARYONO KAV 10,JAKARTA TIMUR 13330', 1, NULL, '2026-02-03 02:39:46', '2026-02-03 02:39:46'),
(698, 'Maju Utama Kurir, PT', 'MUK', 'Vendor', NULL, 'V00596', '', 1, NULL, '2026-02-03 02:39:46', '2026-02-03 02:39:46'),
(699, 'CHIYODA KOGYO INDONESIA .PT', 'CKI', 'Vendor', NULL, 'V00597', 'Kawasan Industri Jababeka II SFB Blok JJ No 18 Cikarang', 1, NULL, '2026-02-03 02:39:46', '2026-02-03 02:39:46'),
(700, 'ACME INTERNATIONAL, PT', 'AI5', 'Vendor', NULL, 'V00598', 'Jl Jababeka VI, Blok J5E, Harjamekar, Cikarang Utara', 1, NULL, '2026-02-03 02:39:46', '2026-02-03 02:39:46'),
(701, 'KURNIA BERDIKARI SEJAHTERA, PT', 'KBS', 'Vendor', NULL, 'V00599', 'KAMPUNG KARANG TENGAH NO 86 RT 03 RW 01,KEL PUSAKA RAKYAT,KEC TARUMAJAYA,BEKASI,JAWA BARAT', 1, NULL, '2026-02-03 02:39:46', '2026-02-03 02:39:46'),
(702, 'PALU GADA, CV', 'PG', 'Vendor', NULL, 'V00600', '', 1, NULL, '2026-02-03 02:39:46', '2026-02-03 02:39:46'),
(703, 'TRISAUDARA SENTOSA INDUSTRI, PT', 'TSI', 'Vendor', NULL, 'V00601', 'Jl. Pinang I, F.17,03, Cicau, Cikarang Pusat, Kab. Bekasi, Jawa Barat 17812', 1, NULL, '2026-02-03 02:39:46', '2026-02-03 02:39:46'),
(704, 'BAHANA KENCANA JAYA, PT', 'BKJ', 'Vendor', NULL, 'V00602', 'JALAN KINIBALU 3,BLOK B2 NO 47,JATIRAHAYU PONDOK MELATI,KOTA BEKASI,17414', 1, NULL, '2026-02-03 02:39:46', '2026-02-03 02:39:46'),
(705, 'ELO DUNIA MITRASARANA, PT', 'EDM', 'Vendor', NULL, 'V00603', 'Ruko Festive Garden AA16 No.60 Lambangsari -Tambun Selatan', 1, NULL, '2026-02-03 02:39:46', '2026-02-03 02:39:46'),
(706, 'HIROMINDO PERKASA, PT', 'HP1', 'Vendor', NULL, 'V00604', 'Ruko Pavillion Jl. Industri Utara IV Blok. SS No. 43 Cikarang Baru', 1, NULL, '2026-02-03 02:39:46', '2026-02-03 02:39:46'),
(707, 'WIDYA MESINDO RAYA, PT', 'WMR', 'Vendor', NULL, 'V00605', 'JL PLUIT INDAH RAYA NO 168 B-G,JAKARTA UTARA 11450', 1, NULL, '2026-02-03 02:39:46', '2026-02-03 02:39:46'),
(708, 'EIKON TECHNOLOGY, PT', 'ET1', 'Vendor', NULL, 'V00606', 'Jl. Simpang darmo permai utara 33A', 1, NULL, '2026-02-03 02:39:46', '2026-02-03 02:39:46'),
(709, 'KAYAMA TEHNIK INDONESIA, PT', 'KTI', 'Vendor', NULL, 'V00607', 'Jalan Lapangan Kobra no 44 Tambun Selatan', 1, NULL, '2026-02-03 02:39:46', '2026-02-03 02:39:46'),
(710, 'BUMI AULIA TEKNIK INDOENSIA, PT', 'BATI', 'Vendor', NULL, 'V00608', 'Cikarang Square Blok E12, Jl. Raya Cikarang - Cibarusah Kel. Pasir Sari', 1, NULL, '2026-02-03 02:39:46', '2026-02-03 02:39:46'),
(711, 'Bima Sakti Logistik, PT', 'BSL', 'Vendor', NULL, 'V00609', 'JL. KAAYU PUTIH V BLOK E/4 RT.003 RW.006', 1, NULL, '2026-02-03 02:39:46', '2026-02-03 02:39:46'),
(712, 'BERKAH AULIA TEKNIK INDONESIA, PT', 'BATI1', 'Vendor', NULL, 'V00610', 'Cikarang Square Blok E12, Jl Raya Cikarang - Cibarusah Kel. Pasirsari Kec. Cikarang Selatan', 1, NULL, '2026-02-03 02:39:46', '2026-02-03 02:39:46'),
(713, 'PROTECH PRESISI SUKSES, PT', 'PPS', 'Vendor', NULL, 'V00611', '', 1, NULL, '2026-02-03 02:39:46', '2026-02-03 02:39:46'),
(714, 'CAHAYA TEKNIK', 'CT', 'Vendor', NULL, 'V00612', 'JL SETIABUDI KEBUN KELAPA RT 03/06 KARANGASIH KECAMATAN CIKARANG UTARA,KAB BEKASI JABAR', 1, NULL, '2026-02-03 02:39:46', '2026-02-03 02:39:46'),
(715, 'MITS DUTA UTAMA, PT', 'MDU', 'Vendor', NULL, 'V00613', 'Jl. Ramin V Blok G6 no. 17 K9 Delta Silicon 6 Lippo Cikarang Bekasi Desa Jaya Muktii', 1, NULL, '2026-02-03 02:39:46', '2026-02-03 02:39:46'),
(716, 'REKA INDONESIA SERVICES, PT', 'RIS', 'Vendor', NULL, 'V00614', 'l. R. Suprapto No. 505 Cijengkol-Setu, Bekasi, Jawa Barat, Indonesia', 1, NULL, '2026-02-03 02:39:46', '2026-02-03 02:39:46'),
(717, 'MEKINDO PRIMA PERKASA .PT', 'MPP1', 'Vendor', NULL, 'V00615', 'Cluster Setia Mekar A. 33 RT. 0 RW 00 Setia Mekar Tambun Selatan', 1, NULL, '2026-02-03 02:39:46', '2026-02-03 02:39:46'),
(718, 'Techno Metal Industry, PT', 'TMI', 'Vendor', NULL, 'V00616', 'Jl. Jababeka VIB Blok J7-D, Cikarang Utara', 1, NULL, '2026-02-03 02:39:46', '2026-02-03 02:39:46'),
(719, 'ALPHA AUTOMOTIVE INDONESIA, PT', 'AAI', 'Vendor', NULL, 'V00617', 'KAWASAN INDUSTRY KOTA BUKIT INDAH BLOK A-II NO 24 DESA DANGDUER', 1, NULL, '2026-02-03 02:39:46', '2026-02-03 02:39:46'),
(720, 'GAISINDO ALFA SOLUSI, PT', 'GAS', 'Vendor', NULL, 'V00618', 'JL RAYA KH MA\'MUN NAWAWI MEGA REGENCY BLOK G22 NO 12A SUKARAGAM-SERANG BARU,KAB BEKASI-JAWA BARAT', 1, NULL, '2026-02-03 02:39:46', '2026-02-03 02:39:46'),
(721, 'MADA WIKRI TUNGGAL PLANT 4, PT', 'MWTP41', 'Vendor', NULL, 'V00619', 'Jl. Tekno 5 Blok E 1 C-D Kawasan Industri Jababeka Tahap III Desa Pasir Gombong, Kec. Cikarang Utara', 1, NULL, '2026-02-03 02:39:46', '2026-02-03 02:39:46'),
(722, 'Gaya Sukses Mandiri Kaseindo, PT', 'GSMK', 'Vendor', NULL, 'V00620', 'KOMPLEKS ARTHA GADING BLOK F N0.20, JAKARTA', 1, NULL, '2026-02-03 02:39:46', '2026-02-03 02:39:46'),
(723, 'ANUGRAH PRATAMA LOGISTINDO, PT', 'APL1', 'Vendor', NULL, 'V00621', 'Kom. Pulogadung Trade Centre blok8A no.29, Jl. raya Bekasi km21 Pulogadung, Jakarta Timur', 1, NULL, '2026-02-03 02:39:46', '2026-02-03 02:39:46'),
(724, 'HR NUSA 2, PT', 'HN2', 'Vendor', NULL, 'V00622', 'Jl. Napoli No. 88, Lippo Cikarang', 1, NULL, '2026-02-03 02:39:46', '2026-02-03 02:39:46'),
(725, 'SOLO TEKNOLOGI PERKASA, PT', 'STP', 'Vendor', NULL, 'V00623', 'l Raya Griya Asri II, Blok D1 No 80, Tambun, Bekasi 17520', 1, NULL, '2026-02-03 02:39:46', '2026-02-03 02:39:46'),
(726, 'PARTINDO METAL CEMERLANG, PT', 'PMC', 'Vendor', NULL, 'V00624', 'JL WIBAWAMUKTI II KP PEDURENAN DESA JATILUHUR KEC JATIASIH KOTA BEKASI', 1, NULL, '2026-02-03 02:39:46', '2026-02-03 02:39:46'),
(727, 'SURYA MAJU TEHNIK, PT', 'SMT2', 'Vendor', NULL, 'V00625', 'Cluster IKM Kav.10, Kp. Binong, Jalan Binong RT/RW 001/003, Desa Jatireja, Cikarang Timur', 1, NULL, '2026-02-03 02:39:46', '2026-02-03 02:39:46'),
(728, 'PANCA TRI NET', 'PTN', 'Vendor', NULL, 'V00626', 'GCC Blok E1 no 8 Kalyana Kel. Karangraharja Kec. Cikarang Utara', 1, NULL, '2026-02-03 02:39:46', '2026-02-03 02:39:46'),
(729, 'UNIVERSITAS INDONESIA', 'UI', 'Vendor', NULL, 'V00627', 'JL LINGKAR PONDOK CHINA KEC BEJI KOTA DEPOK JAWA BARAT 16424', 1, NULL, '2026-02-03 02:39:46', '2026-02-03 02:39:46'),
(730, 'MAJU MAKMUR, CV', 'MM', 'Vendor', NULL, 'V00628', 'Glodok', 1, NULL, '2026-02-03 02:39:46', '2026-02-03 02:39:46'),
(731, 'VALVIN WIRA JAYA, PT', 'VWJ', 'Vendor', NULL, 'V00629', 'BUKIT GOLF MEDITERANIA RUKAN EXCLUSIVE BLOK A NO 57 PANTAI INDAH KAPUK JAKARTA UTARA', 1, NULL, '2026-02-03 02:39:46', '2026-02-03 02:39:46'),
(732, 'OERLIKON BALZERS ARTODA INDONESIA, PT', 'OBAI', 'Vendor', NULL, 'V00630', 'Kawasan Delta Silicon 2, Jl. Gaharu Block f5 No. 10A, Lippo Cikarang', 1, NULL, '2026-02-03 02:39:46', '2026-02-03 02:39:46'),
(733, 'RANAL JAYA', 'RJ', 'Vendor', NULL, 'V00631', 'JL BELLY NO 3 RT 05/06 PEKAYON PASAR REBO JAKARTA TIMUR 13710', 1, NULL, '2026-02-03 02:39:46', '2026-02-03 02:39:46'),
(734, 'INAPLAS', 'I2', 'Vendor', NULL, 'V00632', '', 1, NULL, '2026-02-03 02:39:46', '2026-02-03 02:39:46'),
(735, 'BLUD SMKN 1 LOSARANG', 'BS1L', 'Vendor', NULL, 'V00633', 'JL RAYA PANTURA LOSARANG INDRAMAYU 45253', 1, NULL, '2026-02-03 02:39:46', '2026-02-03 02:39:46'),
(736, 'ARIS TEKNINDO MANDIRI, PT', 'ATM2', 'Vendor', NULL, 'V00634', 'PERUM PONDOK PERMATA C17/46 BABELAN', 1, NULL, '2026-02-03 02:39:46', '2026-02-03 02:39:46'),
(737, 'MITRA SJA BAN, PT', 'MSB', 'Vendor', NULL, 'V00635', 'Jl. Raya Industri Lippo Cikarang Selatan', 1, NULL, '2026-02-03 02:39:46', '2026-02-03 02:39:46'),
(738, 'PRIMA BAN', 'PB', 'Vendor', NULL, 'V00636', 'Jl. Raya Industri Lippo Cikarang Sel. No.81 - 83', 1, NULL, '2026-02-03 02:39:46', '2026-02-03 02:39:46'),
(739, 'INDONESIA MOLD & DIES INDUSTRY ASSOCIATION', 'IMDIA', 'Vendor', NULL, 'V00637', 'Jl. Raya Bogor No.KM 29, Pekayon, Kec. Cimanggis, Kota Jakarta Timur', 1, NULL, '2026-02-03 02:39:46', '2026-02-03 02:39:46'),
(740, 'BERKAH SOLUSI TEKNIK', 'BST', 'Vendor', NULL, 'V00638', 'Jl. Antilop Raya No.A2 Jayamukti, Cikarang Pusat, Kab. Bekasi 17530', 1, NULL, '2026-02-03 02:39:46', '2026-02-03 02:39:46'),
(741, 'STEEL PIPE INDUSTRY OF INDONESIA, PT', 'SPIOI', 'Vendor', NULL, 'V00639', 'KAWASAN INDUSTRI MITRA KARAWANG-JL MITRA RAYA II BLOK F2, KARAWANG', 1, NULL, '2026-02-03 02:39:46', '2026-02-03 02:39:46'),
(742, 'SOMAGEDE INDONESIA, PT', 'SI5', 'Vendor', NULL, 'V00640', 'Jl. Raya Cikarang - Cibarusah No.1 blok B, Pasirsari, Cikarang Selatan', 1, NULL, '2026-02-03 02:39:46', '2026-02-03 02:39:46'),
(743, 'ANUGERAH SURYA WIJAYA, PT', 'ASW1', 'Vendor', NULL, 'V00641', 'Jl. Cimandiri 10 G.Asri BY.7 No.27 RT 0016/RW 007 Jatireja - Cikarang Timur Kab. Bekasi', 1, NULL, '2026-02-03 02:39:46', '2026-02-03 02:39:46'),
(744, 'SURYA PERDANA LOGAM, PT', 'SPL', 'Vendor', NULL, 'V00642', 'JLN RAYA PASAR KEMIS KM 3,1 KEL GEMBUL KEC PRIUK TANGERANG', 1, NULL, '2026-02-03 02:39:46', '2026-02-03 02:39:46'),
(745, 'MEGATAMA SOLUSINDO, CV', 'MS2', 'Vendor', NULL, 'V00643', 'JL ARIEF RAHMAN HAKIM MO 10B KARAWANG BARAT', 1, NULL, '2026-02-03 02:39:46', '2026-02-03 02:39:46'),
(746, 'CIPTA SUKSES TEKNOLOGI, CV', 'CST', 'Vendor', NULL, 'V00644', 'Jl. Ciantra No.09 KP Kukun - Desa Ciantra, Cikarang Selatan', 1, NULL, '2026-02-03 02:39:46', '2026-02-03 02:39:46'),
(747, 'DENDO EXPRESS INDONESIA, PT', 'DEI', 'Vendor', NULL, 'V00645', 'Jl. Raya Kelapa Dua Wetan No. 8 - Ciracas, Jakarta Timur 13730', 1, NULL, '2026-02-03 02:39:46', '2026-02-03 02:39:46'),
(748, 'PLASTIK KARAWANG FLEXINDO, PT', 'PKF', 'Vendor', NULL, 'V00646', 'JL. RAYA KOSAMBI CURUG KMS NO.8 RT 004 RW 005,CIMAHI, KEC KLARI, KAB KARAWANG, JAWA BARAT', 1, NULL, '2026-02-03 02:39:46', '2026-02-03 02:39:46'),
(749, 'DHARMA INTI ADHIKARYA SEJAHTERA, PT', 'DIAS', 'Vendor', NULL, 'V00647', 'JL CISANGKUY II BLOK A20/29 SIMOANGAN CIKARANG UTARA 17530', 1, NULL, '2026-02-03 02:39:46', '2026-02-03 02:39:46'),
(750, 'INDONESIA PUTRA MAKMUR, PT', 'IPM1', 'Vendor', NULL, 'V00648', '', 1, NULL, '2026-02-03 02:39:46', '2026-02-03 02:39:46'),
(751, 'SATYA KARYA TEKNOLOGI, PT', 'SKT', 'Vendor', NULL, 'V00649', 'Kawasan Central Cikarang Industrial Park Blok K1 No.1 Desa Cicau, Kec Cikarang Pusat, Bekasi', 1, NULL, '2026-02-03 02:39:46', '2026-02-03 02:39:46'),
(752, 'NANTECH TRITAMA SUKSES, PT', 'NTS', 'Vendor', NULL, 'V00650', 'JL PABRIK KULIT NO 09 KP CIJAMBE RT 06/03 SUKADAMI CIKARANG SELATAN', 1, NULL, '2026-02-03 02:39:46', '2026-02-03 02:39:46'),
(753, 'BADAN STANDARDISASI DAN KEBIJAKAN JASA INDUSTRI', 'BSDKJ', 'Vendor', NULL, 'V00651', 'JL SANGKURIANG NO 14 BANDUNG 40135 JAWA BARAT', 1, NULL, '2026-02-03 02:39:46', '2026-02-03 02:39:46'),
(754, 'MAHKOTA MAS MANDIRI MULIA .PT', 'MMMM', 'Vendor', NULL, 'V00652', 'Komplek Green Ville BG/29 rt011/014 Duri, Kebon Jeruk, Jakarta Barat', 1, NULL, '2026-02-03 02:39:46', '2026-02-03 02:39:46'),
(755, 'Mandiri Conblock', 'MC2', 'Vendor', NULL, 'V00653', 'Cikarang', 1, NULL, '2026-02-03 02:39:46', '2026-02-03 02:39:46'),
(756, 'MANDIRI CONBLOCK', 'MC3', 'Vendor', NULL, 'V00654', '', 1, NULL, '2026-02-03 02:39:46', '2026-02-03 02:39:46'),
(757, 'BERKAT SOLUSINDO, PT', 'BS2', 'Vendor', NULL, 'V00655', 'JL INPRES 18 NO 1 CILEDUG-TANGERANG', 1, NULL, '2026-02-03 02:39:46', '2026-02-03 02:39:46'),
(758, 'YATRA BUANA FAJAR, PT', 'YBF', 'Vendor', NULL, 'V00656', 'Jl. Hj. Toha Kp. Cibeber No. 41 Kel. Desa Simpangan, Kec. Cikarang Utara, Bekasi', 1, NULL, '2026-02-03 02:39:46', '2026-02-03 02:39:46'),
(759, 'TRITANU BRANCH CIKARANG', 'TBC', 'Vendor', NULL, 'V00657', 'JL. NIAGA RAYA METRO BOULEVARD 2 NO 8 JABABEKA PLANT 2 CIKARANG 17750', 1, NULL, '2026-02-03 02:39:46', '2026-02-03 02:39:46'),
(760, 'CYCLONE TURBINE VENTILATOR', 'CTV', 'Vendor', NULL, 'V00658', '', 1, NULL, '2026-02-03 02:39:46', '2026-02-03 02:39:46'),
(761, 'BANTEN JAYA, CV', 'BJ', 'Vendor', NULL, 'V00659', 'Jl. Link Masigit No 22 Citangkil-Cilegon Cilegon', 1, NULL, '2026-02-03 02:39:46', '2026-02-03 02:39:46'),
(762, 'INDO MULTI PRESISI, PT', 'IMP', 'Vendor', NULL, 'V00660', 'Jl. Kp. Walahir No.4 Karangraharja Kec. Cikarang Utara', 1, NULL, '2026-02-03 02:39:46', '2026-02-03 02:39:46'),
(763, 'WIBAWA JATI PUTRA, PT', 'WJP', 'Vendor', NULL, 'V00661', 'GRAHA CIKARANG BLOK F2 NO 09 CIKARANG UTARA KAB BEKASI', 1, NULL, '2026-02-03 02:39:46', '2026-02-03 02:39:46'),
(764, 'CIPTAUNGGUL KARYA ABADI, PT', 'CKA', 'Vendor', NULL, 'V00662', 'Jln Desa Purwadana Telukjambe Karawang Barat 41361', 1, NULL, '2026-02-03 02:39:46', '2026-02-03 02:39:46'),
(765, 'COSMO METAL, PT', 'CM2', 'Vendor', NULL, 'V00663', 'JL SUNGKAI BLOCK F25-09M,DELTA SILICON 3 LIPPO CIKARANG,CICAU', 1, NULL, '2026-02-03 02:39:46', '2026-02-03 02:39:46'),
(766, 'ARTHA PRATAMA TECHNOLOGY, PT', 'APT3', 'Vendor', NULL, 'V00664', 'PUSAT KOMPUTER DAN ELEKTRONIK HARCO MANGGA DUA LANTAI 1 BLOK A1 NO 15 JL. MANGGA DUA RAYA JAKARTA', 1, NULL, '2026-02-03 02:39:46', '2026-02-03 02:39:46'),
(767, 'EPW BAJA LESTARI, PT', 'EBL', 'Vendor', NULL, 'V00665', 'JL RAYA MUSTIKA JAYA NO 67-68 RT 04 RW 11 MUSTIKA JAYA,BEKASI KOTA 17158', 1, NULL, '2026-02-03 02:39:46', '2026-02-03 02:39:46'),
(768, 'SURYA SISTEMA, CV', 'SS3', 'Vendor', NULL, 'V00666', 'VILLA MUTIARA JAYA II MB8 NO 2 WANAJAYA CIBITUNG BEKASI 17520', 1, NULL, '2026-02-03 02:39:46', '2026-02-03 02:39:46'),
(769, 'DERA CIPTA SUKSESTAMA, PT', 'DCS', 'Vendor', NULL, 'V00667', 'Jl. Amir Hamzah No. 88, Kp. Rawa Bangkong RT 02/RW 06, Sertajaya, Kec. Cikarang Timur', 1, NULL, '2026-02-03 02:39:46', '2026-02-03 02:39:46'),
(770, 'LUMBA KARYA ASIA, PT', 'LKA', 'Vendor', NULL, 'V00668', 'JL ZENI AD IIA NO 14 RAWAJATI KALIBATA, JAKARTA SELATAN', 1, NULL, '2026-02-03 02:39:46', '2026-02-03 02:39:46'),
(771, 'INDONESIA AppliCAD, PT', 'IA1', 'Vendor', NULL, 'V00669', 'JL RAYA BOULEVARD KELAPA GADING TIMUR JAKARTA UTARA 14240', 1, NULL, '2026-02-03 02:39:46', '2026-02-03 02:39:46'),
(772, 'SUN STAR', 'SS4', 'Vendor', NULL, 'V00670', 'KP PULE RT02/03 DESA KARANG SETIA,KEC KARANG BAHAGIA KAB BEKASI', 1, NULL, '2026-02-03 02:39:46', '2026-02-03 02:39:46'),
(773, 'IZRA INDO TECHNOLOGY, PT', 'IIT', 'Vendor', NULL, 'V00671', 'Jl Industri Gardu Sempu Desa Pasir Gombong No. 257 RT/RW 01/03 Cikarang Utara', 1, NULL, '2026-02-03 02:39:46', '2026-02-03 02:39:46'),
(774, 'KWANG HWA SHING, PT', 'KHS', 'Vendor', NULL, 'V00672', 'Jl. Kruing 2 Blok L7-06, No. 10 Delta Silicon Industri Park Lippo Cikarang, Kel. Sukaresmi', 1, NULL, '2026-02-03 02:39:46', '2026-02-03 02:39:46'),
(775, 'SURYA HARI PRATAMA, PT', 'SHP1', 'Vendor', NULL, 'V00673', 'Kawasan Industri PAMIS Jl. Siliwangi KM.5 Blok No.05 RT.04 /01 Desa Gembor Kec. Periuk', 1, NULL, '2026-02-03 02:39:46', '2026-02-03 02:39:46'),
(776, 'METAL PLAS INDUSTRI, PT', 'MPI', 'Vendor', NULL, 'V00674', 'FACTORY BUMI CIKARANG MAKMUR BLOK A11 NO 3 KEC CIKARANG SELATAN KAB BEKASI-JAWA BARAT', 1, NULL, '2026-02-03 02:39:46', '2026-02-03 02:39:46'),
(777, 'BERKAH MANDIRI KAROSERI, CV', 'BMK', 'Vendor', NULL, 'V00675', 'Jl. Gatot Subroto No. 168 Kp. Kaliulu RT 003/RW 002 Desa Tanjung Sari Kec. Cikarang Utara, Bekasi', 1, NULL, '2026-02-03 02:39:46', '2026-02-03 02:39:46'),
(778, 'RUKUN SEJAHTERA TEKNIK, PT', 'RST', 'Vendor', NULL, 'V00676', 'Komplek Ruko Glodok Jaya No. 80-81, Jl. Hayam Wuruk, Jakarta 11180', 1, NULL, '2026-02-03 02:39:46', '2026-02-03 02:39:46'),
(779, 'GEAN MANDIRI PERSADA', 'GMP', 'Vendor', NULL, 'V00677', '', 1, NULL, '2026-02-03 02:39:46', '2026-02-03 02:39:46'),
(780, 'KHARISMA PENDAWA LIMA, PT', 'KPL', 'Vendor', NULL, 'V00678', 'BLOK C-16,JALAN SULTAN HASANUDIN,TAMBUN SELATAN,BEKASI 17510', 1, NULL, '2026-02-03 02:39:46', '2026-02-03 02:39:46'),
(781, 'BALA KARYA TEKNOLOGI, PT', 'BKT', 'Vendor', NULL, 'V00679', 'JLN PAMAHAN NO 33 RT 01 RW 05 DESA JATIREJA CIKARANG TIMUR, BEKASI', 1, NULL, '2026-02-03 02:39:46', '2026-02-03 02:39:46'),
(782, 'ANUGRAH MANDIRI TECHNIC', 'AMT1', 'Vendor', NULL, 'V00680', 'PERUM GCC2 BLOK F31 NO 24', 1, NULL, '2026-02-03 02:39:46', '2026-02-03 02:39:46'),
(783, 'CAHAYA AULIA BERKAH MANDIRI, PT', 'CABM1', 'Vendor', NULL, 'V00681', 'JL. SYECH QURO NO.33 LAMARAN, KARAWANG', 1, NULL, '2026-02-03 02:39:46', '2026-02-03 02:39:46'),
(784, 'Best Logistics Service Indonesia, PT', 'BLS', 'Vendor', NULL, 'V00682', '', 1, NULL, '2026-02-03 02:39:46', '2026-02-03 02:39:46'),
(785, 'SARANA TOOLINDO PERKASA, PT', 'STP1', 'Vendor', NULL, 'V00683', 'MANGGA DUA PLAZA BLOK J NO 1 JL MANGGA DUA RAYA,JAKARTA', 1, NULL, '2026-02-03 02:39:46', '2026-02-03 02:39:46'),
(786, 'BENGKEL DINAMO MANDIRI TEKNIK', 'BDMT', 'Vendor', NULL, 'V00684', 'JL KALIMALANG RAWA SENTUL CIKARANG', 1, NULL, '2026-02-03 02:39:46', '2026-02-03 02:39:46'),
(787, 'BAHTERA MAJU UTAMA, PT', 'BMU', 'Vendor', NULL, 'V00685', 'JL RAYA GEMALAPIK NO 64 KEC CIKARANG SELATAN,BEKASI', 1, NULL, '2026-02-03 02:39:46', '2026-02-03 02:39:46'),
(788, 'TAIYO BERLIAN INDONESIA, PT', 'TBI', 'Vendor', NULL, 'V00686', 'Kp. Cipalahlar Desa Sukaragam Kec. Serang Baru, Bekasi, Jawa Barat, Indonesia', 1, NULL, '2026-02-03 02:39:46', '2026-02-03 02:39:46'),
(789, 'INTISUPPLIES MEGA PERKASA', 'IMP1', 'Vendor', NULL, 'V00687', 'JL TANGKUBAN PERAHU,RUKO COSMO CENTER BLOK A NO 20 LIPPO CIKARANG,BEKASI', 1, NULL, '2026-02-03 02:39:46', '2026-02-03 02:39:46'),
(790, 'INDO METAL TEHNIK, PT', 'IMT', 'Vendor', NULL, 'V00688', '', 1, NULL, '2026-02-03 02:39:46', '2026-02-03 02:39:46'),
(791, 'INDO METAL TEHNIK, PT', 'IMT1', 'Vendor', NULL, 'V00689', 'Kawasan Industri Jababeka 1, Jl. Jababeka IX B Blok P 9F Cikarang', 1, NULL, '2026-02-03 02:39:46', '2026-02-03 02:39:46'),
(792, 'MITRA DHARMA KREASINDO, PT', 'MDK', 'Vendor', NULL, 'V00690', 'RUKO PONDOK MELATI NO 100D JATIWARNA PONDOK MELATI BEKASI JAWA BARAT 17414', 1, NULL, '2026-02-03 02:39:46', '2026-02-03 02:39:46'),
(793, 'CENTRAL BEARINDO INTERNATIONAL, PT', 'CBI', 'Vendor', NULL, 'V00691', 'RUKAN MITRA KREKOT JL H SAMANHUDI NO 21 M JAKARTA 10710', 1, NULL, '2026-02-03 02:39:46', '2026-02-03 02:39:46'),
(794, 'PUDIGEN WIRA SEJAHTERA, CV', 'PWS', 'Vendor', NULL, 'V00692', 'JL TULIP BLOK C XI NO 14 SKU TAMBUN SELATAN BEKASI', 1, NULL, '2026-02-03 02:39:46', '2026-02-03 02:39:46'),
(795, 'TRI SAKA ARTHA, PT', 'TSA', 'Vendor', NULL, 'V00693', 'JL BUKIT KENCANA RT 01 RW 08 JATIMAKMUR PONDOK GEDE,BEKASI,JAWA BARAT 17413', 1, NULL, '2026-02-03 02:39:46', '2026-02-03 02:39:46'),
(796, 'INDUSTRIAL MULTI FAN, PT', 'IMF', 'Vendor', NULL, 'V00694', 'JL HAYAM WURUK NO 111 QQ,JAKARTA BARAT DKI JAKARTA 11160', 1, NULL, '2026-02-03 02:39:46', '2026-02-03 02:39:46'),
(797, 'BAHTERA MADYA UTAMA, PT', 'BMU1', 'Vendor', NULL, 'V00695', 'JL RAYA GEMALAPIK PASIRKONCI NO 64 CIKARANG SELATAN', 1, NULL, '2026-02-03 02:39:46', '2026-02-03 02:39:46'),
(798, 'SAGAMI LARAS CEMERLANG, PT', 'SLC', 'Vendor', NULL, 'V00696', 'Jalan Niaga Raya, Capitol Kavling 1A - 1B Jababeka 2, Cikarang Baru, Desa Mekarmukti', 1, NULL, '2026-02-03 02:39:46', '2026-02-03 02:39:46'),
(799, 'ADHIYAKSA DAYA SENTOSA, PT', 'ADS3', 'Vendor', NULL, 'V00697', 'JL RAYA SENTOSA UTARA,CIKARANG', 1, NULL, '2026-02-03 02:39:46', '2026-02-03 02:39:46'),
(800, 'ARTAPRIMA SARANA SUKSES, PT', 'ASS1', 'Vendor', NULL, 'V00699', 'GRAND GALAXY CITY ROSE GORDEN 3 BEKASI SELATAN', 1, NULL, '2026-02-03 02:39:46', '2026-02-03 02:39:46'),
(801, 'BORIS AKURASI TOOLSINDO, PT', 'BAT1', 'Vendor', NULL, 'V00700', 'JL SAUNG AKI KP TEMBOK GUNUNG RT 08 RW 04 DS SUKAMAHI KEC CIKARANG PUSAT', 1, NULL, '2026-02-03 02:39:46', '2026-02-03 02:39:46'),
(802, 'INDOTECH TRIMITRA ABADI, PT', 'ITA', 'Vendor', NULL, 'V00701', 'JL DR CIPTO MANGUNKUSUMO CIKARANG UTARA', 1, NULL, '2026-02-03 02:39:46', '2026-02-03 02:39:46'),
(803, 'ASRA GEMILANG NUSANTARA, PT', 'AGN', 'Vendor', NULL, 'V00702', 'GRAND GALAXY CITY BLOK RSA 5 NO 2 JAKASETIA-BEKASI SELATAN 17147', 1, NULL, '2026-02-03 02:39:46', '2026-02-03 02:39:46'),
(804, 'AWATYA LAKSANA, CV', 'AL', 'Vendor', NULL, 'V00703', 'JL TRIDAYA SAKTI TAMBUN SELATAN BEKASI 17510', 1, NULL, '2026-02-03 02:39:46', '2026-02-03 02:39:46'),
(805, 'RIZKY PERSADA SERVICE TAMA', 'RPST', 'Vendor', NULL, 'V00704', 'PERUM MEGA REGENCY BLOK C27 NO 2 CIKARANG SELATAN KABUPATEN BEKASI,SERANG BARU,SUKASARI 17330', 1, NULL, '2026-02-03 02:39:46', '2026-02-03 02:39:46'),
(806, 'NANDICH PRIMA SOLUTION, PT', 'NPS', 'Vendor', NULL, 'V00705', 'TRIAS ESTATE CIBITUNG BEKASI 17520', 1, NULL, '2026-02-03 02:39:46', '2026-02-03 02:39:46'),
(807, 'DITAMA NASTARI GEMILANG, CV', 'DNG', 'Vendor', NULL, 'V00706', 'JL CIKAS BARAT 6 BLOCK C 11 NO 10 PEKAYON KAYA-BEKASI SELATAN', 1, NULL, '2026-02-03 02:39:46', '2026-02-03 02:39:46'),
(808, 'KURNIA INDAH SEJATI, PT', 'KIS', 'Vendor', NULL, 'V00707', 'JL DHARMAWANGSA 10 BLOK B4 NO 19 D\'JAVA JABABEKA CIKARANG UTARA-BEKASI 17530', 1, NULL, '2026-02-03 02:39:46', '2026-02-03 02:39:46'),
(809, 'YAKIN MAJU SENTOSA, PT', 'YMS1', 'Vendor', NULL, 'V00708', 'PERTOKOAN GLODOK PLAZA BLOK F NO 115 JAKARTA 11180', 1, NULL, '2026-02-03 02:39:46', '2026-02-03 02:39:46'),
(810, 'DCA CIPTA ASA, PT', 'DCA', 'Vendor', NULL, 'V00709', 'ALAMANDA TOWER LT 2 UNIT H1 JL TB SIMATUPANG KAV 23-24 CILANDAK JAKARTA SELATAN', 1, NULL, '2026-02-03 02:39:46', '2026-02-03 02:39:46'),
(811, 'ADHISATYA INDONESIA, PT', 'AI6', 'Vendor', NULL, 'V00710', 'GADING ICON BLOK B NO 3 JL PERINTIS KEMERDEKAAN KAV 99 JAKARTA 13260', 1, NULL, '2026-02-03 02:39:46', '2026-02-03 02:39:46'),
(812, 'SMART INDOTECH UTAMA, PT', 'SIU', 'Vendor', NULL, 'V00711', 'JL BERUANG XI C BLOK G8 NO 2 CIKARANG BARU,KEC CIKARANG PUSAT,KAB BEKASI', 1, NULL, '2026-02-03 02:39:46', '2026-02-03 02:39:46'),
(813, 'BAHANA AKURASI TEKNOLOGI, PT', 'BAT2', 'Vendor', NULL, 'V00712', 'JL RAYA KALIMALANG NO 57 CIKARANG PUSAT', 1, NULL, '2026-02-03 02:39:46', '2026-02-03 02:39:46'),
(814, 'SURYA TEKNIK ABADI, PT', 'STA', 'Vendor', NULL, 'V00713', 'KAWASAN MIXED USED AEROPOLIS,BLOK WH.C.S NO 32', 1, NULL, '2026-02-03 02:39:46', '2026-02-03 02:39:46'),
(815, 'SPLENDOR INOVASI INDONESIA, PT', 'SII', 'Vendor', NULL, 'V00714', 'CITRA 7 RUKO OASIS BLOK A8 NO 23 KALIDERES,JAKARTA BARAT', 1, NULL, '2026-02-03 02:39:46', '2026-02-03 02:39:46'),
(816, 'VIRGI MOTOR CIKARANG, PT', 'VMC', 'Vendor', NULL, 'V00715', '', 1, NULL, '2026-02-03 02:39:46', '2026-02-03 02:39:46'),
(817, 'PRIMA ANJAYA SANTOSO, PT', 'PAS1', 'Vendor', NULL, 'V00716', 'JL P JAYAKARTA 121/41,JAKARTA PUSAT 10730', 1, NULL, '2026-02-03 02:39:46', '2026-02-03 02:39:46'),
(818, 'BEST, PT', 'B1', 'Vendor', NULL, 'V00718', 'JL AGATIS F9/9D LIPPO CIKARANG INDUSTRIAL PARK DS3,BEKASI 17531', 1, NULL, '2026-02-03 02:39:46', '2026-02-03 02:39:46'),
(819, 'URACKING CORPORATION', 'UC', 'Vendor', NULL, 'V00719', 'RUKUN MANGGA DUA SQUARE BLOCK E JL GUNUNG SAHARI RAYA NO 1 KEL ANCOL KEC PADEMANGAN JAKARTA UTARA', 1, NULL, '2026-02-03 02:39:46', '2026-02-03 02:39:46'),
(820, 'DERASPACE INTI TEKNOLOGI, PT', 'DIT1', 'Vendor', NULL, 'V00720', 'GEDUNG OFFICE EIGHTYEIGHT@KASABLANKA TOWER A LANTAI 38 UNIT A-D JAKARTA SELATAN', 1, NULL, '2026-02-03 02:39:46', '2026-02-03 02:39:46'),
(821, 'Geritji Metal Jaya, PT.', 'GMJ1', 'Vendor', NULL, 'V00721', '', 1, NULL, '2026-02-03 02:39:46', '2026-02-03 02:39:46'),
(822, 'HIKANA METAL INDUSTRI, PT', 'HMI', 'Vendor', NULL, 'V00722', 'KAMPUNG GOMBONG NO 23 KE PASIR GOMBONG KEC.CIKARANG UTARA KAB.BEKASI', 1, NULL, '2026-02-03 02:39:46', '2026-02-03 02:39:46'),
(823, 'NARAJS INTI GANDA, PT', 'NIG', 'Vendor', NULL, 'V00723', 'JL GAHARU 1 BLOK F02 NO 010 S DELTA SILICON 2 INDUSTRIAL PARK', 1, NULL, '2026-02-03 02:39:46', '2026-02-03 02:39:46'),
(824, 'CAHAYA SENTOSA ABADI, PT', 'CSA', 'Vendor', NULL, 'V00724', 'Jl Raya Curug, Kosambi', 1, NULL, '2026-02-03 02:39:46', '2026-02-03 02:39:46'),
(825, 'HASGARA CIPTA GUSANA, PT', 'HCG', 'Vendor', NULL, 'V00725', 'JL ASABRI INDAH NO 35 JATILUHUR,JATIASIH,KOTA BEKASI', 1, NULL, '2026-02-03 02:39:46', '2026-02-03 02:39:46'),
(826, 'TIGA PERMATA GLOBAL, PT', 'TPG', 'Vendor', NULL, 'V00726', 'JALAN PENDIDIKAN II NO 25 MANGUN JAYA,KEC TAMBUN SELATAN', 1, NULL, '2026-02-03 02:39:47', '2026-02-03 02:39:47'),
(827, 'SIMARUTECH JAYA PRATAMA, CV', 'SJP', 'Vendor', NULL, 'V00727', 'OFFICE PILAR GADING MAS BLOK E2 12B,SUKARUKUN,SUKATANI', 1, NULL, '2026-02-03 02:39:47', '2026-02-03 02:39:47'),
(828, 'BRIGHT FUTURE PRECISION METAL INDONESIA, PT', 'BFPMI', 'Vendor', NULL, 'V00728', 'JL ALBASIA UTARA 2 BLOK K2 NO 06D-KAWASAN INDUSTRI DELTA SILICON 8 KAB BEKASI', 1, NULL, '2026-02-03 02:39:47', '2026-02-03 02:39:47'),
(829, 'DEFAS ADIPURA BERSAMA, PT', 'DAB', 'Vendor', NULL, 'V00729', 'JL BARU PINANG KUNCIRAN NO 168i KELURAHAN P8INANG KEC PINANG TANGERANG', 1, NULL, '2026-02-03 02:39:47', '2026-02-03 02:39:47'),
(830, 'DAYA PRESINDO UTAMA, PT', 'DPU1', 'Vendor', NULL, 'V00730', 'JL RAYA PERANCIS NO BLOCK CN 42-46 DADAP,KAB TANGERANG', 1, NULL, '2026-02-03 02:39:47', '2026-02-03 02:39:47'),
(831, 'DUTA BANGUN PRATAMA, PT', 'DBP', 'Vendor', NULL, 'V00731', 'JL TAMAN HARAPAN BARU RAYA NO 1 KECAMATAN MEDAN SATRIA KOTA BEKASI', 1, NULL, '2026-02-03 02:39:47', '2026-02-03 02:39:47'),
(832, 'PANDU SEJAHTERA UTAMA, PT', 'PSU', 'Vendor', NULL, 'V00732', 'KP. WALAHIR DS KARANGHARJA KEC CIKARANG UTARA KAB BEKASI', 1, NULL, '2026-02-03 02:39:47', '2026-02-03 02:39:47'),
(833, 'KDS STORE, CV', 'KS', 'Vendor', NULL, 'V00733', 'JLN. BENDASARI 1, RT.RW 009/004, DS. KONDANGJAYA, KARAWANG TIMUR, KAB. KARAWANG', 1, NULL, '2026-02-03 02:39:47', '2026-02-03 02:39:47'),
(834, 'SUMBER TEKNIK MOTOR, PT', 'STM2', 'Vendor', NULL, 'V00734', 'JALAN KAPUK MUARA BLOK A NOMOR 21-24, JAKARTA UTARA 14460', 1, NULL, '2026-02-03 02:39:47', '2026-02-03 02:39:47'),
(835, 'DEKISUGI TEKNIK PRESISI, PT', 'DTP', 'Vendor', NULL, 'V00735', 'JL. GANESHA BOULEVARD, RUKO REDWOOD NO. 7A, DELTAMAS, CIKARANG PUSAT, BEKASI', 1, NULL, '2026-02-03 02:39:47', '2026-02-03 02:39:47'),
(836, 'PUTRA JAJAR MANDIRI, PT', 'PJM1', 'Vendor', NULL, 'V00736', 'KP. CIBEBER RT. 003 RW. 004, SIMPANGAN, CIKARANG UTARA,BEKASI', 1, NULL, '2026-02-03 02:39:47', '2026-02-03 02:39:47'),
(837, 'ARDATA DESIGN SOLUSI, PT', 'ADS4', 'Vendor', NULL, 'V00737', 'JL. RAYA CIBARUSAH KM. 10 CIBARUSAH, CIKARANG SELATAN, BEKASI', 1, NULL, '2026-02-03 02:39:47', '2026-02-03 02:39:47'),
(838, 'IKHSAN WATER, PT', 'IW', 'Vendor', NULL, 'V00738', 'Gramapuri persada, T6/12 Kec. Cibitung', 1, NULL, '2026-02-03 02:39:47', '2026-02-03 02:39:47'),
(839, 'INDOGEDE GEMILANG TRADA, PT', 'IGT', 'Vendor', NULL, 'V00739', 'PESONA CIJANGGA, BLOK A NO. 51, SERANG, CIKARANG SELATAN, BEKASI', 1, NULL, '2026-02-03 02:39:47', '2026-02-03 02:39:47'),
(840, 'HARIKATAMA INDUSTRIAL GROUP,PT', 'HIG', 'Vendor', NULL, 'V00740', 'PERUM. BUMI KAHURIPAN INDAH, JL. LAVENDER 4 BLOK E11 NO.27 KELURAHAN SUKAMANAH KECAMATAN SUKATANI', 1, NULL, '2026-02-03 02:39:47', '2026-02-03 02:39:47'),
(841, 'ODEA MITRA SEJATI, PT', 'OMS1', 'Vendor', NULL, 'V00741', 'GG. MELATI, RT.1/RW.17, PENJARINGAN, KEC. PENJARINGAN, JKT UTARA, DKI JAKARTA, 14440', 1, NULL, '2026-02-03 02:39:47', '2026-02-03 02:39:47'),
(842, 'INDOCOAT SINAR INOVASI TEKNOLOGI, PT', 'ISIT', 'Vendor', NULL, 'V00742', 'DELTA SILICON 2, BLOK F6 NO. 3H-3J, JL. JOHAR, CICAU, CIKARANG SELATAN, KAB. BEKASI, JAWA BARAT', 1, NULL, '2026-02-03 02:39:47', '2026-02-03 02:39:47'),
(843, '4MCAD.ID', '4I', 'Vendor', NULL, 'V00743', 'SRUNI JENGGAWAH JEMBER JAWA TIMUR 68171', 1, NULL, '2026-02-03 02:39:47', '2026-02-03 02:39:47'),
(844, 'HAFSANTEK, CV', 'H1', 'Vendor', NULL, 'V00744', 'JL. KH. MAS\'UD, RT.003/RW.005, TRIDAYA SAKTI, KEC. TAMBUN SEL., KABUPATEN BEKASI, JAWA BARAT 17518', 1, NULL, '2026-02-03 02:39:47', '2026-02-03 02:39:47'),
(845, 'ANGSA PUTIH KURNIA KHARISMA, PT', 'APKK', 'Vendor', NULL, 'V00745', 'JL. KARTINI RAYA NO. 25A JAKARTA', 1, NULL, '2026-02-03 02:39:47', '2026-02-03 02:39:47'),
(846, 'CILEGON STEEL, CV', 'CS2', 'Vendor', NULL, 'V00746', 'JL. CIKARANG CIBARUSAH NO. 19 KP. PAGAULAN RT. 009 RW. 002, SUKARESMI, CIKARANG SELATAN, KAB. BEKASI', 1, NULL, '2026-02-03 02:39:47', '2026-02-03 02:39:47'),
(847, 'BUANA ARTA TOOLINDO, PT', 'BAT3', 'Vendor', NULL, 'V00747', 'KOMPLEK RUKO MADRID NO. 9, JL. PALEM RAJA SELATAN, PALEM SEMI TANGERANG, BANTEN, 15116', 1, NULL, '2026-02-03 02:39:47', '2026-02-03 02:39:47'),
(848, 'WIRAKARYA KREASINDO, PT', 'WK', 'Vendor', NULL, 'V00748', 'BUMI CIKARANG ASRI BLOK C3 NO. 6 CIKARANG SELATAN', 1, NULL, '2026-02-03 02:39:47', '2026-02-03 02:39:47'),
(849, 'CENTRAL ELEKTRINDO MANDIRI, PT', 'CEM', 'Vendor', NULL, 'V00749', 'RUKAN KIRANA BOUTIQUE OFFICE, BLOK E3 NO. 10, JL. RAYA BOULEVARD NO. 1, KELAPA GADING, JAKARTA UTARA', 1, NULL, '2026-02-03 02:39:47', '2026-02-03 02:39:47'),
(850, 'SINAR MUTIARA CAKRABUANA, PT', 'SMC1', 'Vendor', NULL, 'V00750', 'KOMPLEK PERTOKOAN GEDUNG GLODOK JAYA 61, MANGGA BESAR, JAKARTA BARAT, 11180', 1, NULL, '2026-02-03 02:39:47', '2026-02-03 02:39:47'),
(851, 'LAUTAN CIPTA ADYATMA REJO, PT', 'LCAR', 'Vendor', NULL, 'V00751', 'KAWASAN INDUSTRI TAMAN TEKNO BLOK. M NO. 8 BSD, SETU, TANGERANG SELATAN, 15314', 1, NULL, '2026-02-03 02:39:47', '2026-02-03 02:39:47'),
(852, 'JAVA KULINA SOLUTIONS, PT', 'JKS', 'Vendor', NULL, 'V00752', 'JL. BALADEWA 1 BLOK F19 NO. 31 DESA KARANGHARJA, CIKARANG UTARA, KAB. BEKASI, 17530', 1, NULL, '2026-02-03 02:39:47', '2026-02-03 02:39:47'),
(853, 'BANGKIT TEHNIK SEJAHTERA, PT', 'BTS', 'Vendor', NULL, 'V00753', 'PUNDONG RT. 03 RW. 02, PALUMBONSARI, KARAWANG TIMUR, KARAWANG, JAWA BARAT, 41314', 1, NULL, '2026-02-03 02:39:47', '2026-02-03 02:39:47'),
(854, 'MAJU JAYA SCAFFOLDING', 'MJS', 'Vendor', NULL, 'V00754', 'JL. WASTU KENCANA 5 BLOK B N0. 08, TAMAN CIBIRU, LIPPO, CIKARANG', 1, NULL, '2026-02-03 02:39:47', '2026-02-03 02:39:47'),
(855, 'ASA TEKNOLOGI INFORMASI INDONESIA, PT', 'ATII', 'Vendor', NULL, 'V00755', 'RUKO BIZHAUSE UNIT FP-C/4A NO. 12 METLAND CIBITUNG WANAJAYA, KAB. BEKASI - JAWA BARAT', 1, NULL, '2026-02-03 02:39:47', '2026-02-03 02:39:47'),
(856, 'DUTA NUSANTARA, CV', 'DN', 'Vendor', NULL, 'V00756', 'JL. MASJID III NO. 94, CIPAYUNG - JAKARTA TIMUR, 13840', 1, NULL, '2026-02-03 02:39:47', '2026-02-03 02:39:47'),
(857, 'TEHNIK UNGGULAN SEJATI, PT', 'TUS', 'Vendor', NULL, 'V00757', 'CLUSTER ANGGANA BLOK G5-05, RT. 030 RW. 014, KARANGHARJA, CIKARANG UTARA, KAB. BEKASI', 1, NULL, '2026-02-03 02:39:47', '2026-02-03 02:39:47'),
(858, 'ARAFAH BERKAH SEJAHTERA, PT', 'ABS1', 'Vendor', NULL, 'V00758', 'JL. ANGGREK NO 51 RT 04 RW 07, KEL. CURUG, KEC. CIMANGGIS, DEPOK, JAWA BARAT, 16453', 1, NULL, '2026-02-03 02:39:47', '2026-02-03 02:39:47'),
(859, 'HASEATECH, CV', 'H2', 'Vendor', NULL, 'V00759', 'JALAN RAYA SETU KP. RAWA BANTENG RT. 002 RW. 012 CIBUNTU, CIBITUNG, BEKASI - JAWA BARAT', 1, NULL, '2026-02-03 02:39:47', '2026-02-03 02:39:47'),
(860, 'SINAR INDOGREEN KENCANA, PT', 'SIK', 'Vendor', NULL, 'V00760', 'JL. RAYA PONOKAWAN KM 27 NO. 8B, SIDOARJO, JAWA TIMUR 61262', 1, NULL, '2026-02-03 02:39:47', '2026-02-03 02:39:47'),
(861, 'MITRA PANELLANTAI, CV', 'MP2', 'Vendor', NULL, 'V00761', 'JL. RAYA PLP CURUG, PURI ASIH RESIDENCE BLOK E NO.1, SERDANG WETAN, LEGOK, KAB. TANGERANG, BANTEN', 1, NULL, '2026-02-03 02:39:47', '2026-02-03 02:39:47'),
(862, 'SUMBER SUKSES BAHAGIA, PT', 'SSB', 'Vendor', NULL, 'V00762', 'KIRANA 2 OFFICE TOWER LT. 10 UNIT A, JL. BOULEVARD TIMUR NO 88, KELAPA GADING, JAKARTA UTARA', 1, NULL, '2026-02-03 02:39:47', '2026-02-03 02:39:47'),
(863, 'BACHTERA LADJU, PT', 'BL', 'Vendor', NULL, 'V00763', 'JL. TANAH ABANG III NO. 29, JAKARTA PUSAT 10160', 1, NULL, '2026-02-03 02:39:47', '2026-02-03 02:39:47'),
(864, 'CIPTA OPTIMA RAGAM ERA, PT', 'CORE', 'Vendor', NULL, 'V00764', 'RUKO GREEN GARDEN BLOK I9 NO. 20 JL. PERUMAHAN GREEN GARDEN, KEBON JERUK, JAKARTA BARAT, 11520', 1, NULL, '2026-02-03 02:39:47', '2026-02-03 02:39:47'),
(865, 'GESANG SUKSES MAKMUR, PT', 'GSM1', 'Vendor', NULL, 'V00765', 'JALAN BERUANG  RAYA BLOK G-3 NOMOR 212, RT 003 RW 010 JAYAMUKTI, CIKARANG PUSAT', 1, NULL, '2026-02-03 02:39:47', '2026-02-03 02:39:47'),
(866, 'HIGH POWER LASER SHEET METAL, PT', 'HPLSM', 'Vendor', NULL, 'V00766', 'JL. MAHONI 2 KAV. 10, LIPPO, CIKARANG SELATAN, BEKASI, JAWA BARAT', 1, NULL, '2026-02-03 02:39:47', '2026-02-03 02:39:47'),
(867, 'DYCOM ENGINEERING, PT', 'DE', 'Vendor', NULL, 'V00767', 'KOMPLEK GOLDEN VILLE NO. 88 DB, JL. DAAN MOGOT 2, DURI KEPA, JAKARTA BARAT, 11510', 1, NULL, '2026-02-03 02:39:47', '2026-02-03 02:39:47'),
(868, 'China Tah Lee Special Steel  CO,. LTD', 'CTLSS', 'Vendor', NULL, 'V10001', '', 1, NULL, '2026-02-03 02:39:47', '2026-02-03 02:39:47'),
(869, 'CMS Precision,  PTE LTD', 'CPPL', 'Vendor', NULL, 'V10002', 'Blk 30 Loyang Way # 06-24, Loyang Industrial Estate', 1, NULL, '2026-02-03 02:39:47', '2026-02-03 02:39:47'),
(870, 'MIDORI POLYMATRIX, Sdn. Bhd.', 'MPSB', 'Vendor', NULL, 'V10003', '', 1, NULL, '2026-02-03 02:39:47', '2026-02-03 02:39:47'),
(871, 'PLAS POINT, SDN. BHD.', 'PPSB', 'Vendor', NULL, 'V10004', '', 1, NULL, '2026-02-03 02:39:47', '2026-02-03 02:39:47'),
(872, 'SHINKO ASIA ( MALAYSIA ), SDN. BHD.', 'SA(M)1', 'Vendor', NULL, 'V10005', '', 1, NULL, '2026-02-03 02:39:47', '2026-02-03 02:39:47'),
(873, 'SPECTROMATRIX SINGAPORE, PTE. LTD.', 'SSPL', 'Vendor', NULL, 'V10006', '', 1, NULL, '2026-02-03 02:39:47', '2026-02-03 02:39:47'),
(874, 'YANPLA INDUSTRIAL CO., LTD', 'YICL', 'Vendor', NULL, 'V10007', '', 1, NULL, '2026-02-03 02:39:47', '2026-02-03 02:39:47'),
(875, 'Adjie Pratama Sakti. PT', 'APS', 'Vendor', NULL, 'V10008', 'Komplek Pusat Niaga Cibodas Blok E No. 19, Jl. Gatot Subroto Km 3,5', 1, NULL, '2026-02-03 02:39:47', '2026-02-03 02:39:47'),
(876, 'Jaya Prakarsa. PT', 'JP', 'Vendor', NULL, 'V10009', 'Kawasan Industri Jababeka I, Pintu 7, Jl Jababeka IIIH Blok C No. 17G Pasir gombong, Cikarang Utara', 1, NULL, '2026-02-03 02:39:47', '2026-02-03 02:39:47'),
(877, 'Permata Plastik', 'PP', 'Vendor', NULL, 'V10010', '', 1, NULL, '2026-02-03 02:39:47', '2026-02-03 02:39:47'),
(878, 'ZAHLETHA MANDIRI, CV', 'ZM', 'Vendor', NULL, 'V10011', '', 1, NULL, '2026-02-03 02:39:47', '2026-02-03 02:39:47'),
(879, 'TEKMA SUKSES MANDIRI, PT', 'TSM', 'Vendor', NULL, 'V10012', 'Jl. cimandiri IA BlokV 1 No.02 (Ruko D), perum graha asri  cikarang kel. jatireja kec. cikarang timu', 1, NULL, '2026-02-03 02:39:47', '2026-02-03 02:39:47'),
(880, 'Rizki Mulia Teknik. CV', 'RMT1', 'Vendor', NULL, 'V10013', 'Babakan GBI, Jln Alam Raya RT03/RW01, Bojong Soang', 1, NULL, '2026-02-03 02:39:47', '2026-02-03 02:39:47'),
(881, 'Fijar Abadi. CV', 'FA2', 'Vendor', NULL, 'V10014', '', 1, NULL, '2026-02-03 02:39:47', '2026-02-03 02:39:47'),
(882, 'Wira Hasan Machinery. CV', 'WHM', 'Vendor', NULL, 'V10015', 'Kutawaringin industrial Park Kav B137-B138, Ds.jelegongkutawaringin', 1, NULL, '2026-02-03 02:39:47', '2026-02-03 02:39:47'),
(883, 'Fasarah Nada Rabbani. PT', 'FNR', 'Vendor', NULL, 'V10016', 'Jl. Amir Hamzah Kp. Pegadungan No.17 Rt.002 / Rw.006 Sertajaya Cikarang Timur', 1, NULL, '2026-02-03 02:39:47', '2026-02-03 02:39:47'),
(884, 'STYRO CHEMINDO .PT', 'SC1', 'Vendor', NULL, 'V10017', 'TAMAN TEKNO BLOK H9 No 15 BSD KECAMATAN SETU KELURAHAN, Setu, South Tangerang City, Banten', 1, NULL, '2026-02-03 02:39:47', '2026-02-03 02:39:47'),
(885, 'Ridho Teknik .CV', 'RT', 'Vendor', NULL, 'V10018', 'Kp Jamakir Rt 01 Rw 05 desa sukahati Kec Citereup', 1, NULL, '2026-02-03 02:39:47', '2026-02-03 02:39:47'),
(886, 'Fukoku Bussan Indonesia .PT', 'FB', 'Vendor', NULL, 'V10019', 'Jln. Tekno Boulevard Blok B No. 5A, Kawasan Industri Jababeka 3 Cikarang Utara', 1, NULL, '2026-02-03 02:39:47', '2026-02-03 02:39:47'),
(887, 'Mandiri, PD', 'M5', 'Vendor', NULL, 'V10020', '', 1, NULL, '2026-02-03 02:39:47', '2026-02-03 02:39:47'),
(888, 'XINYU YONGLI STRIP STEEL CO LTD', 'XYSSC', 'Vendor', NULL, 'V10021', '355 ANKANG ROAD,YUANHE ECONOMIC DEVELOPMENT ZONE,YUSHUI DISTRICT,XINYU CITY,JIANGXI PROVINCE OF CHIN', 1, NULL, '2026-02-03 02:39:47', '2026-02-03 02:39:47'),
(889, 'HYDR TEKNIK INDONESIA .PT', 'HTI', 'Vendor', NULL, 'V10022', 'Jl. Tanjung No.7 BIIE Hyundai, Lippo Cikarang', 1, NULL, '2026-02-03 02:39:47', '2026-02-03 02:39:47'),
(890, 'RADIANT JAYA BERSAMA .PT', 'RJB', 'Vendor', NULL, 'V10023', 'Komplek Pertokoan Glodok Jaya No.62 Mangga Besar - Taman Sari', 1, NULL, '2026-02-03 02:39:47', '2026-02-03 02:39:47'),
(891, 'KALINGGA TATA KARYA.PT', 'KTK', 'Vendor', NULL, 'V10024', 'Komplek Pergudangan Tambun City Blok C7, Jl Sultan Hasanudin No. 263 Tambun', 1, NULL, '2026-02-03 02:39:47', '2026-02-03 02:39:47'),
(892, 'CAHAYA NUR ASNAFA .PT', 'CNA', 'Vendor', NULL, 'V10025', 'Jln. Lingkar Tanjungpura, kawasan 3 bisnis center Karawang Blok A1 No 1 Karawang', 1, NULL, '2026-02-03 02:39:47', '2026-02-03 02:39:47'),
(893, 'METRACON ROYALINDO PERKASA .PT', 'MRP', 'Vendor', NULL, 'V10026', 'Roxy Square LT. UG. UG BLOK B2, No.3 - Jl. Kiyai Tapa No.1 Jakarta Barat', 1, NULL, '2026-02-03 02:39:47', '2026-02-03 02:39:47'),
(894, 'KHABUKA TEKNOLOGI INDONESIA .PT', 'KTI1', 'Vendor', NULL, 'V10027', 'Jl. Gemalapik Raya Komplek Megah Cikarang Center No 23 Pasirsari, Cikarang Selatan', 1, NULL, '2026-02-03 02:39:47', '2026-02-03 02:39:47'),
(895, 'SINERGI SEMESTA PRATAMA .PT', 'SSP1', 'Vendor', NULL, 'V10028', 'Jl. Rotan II Blok F27/37-EB Lippo Cikarang', 1, NULL, '2026-02-03 02:39:47', '2026-02-03 02:39:47'),
(896, 'HIGANINDO .PT', 'H3', 'Vendor', NULL, 'V10029', 'Jl. H. R. Rasuna Said Blok X-5Kav 1-2', 1, NULL, '2026-02-03 02:39:47', '2026-02-03 02:39:47'),
(897, 'Citra Langgeng Sentosa. PT', 'CLS', 'Vendor', NULL, 'V10030', 'Jl. Jababeka IV D Blok V 82 P Cikarang', 1, NULL, '2026-02-03 02:39:47', '2026-02-03 02:39:47'),
(898, 'Taraksa Guna Mandiri. PT', 'TGM', 'Vendor', NULL, 'V10031', 'Cibitung no. 13 , Telaga Asih Cikarang Barat', 1, NULL, '2026-02-03 02:39:47', '2026-02-03 02:39:47'),
(899, 'Tri Panggih Kreasi. PT', 'TPK1', 'Vendor', NULL, 'V10032', 'KOMPLEK RUKO PERUMAHAN PERURI BLOK A.18 NOMOR 11', 1, NULL, '2026-02-03 02:39:47', '2026-02-03 02:39:47'),
(900, 'Sekawan Inti Raya . PT', 'SIR', 'Vendor', NULL, 'V10033', 'Jl. Raya Cibarusah Perum Mega Regency Block P18 No.10', 1, NULL, '2026-02-03 02:39:47', '2026-02-03 02:39:47'),
(901, 'Asahi Sukses Industri. PT', 'ASI1', 'Vendor', NULL, 'V10034', 'Jl. Simpangan No.18 Pamahan Jatireja, Cikarang Timur', 1, NULL, '2026-02-03 02:39:47', '2026-02-03 02:39:47'),
(902, 'Online Shop Marketplace', 'OSM', 'Vendor', NULL, 'V10035', '', 1, NULL, '2026-02-03 02:39:47', '2026-02-03 02:39:47'),
(903, 'Putra Makmur Proteksindo. PT', 'PMP', 'Vendor', NULL, 'V10036', 'Perumahan Griya Taman Lestari Blok F, No 1 Kel. Taman Kec Taman Pemalang', 1, NULL, '2026-02-03 02:39:47', '2026-02-03 02:39:47'),
(904, 'EXINERGY MITRA SOLUSI. PT', 'EMS', 'Vendor', NULL, 'V10037', 'Blok P No.10 E, Jababeka 1 Cikarang', 1, NULL, '2026-02-03 02:39:47', '2026-02-03 02:39:47'),
(905, 'JPQ INDONESIA. PT', 'JI', 'Vendor', NULL, 'V10038', 'Blok P No.10 E, Jababeka 1 Cikarang Jln. Samsung 2A Blok C2B', 1, NULL, '2026-02-03 02:39:47', '2026-02-03 02:39:47'),
(906, 'Purnamajaya Bhakti Utama. PT', 'PBU', 'Vendor', NULL, 'V10039', 'Jl. H. Niban Rimin Niban Rimin No.11, RW.1, Buaran, Kec. Serpong, Kota Tangerang Selatan, Banten', 1, NULL, '2026-02-03 02:39:47', '2026-02-03 02:39:47'),
(907, 'Multi Global Prima. CV', 'MGP', 'Vendor', NULL, 'V10040', 'JL. MAKRIK 1 NO. 27 BOJONG RAWA LUMBU - BEKASI TIMUR KOTA BEKASI.', 1, NULL, '2026-02-03 02:39:47', '2026-02-03 02:39:47'),
(908, 'Kenko Elektrik Indonesia .PT', 'KE', 'Vendor', NULL, 'V10041', 'Jl. Cibarusah Komplek Bumi Cikarang Makmur Blok E No. 22 Bekasi', 1, NULL, '2026-02-03 02:39:47', '2026-02-03 02:39:47');
INSERT INTO `m_perusahaan` (`id`, `nama_perusahaan`, `inisial_perusahaan`, `jenis_perusahaan`, `customer_type`, `kode_supplier`, `alamat`, `status`, `deleted_at`, `created_at`, `updated_at`) VALUES
(909, 'INTERNASIONAL TEKNIK SOLUSINDO .PT', 'ITS1', 'Vendor', NULL, 'V10042', 'Rukan Crown Blok B.1, Jl. Green Lake City Boulevard No.01, RT.005/RW.008, Petir, Kec. Cipondoh', 1, NULL, '2026-02-03 02:39:47', '2026-02-03 02:39:47'),
(910, 'AH SUNG ABADI PERKASA .PT', 'ASAP1', 'Vendor', NULL, 'V10043', 'Jl. Mahoni 2 No 5, Multi Guna Niaga Lippo Cikarang', 1, NULL, '2026-02-03 02:39:47', '2026-02-03 02:39:47'),
(911, 'GUNTARA NUSA SENJAYA .PT', 'GNS1', 'Vendor', NULL, 'V10044', 'Jln. Syech Quro No.11 Palumbonsari Kec. Karawang Timur Kab. Karawang', 1, NULL, '2026-02-03 02:39:47', '2026-02-03 02:39:47'),
(912, 'PLASTIK KARAWANG FLEXINDO .PT', 'PKF1', 'Vendor', NULL, 'V10045', 'Jl. Raya Kosambi Curug No. CMH 88, Karawang Timur', 1, NULL, '2026-02-03 02:39:47', '2026-02-03 02:39:47'),
(913, 'INTERA LESTARI POLIMER .PT', 'ILP', 'Vendor', NULL, 'V10046', 'Jl. Raya Serang KM 24,5 Balaraja, Tangerang', 1, NULL, '2026-02-03 02:39:47', '2026-02-03 02:39:47'),
(914, 'EKAMANT INDONESIA .PT', 'EI', 'Vendor', NULL, 'V10047', 'Jl. Pulobuaran IV BPSP Blok W No. 3 Kawasan Industri Pulogadung', 1, NULL, '2026-02-03 02:39:47', '2026-02-03 02:39:47'),
(915, 'BINA PRIMA MULTI UTAMA .PT', 'BPMU', 'Vendor', NULL, 'V10048', 'Kalimas Blok A - 7 Margahayu, Bekasi Timur', 1, NULL, '2026-02-03 02:39:47', '2026-02-03 02:39:47'),
(916, 'FAJAR CITRA KREASINDO .PT', 'FCK', 'Vendor', NULL, 'V10049', 'Telaga Pasir Raya Blok AC 12 NO 10 RT 005 RW 012 Sukasari Serang Baru', 1, NULL, '2026-02-03 02:39:47', '2026-02-03 02:39:47'),
(917, 'RAVALIA INTI MANDIRI .PT', 'RIM', 'Vendor', NULL, 'V10050', 'Jl. Selayar IV Blok L7 No 1, Kawasan Industri MM2100 Cikarang Barat', 1, NULL, '2026-02-03 02:39:47', '2026-02-03 02:39:47'),
(918, 'DELTA TEKNIK', 'DT', 'Vendor', NULL, 'V10051', 'Perumahan Cikampek Baru Blok G5/9 Balonggandu Jatisari Karawang', 1, NULL, '2026-02-03 02:39:47', '2026-02-03 02:39:47'),
(919, 'TULIP TONATA INDONESA .PT', 'TTI', 'Vendor', NULL, 'V10052', 'Ruko Premier Park 2 Blok AA 16-17 Rt 00 Rw 00 Cikokol Tangerang', 1, NULL, '2026-02-03 02:39:47', '2026-02-03 02:39:47'),
(920, 'SENTOSA ELECTRIC .CV', 'SE1', 'Vendor', NULL, 'V10053', 'Jl. Hegar No 3 Cibaligo Leuwi Gajah Cimahi', 1, NULL, '2026-02-03 02:39:47', '2026-02-03 02:39:47'),
(921, 'Mold-Masters Singapore (MMS) Pte Ltd', 'MS(PL', 'Vendor', NULL, 'V10054', 'No. 48 Toh Guan Road East #06-140 Enterpeise Hub, Singapore', 1, NULL, '2026-02-03 02:39:47', '2026-02-03 02:39:47'),
(922, 'PRATAMA MANDIRI TECH', 'PMT1', 'Vendor', NULL, 'V10055', 'Jl Ancol Selatan II No.15B, Sunter Podomoro, Jakarta Utara, Indonesia', 1, NULL, '2026-02-03 02:39:47', '2026-02-03 02:39:47'),
(923, 'CENDRAWASIH SEJAHTERA .PT', 'CS3', 'Vendor', NULL, 'V10056', 'Jl. Raya Perancis No.2 Pergudangan Pantai Indah Dadap Blok GB No. 5', 1, NULL, '2026-02-03 02:39:47', '2026-02-03 02:39:47'),
(924, 'TTUC .CV', 'T3', 'Vendor', NULL, 'V10057', 'Jl Pesantren no. KM Rw 2 Cibabat Cimahi Utara', 1, NULL, '2026-02-03 02:39:47', '2026-02-03 02:39:47'),
(925, 'Perdana Victory Cemerlang .PT', 'PVC', 'Vendor', NULL, 'V10058', 'Ruko Cempaka Mas Blok J-19 Jl Let Jend Suprapto', 1, NULL, '2026-02-03 02:39:47', '2026-02-03 02:39:47'),
(926, 'Sumaco Karya Mandiri .CV', 'SKM', 'Vendor', NULL, 'V10059', 'Jl. T Semeru, Block B 2 No, Puri Cendana, Sumber Jaya, Tambun Selatan', 1, NULL, '2026-02-03 02:39:47', '2026-02-03 02:39:47'),
(927, 'Karya Lestari Utama .CV', 'KLU', 'Vendor', NULL, 'V10060', 'Jl Kayu Besar Dalam No 10 Tegal Alur Kalideres Jakarta Barat', 1, NULL, '2026-02-03 02:39:47', '2026-02-03 02:39:47'),
(928, 'Sumber Teknik Sukses', 'STS', 'Vendor', NULL, 'V10061', 'Gedung Harkot, Jl Raya Mereka No. 53 Blok D3 No , Cimone, Karawaci', 1, NULL, '2026-02-03 02:39:47', '2026-02-03 02:39:47'),
(929, 'DONG SUNG TOOLS .PT', 'DST', 'Vendor', NULL, 'V10062', 'Jln. MH Thamrin Ruko Roxy Blok B-57 Lippo Cikarang', 1, NULL, '2026-02-03 02:39:47', '2026-02-03 02:39:47'),
(930, 'ACME INTERNATIONAL .PT', 'AI7', 'Vendor', NULL, 'V10063', 'Jl Jababeka VI, Blok J5E, Harjamekar, Cikarang Utara', 1, NULL, '2026-02-03 02:39:47', '2026-02-03 02:39:47'),
(931, 'INSANE MEDIA .CV', 'IM1', 'Vendor', NULL, 'V10064', 'Perum Bintang Alam Blok E2/09, Desa Telukjambe, Kec. Teluk Jambe Timur Karawang', 1, NULL, '2026-02-03 02:39:47', '2026-02-03 02:39:47'),
(932, 'AG PUTRA COLECTION', 'APC', 'Vendor', NULL, 'V10065', 'Jl. H. Aen Suhendra No 3 Nanjung Margaasih Bandung', 1, NULL, '2026-02-03 02:39:47', '2026-02-03 02:39:47'),
(933, 'KUANTUM ABADI MITRA INDONESIA .PT', 'KAMI', 'Vendor', NULL, 'V10066', 'Jl. Chairil Anwar A No. 23 RT 001 RW 001 Margahayu Bekasi Timur', 1, NULL, '2026-02-03 02:39:47', '2026-02-03 02:39:47'),
(934, 'TIGA SINAR KARYA .PT', 'TSK', 'Vendor', NULL, 'V10067', 'Bekasi Jawa Barat', 1, NULL, '2026-02-03 02:39:47', '2026-02-03 02:39:47'),
(935, 'ALMA META REKAYASA .PT', 'AMR', 'Vendor', NULL, 'V10068', 'Kp. Cibeunying 1 No 12 RT 03 RW 14 Bandung', 1, NULL, '2026-02-03 02:39:47', '2026-02-03 02:39:47'),
(936, 'ULTIMA SOLUSI MATERIAL .PT', 'USM1', 'Vendor', NULL, 'V10069', 'Centre Point Blok. AA3 No.06  RT 000 RW 000 Bojong Nangka, Gunung Putri Bogor', 1, NULL, '2026-02-03 02:39:47', '2026-02-03 02:39:47'),
(937, 'SILVERPLAS PACIFIC .PT', 'SP3', 'Vendor', NULL, 'V10070', 'Taman Holis Indah Blok E2 No 6 RT 001 RW 006 Cigondewah Kidul Bandung Kulon', 1, NULL, '2026-02-03 02:39:47', '2026-02-03 02:39:47'),
(938, 'INNO CHEM INDONESIA .PT', 'ICI', 'Vendor', NULL, 'V10071', 'Johar Delta Silicon III, Cicau, Cikarang Pusat Kab. Bekasi', 1, NULL, '2026-02-03 02:39:47', '2026-02-03 02:39:47'),
(939, 'INDO AKURASI PERKASA .CV', 'IAP', 'Vendor', NULL, 'V10072', 'Perum Cimareme Indah Ruko A1 No. 15 Padalarang Kab Bandung', 1, NULL, '2026-02-03 02:39:47', '2026-02-03 02:39:47'),
(940, 'AIRUSHI PERKASA UTAMA .PT', 'APU', 'Vendor', NULL, 'V10073', 'Perum Wahana Cikarang Blok B1 No 11 Rt 006 Rw 009 Sukadami Cikarang Selatan', 1, NULL, '2026-02-03 02:39:47', '2026-02-03 02:39:47'),
(941, 'LANGGENG ENGINEERING SUKSES .CV', 'LES', 'Vendor', NULL, 'V10074', 'Perum Griya Hegar Asri AC-2 NO.14 RT 005 RW 009 Hegarmukti Cikarang Pusat', 1, NULL, '2026-02-03 02:39:47', '2026-02-03 02:39:47'),
(942, 'BALINDO MITRA USAHA .PT', 'BMU2', 'Vendor', NULL, 'V10075', 'Jl Hayam Wuruk No.127 Lindeteves Trade Center Lt. UG Blok B21 No.5 Tamansari Jakarta Barat', 1, NULL, '2026-02-03 02:39:47', '2026-02-03 02:39:47'),
(943, 'BLUD SMKN 1 LOSARANG', 'BS1L1', 'Vendor', NULL, 'V10076', 'Jl Raya Pantura Losarang', 1, NULL, '2026-02-03 02:39:47', '2026-02-03 02:39:47'),
(944, 'PIONIRBETON INDUSTRI .PT', 'PI2', 'Vendor', NULL, 'V10078', 'Jl. Rawa Sumur IV Blo BB9-10 Kawasan Industri Pulo Gadung Jakarta Timur', 1, NULL, '2026-02-03 02:39:47', '2026-02-03 02:39:47'),
(945, 'SENTRAL KONEKSI INTERNASIONAL .PT', 'SKI', 'Vendor', NULL, 'V10079', 'RUKO DARMO GALERIA CENTER 142-143 D-18, JL MAYJEND SUNGKONO, GUNUNG SARI, DUKUH PAKIS, KOTA SURABAYA', 1, NULL, '2026-02-03 02:39:47', '2026-02-03 02:39:47'),
(946, 'ARKA KAYANA PUTRA TEKNIK .PT', 'AKPT', 'Vendor', NULL, 'V10080', 'Komplek Griya Jatinangor II No. 23 RT 006 Cinanjung, Tanjungsari Kab Sumedang', 1, NULL, '2026-02-03 02:39:47', '2026-02-03 02:39:47'),
(947, 'MEGA GRINDA INDONESIA.PT', 'MGI', 'Vendor', NULL, 'V10081', 'Ruko Plaza Menteng B31 Jl. MH Thamrin Lippo Cikarang RT 003 Rw 09 Desa Cibatu Cikarng Selatan', 1, NULL, '2026-02-03 02:39:47', '2026-02-03 02:39:47'),
(948, 'SEMATA VISIA .PT', 'SV1', 'Vendor', NULL, 'V10082', 'Komplek De Green Villa Mutiara Residence Blok G No.10', 1, NULL, '2026-02-03 02:39:47', '2026-02-03 02:39:47'),
(949, 'LABORATORIUM & KLINIK UTAMA PASUTRI', 'LKUP', 'Vendor', NULL, 'V10083', 'Jl. Tebet Timur Dalam Raya No 69, Jakarta Selatan', 1, NULL, '2026-02-03 02:39:47', '2026-02-03 02:39:47'),
(950, 'GLOBAL MULTIPARTS .PT', 'GM2', 'Vendor', NULL, 'V10084', 'Jl. Industri Raya No 12 Pasirsari Cikarang Selatan', 1, NULL, '2026-02-03 02:39:47', '2026-02-03 02:39:47'),
(951, 'ANGSAPUTIH KURNIAKHARISMA .PT', 'AK2', 'Vendor', NULL, 'V10085', 'Ruko Metro Boulevard 2 Unit A No.12-12A Jl. Niaga Raya Jababeka II Cikarang', 1, NULL, '2026-02-03 02:39:47', '2026-02-03 02:39:47'),
(952, 'MULIA TEHNIK TOOLSINDO .PT', 'MTT', 'Vendor', NULL, 'V10086', 'Jl. Industri Jababeka No.19 Tegal Gede, Pasirsari, Cikarang Selatan', 1, NULL, '2026-02-03 02:39:47', '2026-02-03 02:39:47'),
(953, 'ASTRA HONDA MOTOR, PT', 'AHM1', 'Vendor', NULL, 'V10087', '', 1, NULL, '2026-02-03 02:39:47', '2026-02-03 02:39:47'),
(954, 'SEMATA VISIA, PT', 'SV2', 'Vendor', NULL, 'V10088', '', 1, NULL, '2026-02-03 02:39:47', '2026-02-03 02:39:47'),
(955, 'REXON NAINGGOLAN & REKAN, KAP', 'RNRK', 'Vendor', NULL, 'V10089', '', 1, NULL, '2026-02-03 02:39:47', '2026-02-03 02:39:47'),
(956, 'SMKN 1 Patrol', 'S1P', 'Vendor', NULL, 'V10090', 'Kec. Patrol, Indramayu, Jawa Barat', 1, NULL, '2026-02-03 02:39:47', '2026-02-03 02:39:47'),
(957, 'FANINDO CHIPTRONIC .PT', 'FC', 'Vendor', NULL, 'V10091', 'Kawasan Industri Jababeka III, Jalan Techno 1 Blok C2B Cikarang Bekasi Jawa Barat', 1, NULL, '2026-02-03 02:39:47', '2026-02-03 02:39:47'),
(958, 'TRANSWAYS EXPRESSINDO .PT', 'TE1', 'Vendor', NULL, 'V10092', 'Kali Besar Barat No 50 RT 006 Rw 003 Jakarta Barat', 1, NULL, '2026-02-03 02:39:47', '2026-02-03 02:39:47'),
(959, 'RAJAWALI MITRA PRATAMA .PT', 'RMP', 'Vendor', NULL, 'V10093', 'Jl Timor Blok C7-10 Kawasan Industri MM2100 Cikarang Barat', 1, NULL, '2026-02-03 02:39:47', '2026-02-03 02:39:47'),
(960, 'BERDIRI CIPTA ANUGERAH INDONESIA .PT', 'BCAI', 'Vendor', NULL, 'V10094', 'PERUM TELAGA MURNI, D28, 26, TELAGAMURNI,CIKARANG BARAT, KAB. BEKASI, JAWA BARAT, 17849', 1, NULL, '2026-02-03 02:39:47', '2026-02-03 02:39:47'),
(961, 'TEKHNO MAS MANDIRI .PT', 'TMM1', 'Vendor', NULL, 'V10095', 'Jl Hayam Wuruk, Gedung Glodok Jaya Lantai III-C No.12 Tamansari, Jakarta Barat', 1, NULL, '2026-02-03 02:39:47', '2026-02-03 02:39:47'),
(962, 'MULTISARANA MEGA SENTOSA', 'MMS2', 'Vendor', NULL, 'V10096', 'GREEN SEDAYU BIZPARK, JALAN RAYA DAAN MOGOT KM. 18, BLOK DM11 NO. 35, , KALIDERES,', 1, NULL, '2026-02-03 02:39:47', '2026-02-03 02:39:47'),
(963, 'BINTANGMAS MINOMANUNGGAL .PT', 'BM3', 'Vendor', NULL, 'V10098', 'i Jl Sultan Agung Km 29/29 Kali Baru (Bekasi) Medan Satria Bekasi Jawa Barat, RT.003/RW.003', 1, NULL, '2026-02-03 02:39:47', '2026-02-03 02:39:47'),
(964, 'MAJU MANDIRI (CIBUBUR)', 'MM(', 'Vendor', NULL, 'V10099', 'Jl. Alternatif Cibubur Komp Ruko DDN No.101B Cimanggis Depok', 1, NULL, '2026-02-03 02:39:47', '2026-02-03 02:39:47'),
(965, 'ARZITO TEKNIK PRESISI .PT', 'ATP1', 'Vendor', NULL, 'V10100', 'JL. BERUANG RAYA BLOK G NO. 180 CIKARANG BARU – BEKASI', 1, NULL, '2026-02-03 02:39:47', '2026-02-03 02:39:47'),
(966, 'RUDI JAYA PELUMAS .PT', 'RJP', 'Vendor', NULL, 'V10101', 'JAKARTA BARAT', 1, NULL, '2026-02-03 02:39:47', '2026-02-03 02:39:47'),
(967, 'TUNAS KARYA JAYA SEMBILAN .PT', 'TKJS', 'Vendor', NULL, 'V10102', 'Kp. Cilangkara RT 007 RW 004 Sirnajaya Serang Baru Kab. Bekasi', 1, NULL, '2026-02-03 02:39:47', '2026-02-03 02:39:47'),
(968, 'ARGARA JAGAT SEMESTA', 'AJS', 'Vendor', NULL, 'V10103', 'Jl Raya Pasiranji Deltamas, kp Cirendeu, Pasiranji, Cikarang Pusat', 1, NULL, '2026-02-03 02:39:47', '2026-02-03 02:39:47'),
(969, 'GIRI JAYA ABADI .PT', 'GJA', 'Vendor', NULL, 'V10104', 'Jl. Enggano No.15 Blok A5 Kel Tanjung Priok, Kec. Tanjung Priok, Jakarta Utara', 1, NULL, '2026-02-03 02:39:47', '2026-02-03 02:39:47'),
(970, 'MATRACO KOMPONEN .CV', 'MK', 'Vendor', NULL, 'V10105', 'Jl Industri Selatan IIIA Blok GG No 2B Pasirsari Cikarang Selatan', 1, NULL, '2026-02-03 02:39:47', '2026-02-03 02:39:47'),
(971, 'VISITAMA BINTANG BUANA .PT', 'VBB', 'Vendor', NULL, 'V10106', 'Jl. Alhidayah No.16 Rt 003 Rw 006, Cimunung, Mustika Jaya', 1, NULL, '2026-02-03 02:39:47', '2026-02-03 02:39:47'),
(972, 'ONNA PRIMA UTAMA .PT', 'OPU', 'Vendor', NULL, 'V10107', 'Jl. Kapuk Utara 1 No. 3 & 5 Jakarta, 14460, Indonesia', 1, NULL, '2026-02-03 02:39:48', '2026-02-03 02:39:48'),
(973, 'GLOBAL INSTRUMENT SERVICES .PT', 'GIS', 'Vendor', NULL, 'V10108', 'Kav. H.Darmansyah Jl. Pringgodani No.20 RT 002/010 Margahayu, Bekasi Timur', 1, NULL, '2026-02-03 02:39:48', '2026-02-03 02:39:48'),
(974, 'CAHAYA PETIR INDONESIA .PT', 'CPI', 'Vendor', NULL, 'V10109', 'TAMAN METLAND CILEUNGSI BLOK. CB-3 NO. 4 CIPENJO CILEUNGSI, KAB BOGOR', 1, NULL, '2026-02-03 02:39:48', '2026-02-03 02:39:48'),
(975, 'JABABEKA INFRASTRUKTUR, PT', 'JI1', 'Vendor', NULL, 'V10110', '', 1, NULL, '2026-02-03 02:39:48', '2026-02-03 02:39:48'),
(976, 'BEKASI POWER, PT', 'BP1', 'Vendor', NULL, 'V10111', '', 1, NULL, '2026-02-03 02:39:48', '2026-02-03 02:39:48'),
(977, 'NUSA DAYA ABADI', 'NDA', 'Vendor', NULL, 'V10112', 'JL. RAYA TRANS MEGA KSB, BLOK E-58, 20, SUKARAGAM, SERANG BARU, KAB. BEKASI, JAWA BARAT, 17331', 1, NULL, '2026-02-03 02:39:48', '2026-02-03 02:39:48'),
(978, 'ALDA MELIA TUNGGAL, PT', 'AMT2', 'Vendor', NULL, 'V10113', '', 1, NULL, '2026-02-03 02:39:48', '2026-02-03 02:39:48'),
(979, 'MEGATAMA SOLUSINDO .CV', 'MS3', 'Vendor', NULL, 'V10114', 'Jalan Arief Rachman Hakim No.53, Karawang Kulon, Kec. Karawang Barat., Karawang', 1, NULL, '2026-02-03 02:39:48', '2026-02-03 02:39:48'),
(980, 'LANGGENG ABADI MP.CV', 'LAM', 'Vendor', NULL, 'V10115', 'Jl. Raya Pasirgombong RT 002 RW 005 Desa Pasirgombong Cikarang Utara', 1, NULL, '2026-02-03 02:39:48', '2026-02-03 02:39:48'),
(981, 'LSMTRON MACHINERY INDONESIA .PT', 'LMI', 'Vendor', NULL, 'V10116', 'Samsung 2, Jababeka UKM Center Segitiga Emas D3A Kel. Mekarmukti Kec. Cikarang Utara', 1, NULL, '2026-02-03 02:39:48', '2026-02-03 02:39:48'),
(982, 'ADITECH JAYA MANDIRI.CV', 'AJM1', 'Vendor', NULL, 'V10117', 'Kp Cikoronjo No. 25 RT.001 RW.005 SINDANG MULYA CIBARUSAH', 1, NULL, '2026-02-03 02:39:48', '2026-02-03 02:39:48'),
(983, 'ANUGRAH BANGKIT ABADI ,PT', 'ABA', 'Vendor', NULL, 'V10118', 'Perum Karaba Indah Blok GB No. 34, Wadas, Telukjambe Timur, Kab. Karawang', 1, NULL, '2026-02-03 02:39:48', '2026-02-03 02:39:48'),
(984, 'BENGKEL BUBUT MANDIRI TEKNIK', 'BBMT', 'Vendor', NULL, 'V10119', 'Jalan Raya Terusan Holis No.8', 1, NULL, '2026-02-03 02:39:48', '2026-02-03 02:39:48'),
(985, 'HADE INDO TEKNIK, CV', 'HIT', 'Vendor', NULL, 'V10120', 'Jl. Banjarsari VI No.4, Antapani Tengah', 1, NULL, '2026-02-03 02:39:48', '2026-02-03 02:39:48'),
(986, 'WIRA CAHAYA AMANAH .PT', 'WCA', 'Vendor', NULL, 'V10121', 'Jl. Ngagel Jaya Selatan no 8 Rt 009 Rw 010 Ngagelrejo Wonokromo', 1, NULL, '2026-02-03 02:39:48', '2026-02-03 02:39:48'),
(987, 'HELEUT BERKAH TEKNIK .PT', 'HBT', 'Vendor', NULL, 'V10122', 'Perum Mega Regency Blok H59 A no 12, Sukasari, Serang Baru', 1, NULL, '2026-02-03 02:39:48', '2026-02-03 02:39:48'),
(988, 'HERNADHI JAYA KARPET', 'HJK', 'Vendor', NULL, 'V10123', 'Jl. Raya Pengarengan No. 78 kaliabang Tengah', 1, NULL, '2026-02-03 02:39:48', '2026-02-03 02:39:48'),
(989, 'DUTA AKSARA WEDAR .PT', 'DAW', 'Vendor', NULL, 'V10124', 'Jl. Suriadipati Rt 03 Rw 011 No. 35 Karawang Barat', 1, NULL, '2026-02-03 02:39:48', '2026-02-03 02:39:48'),
(990, 'CAHAYA TERANG .PD', 'CT1', 'Vendor', NULL, 'V10125', 'Jl. Jelambar Baru VI no.19A Jakarta Barat', 1, NULL, '2026-02-03 02:39:48', '2026-02-03 02:39:48'),
(991, 'JAYA TEKNIK', 'JT1', 'Vendor', NULL, 'V10126', '', 1, NULL, '2026-02-03 02:39:48', '2026-02-03 02:39:48'),
(992, 'INTAN ABADI', 'IA2', 'Vendor', NULL, 'V10127', '', 1, NULL, '2026-02-03 02:39:48', '2026-02-03 02:39:48'),
(993, 'UD. NONO', 'N1', 'Vendor', NULL, 'V10128', '', 1, NULL, '2026-02-03 02:39:48', '2026-02-03 02:39:48'),
(994, 'SUBUR BERSAMA', 'SB', 'Vendor', NULL, 'V10129', '', 1, NULL, '2026-02-03 02:39:48', '2026-02-03 02:39:48'),
(995, 'AGUNG TEKNIK', 'AT3', 'Vendor', NULL, 'V10130', '', 1, NULL, '2026-02-03 02:39:48', '2026-02-03 02:39:48'),
(996, 'TEGUH HYDROLIC', 'TH1', 'Vendor', NULL, 'V10131', '', 1, NULL, '2026-02-03 02:39:48', '2026-02-03 02:39:48'),
(997, 'MANDIRI, PD', 'M6', 'Vendor', NULL, 'V10132', '', 1, NULL, '2026-02-03 02:39:48', '2026-02-03 02:39:48'),
(998, 'SAINGAN', 'S5', 'Vendor', NULL, 'V10133', '', 1, NULL, '2026-02-03 02:39:48', '2026-02-03 02:39:48'),
(999, 'LANGGENG BAJA', 'LB', 'Vendor', NULL, 'V10134', '', 1, NULL, '2026-02-03 02:39:48', '2026-02-03 02:39:48'),
(1000, 'PANCA HARAPAN, PD', 'PH', 'Vendor', NULL, 'V10135', 'Jl. ABC', 1, NULL, '2026-02-03 02:39:48', '2026-02-03 02:39:48'),
(1001, 'CIKAPUNDUNG SEAL', 'CS4', 'Vendor', NULL, 'V10136', 'Jl. ABC', 1, NULL, '2026-02-03 02:39:48', '2026-02-03 02:39:48'),
(1002, 'ASIA PASIFIK', 'AP5', 'Vendor', NULL, 'V10138', 'Jl. Sanggar Kencana XXVII Bo.5, 40286', 1, NULL, '2026-02-03 02:39:48', '2026-02-03 02:39:48'),
(1003, 'CENTRAL FAN', 'CF1', 'Vendor', NULL, 'V10139', '', 1, NULL, '2026-02-03 02:39:48', '2026-02-03 02:39:48'),
(1004, 'MINI TEKNIK', 'MT3', 'Vendor', NULL, 'V10140', 'Jl. Supadio, Bandung', 1, NULL, '2026-02-03 02:39:48', '2026-02-03 02:39:48'),
(1005, 'KARYA BARU TEKNIK', 'KBT', 'Vendor', NULL, 'V10141', '', 1, NULL, '2026-02-03 02:39:48', '2026-02-03 02:39:48'),
(1006, 'DOA IBU', 'DI1', 'Vendor', NULL, 'V10142', '', 1, NULL, '2026-02-03 02:39:48', '2026-02-03 02:39:48'),
(1007, 'BESAR, PD', 'B2', 'Vendor', NULL, 'V10143', '', 1, NULL, '2026-02-03 02:39:48', '2026-02-03 02:39:48'),
(1008, 'SURYA STEEL TEKNIK, CV', 'SST', 'Vendor', NULL, 'V10144', '', 1, NULL, '2026-02-03 02:39:48', '2026-02-03 02:39:48'),
(1009, 'INDAH JAYA', 'IJ1', 'Vendor', NULL, 'V10145', '', 1, NULL, '2026-02-03 02:39:48', '2026-02-03 02:39:48'),
(1010, 'GETHNOC', 'G2', 'Vendor', NULL, 'V10146', 'Jl. ABC', 1, NULL, '2026-02-03 02:39:48', '2026-02-03 02:39:48'),
(1011, 'TRIYANDI PUTRA', 'TP', 'Vendor', NULL, 'V10147', '', 1, NULL, '2026-02-03 02:39:48', '2026-02-03 02:39:48'),
(1012, 'KOPERASI MWT Plant 2', 'KMP2', 'Vendor', NULL, 'V10148', '', 1, NULL, '2026-02-03 02:39:48', '2026-02-03 02:39:48'),
(1013, 'SINAR BERDIKARI', 'SB1', 'Vendor', NULL, 'V10149', 'Jl. ABC', 1, NULL, '2026-02-03 02:39:48', '2026-02-03 02:39:48'),
(1014, 'AHERA PRESISI TEHNIK, PT', 'APT4', 'Vendor', NULL, 'V10150', '40511', 1, NULL, '2026-02-03 02:39:48', '2026-02-03 02:39:48'),
(1015, 'MULTINDO AGUNG TEKNIK .PT', 'MAT1', 'Vendor', NULL, 'V10151', '', 1, NULL, '2026-02-03 02:39:48', '2026-02-03 02:39:48'),
(1016, 'PREMIUM', 'P2', 'Vendor', NULL, 'V10152', '', 1, NULL, '2026-02-03 02:39:48', '2026-02-03 02:39:48'),
(1017, 'JAYA ABADI TEKNIK', 'JAT', 'Vendor', NULL, 'V10153', '', 1, NULL, '2026-02-03 02:39:48', '2026-02-03 02:39:48'),
(1018, 'HUAYUAN MAKMUR SEJAHTERA .PT', 'HMS', 'Vendor', NULL, 'V10154', 'KIRANA BOUTIQUE OFFICE, JL. KIRANA AVENUE 2, BLOK C1-3', 1, NULL, '2026-02-03 02:39:48', '2026-02-03 02:39:48'),
(1019, 'TERUS MAKMUR', 'TM1', 'Vendor', NULL, 'V10155', '', 1, NULL, '2026-02-03 02:39:48', '2026-02-03 02:39:48'),
(1020, 'TOKO BUDHI', 'TB1', 'Vendor', NULL, 'V10156', '', 1, NULL, '2026-02-03 02:39:48', '2026-02-03 02:39:48'),
(1021, 'H.A. SUHANDI, PD', 'HAS1', 'Vendor', NULL, 'V10157', '', 1, NULL, '2026-02-03 02:39:48', '2026-02-03 02:39:48'),
(1022, 'KAWATA MARKETING INDONESIA .PT', 'KMI', 'Vendor', NULL, 'V10158', 'SUDIRMAN KAV 7-8, KARET TENGSIN, TANAH ABANG, JAKARTA PUSAT', 1, NULL, '2026-02-03 02:39:48', '2026-02-03 02:39:48'),
(1023, 'PRATAMA MANDIRI PRIMA .PT', 'PMP1', 'Vendor', NULL, 'V10159', 'JL. RAYA LEMAH ABANG NO.27 CIKARANG UTARA', 1, NULL, '2026-02-03 02:39:48', '2026-02-03 02:39:48'),
(1024, 'ID SURVEY', 'IS', 'Vendor', NULL, 'V10160', '', 1, NULL, '2026-02-03 02:39:48', '2026-02-03 02:39:48'),
(1025, 'TEKINDO ARTHA KARYA, PT', 'TAK', 'Vendor', NULL, 'V101601', '', 1, NULL, '2026-02-03 02:39:48', '2026-02-03 02:39:48'),
(1026, 'JAVATECH MITRA GEMILANG .CV', 'JMG', 'Vendor', NULL, 'V10407', 'Perum Wahana Cikarang Blok G12 No. 12 RT 003 RW 018 Sukadami', 1, NULL, '2026-02-03 02:39:48', '2026-02-03 02:39:48'),
(1027, 'CHEMINDO PRIMA ABADI .PT', 'CPA', 'Vendor', NULL, 'V10602', 'JL. SALAK NO. 7 JAKARTA', 1, NULL, '2026-02-03 02:39:48', '2026-02-03 02:39:48'),
(1028, 'TRI BUANA TEKNIK', 'TBT', 'Vendor', NULL, 'V10603', '', 1, NULL, '2026-02-03 02:39:48', '2026-02-03 02:39:48'),
(1029, 'SELARAS MAJU TEKNIK', 'SMT3', 'Vendor', NULL, 'V10604', '', 1, NULL, '2026-02-03 02:39:48', '2026-02-03 02:39:48'),
(1030, 'ADHITYA PRATAMA .CV', 'AP6', 'Vendor', NULL, 'V10605', 'Jl. Raya Lemah Abang No. 29 , Ds. Simpangan, Cikarang Utara', 1, NULL, '2026-02-03 02:39:48', '2026-02-03 02:39:48'),
(1031, 'DUTA PERSADA TEHNIK .PT', 'DPT', 'Vendor', NULL, 'V10606', 'JL. JABABEKA IV-E BLOK V NO. 82, KAWASAN INDUSTRI JABABEKA 1, KARANGBARU, CIKARANG UTARA', 1, NULL, '2026-02-03 02:39:48', '2026-02-03 02:39:48'),
(1032, 'MANDIRI TANGGUH PERKASA INDONESIA .PT', 'MTPI', 'Vendor', NULL, 'V10607', 'CENTRA NIAGA KALIMAS BLOK B - 9C. JL. INSPEKSI KALIMALANG, SETIADARMA, TAMBUN SELATAN', 1, NULL, '2026-02-03 02:39:48', '2026-02-03 02:39:48'),
(1033, 'THOMAS SEJAHTERA, CV', 'TS2', 'Vendor', NULL, 'V10608', '', 1, NULL, '2026-02-03 02:39:48', '2026-02-03 02:39:48'),
(1034, 'ALI JOK', 'AJ5', 'Vendor', NULL, 'V10609', '', 1, NULL, '2026-02-03 02:39:48', '2026-02-03 02:39:48'),
(1035, 'BINA PRIMA MULTI UTAMA .PT', 'BPMU1', 'Vendor', NULL, 'V10610', 'KALIMAS BLOK A - 7 MARGAHAYU BEKASI TIMUR', 1, NULL, '2026-02-03 02:39:48', '2026-02-03 02:39:48'),
(1036, 'HULANE TECH MANUFACTURING, PT', 'HTM2', 'Vendor', NULL, 'V10611', 'JL. JABABEKA  2E BLOK C16-J, JABABEKA', 1, NULL, '2026-02-03 02:39:48', '2026-02-03 02:39:48'),
(1037, 'MITRA SARANA NETWORK', 'MSN', 'Vendor', NULL, 'V10612', 'Jl. K. H. Dewantara No.14, Nagasari, Kec. Karawang Barat, Karawang', 1, NULL, '2026-02-03 02:39:48', '2026-02-03 02:39:48'),
(1038, 'ATROS, CV', 'A2', 'Vendor', NULL, 'V10613', '', 1, NULL, '2026-02-03 02:39:48', '2026-02-03 02:39:48'),
(1039, 'KARYA ANDALAN MANDIRI JAYA, PT', 'KAMJ', 'Vendor', NULL, 'V10614', 'JL. PAHLAWAN NO. 45 KAV 2 RT/RW 003/003 REMPOA CIPUTAT TIMUR', 1, NULL, '2026-02-03 02:39:48', '2026-02-03 02:39:48'),
(1040, 'MITRAMULIA MEGAH MANDIRI, PT', 'MMM', 'Vendor', NULL, 'V10615', 'JL. RAYA CIKARANG - SUKATANI N0. 99 RT/RW 003/003, SUKARAYA, KARANG BAHAGIA', 1, NULL, '2026-02-03 02:39:48', '2026-02-03 02:39:48'),
(1041, 'SAHABAT TRAINING INDONESIA, PT', 'STI', 'Vendor', NULL, 'V10616', 'METLAND CIBITUNG RUKO BIZHAUS BLOK C4A NO. 8, DESA TELAGA MURNI, CIKARANG BARAT', 1, NULL, '2026-02-03 02:39:48', '2026-02-03 02:39:48'),
(1042, 'NAFASAL JAYA MANDIRI SAFETY, PT', 'NJMS', 'Vendor', NULL, 'V10617', 'Taman Kintamani Blok E3 No. 11, Jejalaenjaya, Tambun Utara', 1, NULL, '2026-02-03 02:39:48', '2026-02-03 02:39:48'),
(1043, 'KREASI ABADI UTAMA, PT', 'KAU', 'Vendor', NULL, 'V10618', 'Ruko Graha Kalimas 2 JL Lapangan Kobra AA No. 17 RT. 005 RW. 005 TAMBUN TAMBUN SELATAN', 1, NULL, '2026-02-03 02:39:48', '2026-02-03 02:39:48'),
(1044, 'PANDULIMA JAYA ABADI, PT', 'PJA', 'Vendor', NULL, 'V10619', 'JL. KARASAK BARAT NO. 1E, MEKAR WANGI', 1, NULL, '2026-02-03 02:39:48', '2026-02-03 02:39:48'),
(1045, 'HASAN TRUK', 'HT3', 'Vendor', NULL, 'V10620', 'Pasirgombong', 1, NULL, '2026-02-03 02:39:48', '2026-02-03 02:39:48'),
(1046, 'NOBLE CHEM INDONESIA, PT', 'NCI', 'Vendor', NULL, 'V10621', 'JL. Jababeka IIE, TOB, C16H KAWASAN INDUSTRI JABABEKA 1, CIKARANG', 1, NULL, '2026-02-03 02:39:48', '2026-02-03 02:39:48'),
(1047, 'PUTRA PELITA PERSADA, CV', 'PPP', 'Vendor', NULL, 'V10622', 'Jl. Murai II D28/40 Telaga Murni Cikarang Barat Kab Bekasi', 1, NULL, '2026-02-03 02:39:48', '2026-02-03 02:39:48'),
(1048, 'CAHAYA GREEN TEKNOLOGI, PT', 'CGT', 'Vendor', NULL, 'V10624', 'Jl. Raya Jend. H. Amie Mahmud No.122 Cimahi', 1, NULL, '2026-02-03 02:39:48', '2026-02-03 02:39:48'),
(1049, 'JALAWAVE CAKRAWALA, PT', 'JC', 'Vendor', NULL, 'V10625', 'Gedung Graha Bumiputera Lantai 8 suite#804 Jalan Asia Afrika 141-149 Bandung', 1, NULL, '2026-02-03 02:39:48', '2026-02-03 02:39:48'),
(1050, 'PRIMA PUTRA ADIWAHANA, PT', 'PPA1', 'Vendor', NULL, 'V10626', 'JL. IMAM BONJOL NO. 15 CIKARANG', 1, NULL, '2026-02-03 02:39:48', '2026-02-03 02:39:48'),
(1051, 'MAJU MANDIRI FILM .PT', 'MMF', 'Vendor', NULL, 'V10627', 'JL. SUKARNO WIRYOPRANOTO NO. 12 BLOK E LT. DASAR ,KEBON KELAPA, GAMBIR', 1, NULL, '2026-02-03 02:39:48', '2026-02-03 02:39:48'),
(1052, 'AJI BAYU GEMILANG .PT', 'ABG2', 'Vendor', NULL, 'V10628', 'GEDUNG A LT 2 META JOBS CIKARANG TECHNOPARK J CIBATU CIKARANG SELATAN', 1, NULL, '2026-02-03 02:39:48', '2026-02-03 02:39:48'),
(1053, 'MADA WIKRI TUNGGAL PLANT 2, PT', 'MWTP21', 'Vendor', NULL, 'V10629', 'Jl. Raya Nanjung Cisaat No.25 RT 01/01 Kp. Sukawangi Desa Jelegong Kec. Kutawaringin Kab. Bandung', 1, NULL, '2026-02-03 02:39:48', '2026-02-03 02:39:48'),
(1054, 'WIJAYA TRADE AND CONSULTANT, PT', 'WTAC', 'Vendor', NULL, 'V10630', 'CLUSTER BUMI WARINGIN INDAH A10/22, WARINGINJAYA, KEDUNGWARINGIN', 1, NULL, '2026-02-03 02:39:48', '2026-02-03 02:39:48'),
(1055, 'MADA WIKRI TUNGGAL PLANT 3, PT', 'MWTP31', 'Vendor', NULL, 'V10631', 'JL. INDUSTRI KP. SEMPU, DESA PASIRGOMBONG, CIKARANG UTARA', 1, NULL, '2026-02-03 02:39:48', '2026-02-03 02:39:48'),
(1056, 'CITAS OTIS ELEVATOR, PT', 'COE', 'Vendor', NULL, 'V10632', 'CIBIS TOWER 9 LT. 3, JL. TB SIMATUPANG NO.2 CILANDAK TIMUR, PS. MINGGU,', 1, NULL, '2026-02-03 02:39:48', '2026-02-03 02:39:48'),
(1057, 'MAKMUR TEKNIK MANDIRI, PT', 'MTM', 'Vendor', NULL, 'V10633', 'JL. SADEWA VIII BLOK E12 NO 10, DESA WALUYA, CIKARANG UTARA', 1, NULL, '2026-02-03 02:39:48', '2026-02-03 02:39:48'),
(1058, 'SAYOGI TEKNOLOGI MANDIRI .PT', 'STM3', 'Vendor', NULL, 'V10634', 'Cluster IKM Kav 5 Kampung Binong Jalan Binong, Jatireja, Cikarang Timur', 1, NULL, '2026-02-03 02:39:48', '2026-02-03 02:39:48'),
(1059, 'SANJECON SEKAWAN GRUP', 'SSG', 'Vendor', NULL, 'V10635', 'Jln. Curug Dengdeng RT.003 RW.004 Lulut, Klapanunggal', 1, NULL, '2026-02-03 02:39:48', '2026-02-03 02:39:48'),
(1060, 'DACON JAYA BETON, PT', 'DJB', 'Vendor', NULL, 'V10636', 'BEKASI REGENSI II BLOK EE 1 NO.23, WANASARI, CIBITUNG', 1, NULL, '2026-02-03 02:39:48', '2026-02-03 02:39:48'),
(1061, 'PERKASA TOOLS INDONESIA, PT', 'PTI', 'Vendor', NULL, 'V10637', 'PERUM BCL JL PANDAWA 6 BLOK A34 NO 17, DESA WALUYA, CIKARANG UTARA', 1, NULL, '2026-02-03 02:39:48', '2026-02-03 02:39:48'),
(1062, 'ANUGRAH MULIA WISESA, PT', 'AMW', 'Vendor', NULL, 'V10638', 'JL BARU UNDERPASS EMERALD SPRING RUKO SAPHIRE BLOK R NO 15-16', 1, NULL, '2026-02-03 02:39:48', '2026-02-03 02:39:48'),
(1063, 'EASTERN PRO ENGINEERING, PT', 'EPE', 'Vendor', NULL, 'V10639', '', 1, NULL, '2026-02-03 02:39:48', '2026-02-03 02:39:48'),
(1064, 'MALZIRA MAJU SEJAHTERA, PT', 'MMS3', 'Vendor', NULL, 'V10640', 'JALAN ANTILOP 2A F4 NOMOR 4 CIKARANG BARU', 1, NULL, '2026-02-03 02:39:48', '2026-02-03 02:39:48'),
(1065, 'BUMDES PASIRGOMBONG SEJAHTERA', 'BPS2', 'Vendor', NULL, 'V10641', 'JL INDUSTRI KM 02 PASIRGOMBONG, CIKARANG UTARA', 1, NULL, '2026-02-03 02:39:48', '2026-02-03 02:39:48'),
(1066, 'PT ARISTA ELEKTRIKA INDONESIA', 'AEI', 'Vendor', NULL, 'V10642', 'Jl. H. Nawi No.17, Gandaria Utara, Kebayoran Baru', 1, NULL, '2026-02-03 02:39:48', '2026-02-03 02:39:48'),
(1067, 'ZAMAN TECH, CV', 'ZT1', 'Vendor', NULL, 'V10643', 'PERUM TAMAN ASTER BLOK F8/23, TELAGA ASIH, CIKARANG BARAT', 1, NULL, '2026-02-03 02:39:48', '2026-02-03 02:39:48'),
(1068, 'KREASI SARANA PRIMA, PT', 'KSP', 'Vendor', NULL, 'V10644', 'MUTIARA TAMAN PALEM BLOK A 11 No. 17', 1, NULL, '2026-02-03 02:39:48', '2026-02-03 02:39:48'),
(1069, 'KOPERASI PLANT 4 JBK', 'KP4J', 'Vendor', NULL, 'V10645', '', 1, NULL, '2026-02-03 02:39:48', '2026-02-03 02:39:48'),
(1070, 'PERMATA TATA UTAMA, PT', 'PTU', 'Vendor', NULL, 'V10646', 'JL. Sadar 1, Perum Telaga Pasir Raya, Blok AB 10 No 24, Serang Baru', 1, NULL, '2026-02-03 02:39:48', '2026-02-03 02:39:48'),
(1071, 'BERKAH MANDIRI TEKNIK, UD', 'BMT', 'Vendor', NULL, 'V10647', 'Jl. Telaga Warna Blok D8 No. 1, Perum. Telaga Harapan, Cikarang Barat', 1, NULL, '2026-02-03 02:39:48', '2026-02-03 02:39:48'),
(1072, 'BERSIH MAKMUR BERSAMA, PT', 'BMB', 'Vendor', NULL, 'V10648', 'JALAN RAYA CITARIK NOMOR 17 SERTAJAYA, CIKARANG TIMUR', 1, NULL, '2026-02-03 02:39:48', '2026-02-03 02:39:48'),
(1073, 'MAJU JAYA SCAFFOLDING', 'MJS1', 'Vendor', NULL, 'V10649', 'Jl. Wastu Kencana 5 Blok B No 8, Taman Cibiru, Lippo Cikarang', 1, NULL, '2026-02-03 02:39:48', '2026-02-03 02:39:48'),
(1074, 'MNP JAYA TEKNIK, PT', 'MJT1', 'Vendor', NULL, 'V10650', 'PERUM PURI SENTOSA BLOK D16 NO.5 & 10, CICAU, CIKARANG PUSAT', 1, NULL, '2026-02-03 02:39:48', '2026-02-03 02:39:48'),
(1075, 'RISVATAMA LARAS', 'RL', 'Vendor', NULL, 'V10651', 'KOMPLEK PERTOKOAN VILA NUSA INDAH 2 BLOK U3 NO.20, BOJONG KULUR, GN. PUTRI', 1, NULL, '2026-02-03 02:39:48', '2026-02-03 02:39:48'),
(1076, 'COKRO BERSAUDARA', 'CB1', 'Vendor', NULL, 'V10652', 'JL. TEGAL GEDE - TEGAL DANAS, KP RAWA SENTUL, CIKARANG BARU', 1, NULL, '2026-02-03 02:39:48', '2026-02-03 02:39:48'),
(1077, 'DITAMA NASTARI GEMILANG .CV', 'DNG1', 'Vendor', NULL, 'V10653', 'JL. CIKAS BARAT 6 BLOK C 11 NO 10, PEKAYON JAYA - BEKASI SELATAN', 1, NULL, '2026-02-03 02:39:48', '2026-02-03 02:39:48'),
(1078, 'PULO KENCANA DRUM INDUSTRI, PT', 'PKDI', 'Vendor', NULL, 'V10654', '', 1, NULL, '2026-02-03 02:39:48', '2026-02-03 02:39:48'),
(1079, 'KITAMASKARANG, PT', 'K3', 'Vendor', NULL, 'V10655', '', 1, NULL, '2026-02-03 02:39:48', '2026-02-03 02:39:48'),
(1080, 'TRIPMATECH, CV', 'T4', 'Vendor', NULL, 'V10656', '', 1, NULL, '2026-02-03 02:39:48', '2026-02-03 02:39:48'),
(1081, 'MEGATAMA ELECTRIC', 'ME', 'Vendor', NULL, 'V10657', 'Komp. Ruko Graha Bekasi Timur Jl. Raya Pondok Timur 2, Pengasinan, Rawalumbu', 1, NULL, '2026-02-03 02:39:48', '2026-02-03 02:39:48'),
(1082, 'YIZUMI PRECISION MACHINERY (HK) CO., LTD.', 'YPM(C', 'Vendor', NULL, 'V10658', '2/F., WING YEE COMMERCIAL BUILDING, 5 WING KUT STREET, CENTRAL HONGKONG', 1, NULL, '2026-02-03 02:39:48', '2026-02-03 02:39:48'),
(1083, 'JATI MOTOR', 'JM2', 'Vendor', NULL, 'V10659', '', 1, NULL, '2026-02-03 02:39:48', '2026-02-03 02:39:48'),
(1084, 'ADISATYA KARYA SEJAHTERA', 'AKS1', 'Vendor', NULL, 'V10660', '', 1, NULL, '2026-02-03 02:39:48', '2026-02-03 02:39:48'),
(1085, 'ARTHA INDOPACIFIC GEMILANG, PT', 'AIG', 'Vendor', NULL, 'V10661', '', 1, NULL, '2026-02-03 02:39:48', '2026-02-03 02:39:48'),
(1086, 'BAHTERA KENCANA PRESISI .PT', 'BKP', 'Vendor', NULL, 'V10662', 'Sunter Niaga Mas Blok F3  No.5, Jl Antilop Raya Cikarang Baru Jababeka II', 1, NULL, '2026-02-03 02:39:48', '2026-02-03 02:39:48'),
(1087, 'MULIAPACK .PT', 'M7', 'Vendor', NULL, 'V10663', 'Jl. Daan Mogot KM19,8 Kawasan Industri Blok G No.1 Porisgaga Baru, Batu Ceper', 1, NULL, '2026-02-03 02:39:48', '2026-02-03 02:39:48'),
(1088, 'PARSAORAN GLOBAL DATATRANS, PT', 'PGD', 'Vendor', NULL, 'V10664', 'Gedung Graha STK Lt.5, Jl. Taman Margasatwa No.3, Jakarta Selatan', 1, NULL, '2026-02-03 02:39:48', '2026-02-03 02:39:48'),
(1089, 'TOTAL TRADING MACHINERY', 'TTM', 'Vendor', NULL, 'V10665', '', 1, NULL, '2026-02-03 02:39:48', '2026-02-03 02:39:48'),
(1090, 'ASIA TALENTA MANDIRI', 'ATM3', 'Vendor', NULL, 'V10666', 'Jl. Pahlawan Seribu, BSD, Jelupang', 1, NULL, '2026-02-03 02:39:48', '2026-02-03 02:39:48'),
(1091, 'KARYA SEJUK SOLUSINDO, PT', 'KSS', 'Vendor', NULL, 'V10667', '12240', 1, NULL, '2026-02-03 02:39:48', '2026-02-03 02:39:48'),
(1092, 'SPITZE SENTOSA INDONESIA', 'SSI2', 'Vendor', NULL, 'V10668', 'JABABEKA INDUSTRIAL ESTATE, JL JABABEKA XIV BLOK J5G, HARJAMEKAR, CIKARANG UTARA', 1, NULL, '2026-02-03 02:39:48', '2026-02-03 02:39:48'),
(1093, 'SMART INDOTECH UTAMA', 'SIU1', 'Vendor', NULL, 'V10669', 'JL. BERUANG XI.C CKR BARU, BLOK G.8, 2, JAYAMUKTI, CIKARANG PUSAT', 1, NULL, '2026-02-03 02:39:48', '2026-02-03 02:39:48'),
(1094, 'SURYA MOLD INDONESIA, PT', 'SMI1', 'Vendor', NULL, 'V10670', '', 1, NULL, '2026-02-03 02:39:48', '2026-02-03 02:39:48'),
(1095, 'INDURO INTERNASIONAL, PT', 'II1', 'Vendor', NULL, 'V10671', '', 1, NULL, '2026-02-03 02:39:48', '2026-02-03 02:39:48'),
(1096, 'GEO CITRA BANDUNG', 'GCB', 'Vendor', NULL, 'V10672', '', 1, NULL, '2026-02-03 02:39:48', '2026-02-03 02:39:48'),
(1097, 'PT DHINA JAYA TEKNIK', 'DJT', 'Vendor', NULL, 'V10673', 'Perum Taman Permata Indah Blok H2 No. 33', 1, NULL, '2026-02-03 02:39:48', '2026-02-03 02:39:48'),
(1098, 'JAYA SENTOSA MACHINERY, PT', 'JSM', 'Vendor', NULL, 'V10674', 'Jl. Kenari Raya', 1, NULL, '2026-02-03 02:39:48', '2026-02-03 02:39:48'),
(1099, 'GEMILANG LANCAR USAHA, PT', 'GLU', 'Vendor', NULL, 'V10675', 'JL. KEBAYORAN LAMA 9 E, GROGOL UTARA, KEBAYORAN LAMA, JAKARTA SELATAN', 1, NULL, '2026-02-03 02:39:48', '2026-02-03 02:39:48'),
(1100, 'FOKUS MANAJEMEN INDONESIA TIM, PT', 'FMIT', 'Vendor', NULL, 'V10676', '', 1, NULL, '2026-02-03 02:39:48', '2026-02-03 02:39:48'),
(1101, 'INTER MULTI FIBERINDO, PT', 'IMF1', 'Vendor', NULL, 'V10677', 'KOMPLEK RUKO VILA TAMAN BANDARA BLOK N-7 NO. DADAP KOSAMBI', 1, NULL, '2026-02-03 02:39:48', '2026-02-03 02:39:48'),
(1102, 'KEN, CV', 'K4', 'Vendor', NULL, 'V10678', 'Jl. Tumenggung Wiradireja, Tanah Baru', 1, NULL, '2026-02-03 02:39:48', '2026-02-03 02:39:48'),
(1103, 'LIMA PUTERA PERINTIS, PT', 'LPP1', 'Vendor', NULL, 'V10679', 'JL. RAYA SUKATANI, MUARAGEMBONG RT 03/03, DESA SUKAINDAH, KEC. SUKAKARYA', 1, NULL, '2026-02-03 02:39:48', '2026-02-03 02:39:48'),
(1104, 'LINTANG GLOBAL TEKNIK, PT', 'LGT', 'Vendor', NULL, 'V10680', 'JL. PERUM KOTA SERANG BARU BLOK E26/33 SUKARAGAM, SERANG BARU', 1, NULL, '2026-02-03 02:39:48', '2026-02-03 02:39:48'),
(1105, 'CAHAYA MEKANINDO PERKASA, PT', 'CMP', 'Vendor', NULL, 'V10681', 'JL. PASIR MALANG NO 10 KW 6 KEPUH BARU, KARANG PAWITAN', 1, NULL, '2026-02-03 02:39:48', '2026-02-03 02:39:48'),
(1106, 'RADIUS TEKNIK UTAMA, PT', 'RTU', 'Vendor', NULL, 'V10682', '', 1, NULL, '2026-02-03 02:39:48', '2026-02-03 02:39:48'),
(1107, 'DAARUT RAJA SEJAHTERA, PT', 'DRS', 'Vendor', NULL, 'V10683', 'Perumahan Griya Cibinong Permai Blok C3, Puspanegara, Citeureup', 1, NULL, '2026-02-03 02:39:48', '2026-02-03 02:39:48'),
(1108, 'LINTANG GLOBAL TEKNIK, PT', 'LGT1', 'Vendor', NULL, 'V10684', 'JALAN PERUM KOTA SERANG BARU BLOK E26/33', 1, NULL, '2026-02-03 02:39:49', '2026-02-03 02:39:49'),
(1109, 'DAKARA CITRA TANGGUH, PT', 'DCT', 'Vendor', NULL, 'V10685', 'Jl. Pramuka No. 289, Sepanjang Jaya, Rawalumbu', 1, NULL, '2026-02-03 02:39:49', '2026-02-03 02:39:49'),
(1110, 'DANO JAYA INDONESIA', 'DJI', 'Vendor', NULL, 'V10686', 'Komplek Permata Wisata, B3, 5, Cimuning, Mustikajaya', 1, NULL, '2026-02-03 02:39:49', '2026-02-03 02:39:49'),
(1111, 'ERA DIGITAL KREASINDO, PT', 'EDK', 'Vendor', NULL, 'V10687', 'Gedung AD Premier, Jl. TB Simatupang No.5 Lantai 17 Suite 4B, RT.5/RW.7', 1, NULL, '2026-02-03 02:39:49', '2026-02-03 02:39:49'),
(1112, 'ANUGRAH REKASARANA TEKHNIK, CV', 'ART', 'Vendor', NULL, 'V10688', 'Jl. Macan Raya RI. 07/03', 1, NULL, '2026-02-03 02:39:49', '2026-02-03 02:39:49'),
(1113, 'JAN MAKMUR INDONESIA, PT', 'JMI', 'Vendor', NULL, 'V10689', 'Jl. Raya Kelapa Dua AD-14 No.19', 1, NULL, '2026-02-03 02:39:49', '2026-02-03 02:39:49'),
(1114, 'THIADZIKRA MAKMUR SEJAHTERA', 'TMS', 'Vendor', NULL, 'V10690', 'Jl. Teuku Umar 10-9 Cimone Jaya Kecamatan Karawaci', 1, NULL, '2026-02-03 02:39:49', '2026-02-03 02:39:49'),
(1115, 'CIPTATAMA TEHNIK MANUNGGAL', 'CTM1', 'Vendor', NULL, 'V10691', 'Kp Sempu RT 001, RW 003, PASIRGOMBONG, CIKARANG UTARA, KAB. BEKASI', 1, NULL, '2026-02-03 02:39:49', '2026-02-03 02:39:49'),
(1116, 'BERKAH ADI LAKASANA', 'BAL', 'Vendor', NULL, 'V10692', '', 1, '2026-02-04 06:36:11', '2026-02-03 02:39:49', '2026-02-04 06:36:11'),
(1117, 'JATAYU SURYA TEKNIK', 'JST', 'Vendor', NULL, 'V10693', '', 1, NULL, '2026-02-03 02:39:49', '2026-02-04 06:36:41'),
(1118, 'SIMNU HANA NUSANTARA, PT', 'SHN', 'Vendor', NULL, 'V10694', '', 1, NULL, '2026-02-03 02:39:49', '2026-02-03 02:39:49'),
(1119, 'ARMETA KREASI MANDIRI .PT', 'AKM', 'Vendor', NULL, 'V10695', 'Jl. Industri Sel. 2 Jababeka 2 No.2 Blok MM, Pasirsari, Cikarang Sel., Kabupaten Bekasi, Jawa Barat', 1, NULL, '2026-02-03 02:39:49', '2026-02-03 02:39:49'),
(1120, 'YAMATA MACHINERY', 'YM1', 'Vendor', NULL, 'V10696', 'Delta Commercial Park I. Jl. Kenari Raya B.08. Jayamukti, Cikarang Pusat.', 1, NULL, '2026-02-03 02:39:49', '2026-02-03 02:39:49'),
(1121, 'DIPO INTERNASIONAL PAHALA OTOMOTIF PT.', 'DIPO1', 'Vendor', NULL, 'V10697', 'Delta Commercial Park I. Jl. Kenari Raya B.08. Jayamukti, Cikarang Pusat.', 1, NULL, '2026-02-03 02:39:49', '2026-02-03 02:39:49'),
(1122, 'SAPONTA TRIMITRA MAKMUR, PT', 'STM4', 'Vendor', NULL, 'V10698', 'Kel. Leuwinanggung', 1, NULL, '2026-02-03 02:39:49', '2026-02-03 02:39:49'),
(1123, 'FUTARI MECCA UTAMA, PT', 'FMU', 'Vendor', NULL, 'V10699', 'Kel. Lambangjaya', 1, NULL, '2026-02-03 02:39:49', '2026-02-03 02:39:49'),
(1124, 'SUMBER TEKNIK MOTOR, PT', 'STM5', 'Vendor', NULL, 'V10700', '', 1, NULL, '2026-02-03 02:39:49', '2026-02-03 02:39:49'),
(1125, 'BHAGASASI OPTIMUS SUKSES, PT', 'BOS1', 'Vendor', NULL, 'V10701', 'Jl Cicau, Sempu Blok 01/10 No.06, Desa Cicau, Cikarang Pusat, Kab Bekasi 17530', 1, NULL, '2026-02-03 02:39:49', '2026-02-03 02:39:49'),
(1126, 'MUBA AUTO INDUSTRY .PT', 'MAI', 'Vendor', NULL, 'V10702', 'JALAN RAYA INDUSTRI BLOK. T NO. 193 RT. 001 R. PASIRGOMBONG, CIKARANG UTARA KAB BEKASI', 1, NULL, '2026-02-03 02:39:49', '2026-02-03 02:39:49'),
(1127, 'ECOSINDO LABORANUSA, PT', 'EL', 'Vendor', NULL, 'V10703', '', 1, NULL, '2026-02-03 02:39:49', '2026-02-03 02:39:49'),
(1128, 'BOGA TECHNIK', 'BT3', 'Vendor', NULL, 'V10704', '', 1, NULL, '2026-02-03 02:39:49', '2026-02-03 02:39:49'),
(1129, 'ADIWIJAYA MEGA TAMA', 'AMT3', 'Vendor', NULL, 'V10705', '', 1, NULL, '2026-02-03 02:39:49', '2026-02-03 02:39:49'),
(1130, 'DEZAVASI MANGGALA PRATAMA .PT', 'DMP1', 'Vendor', NULL, 'V10706', 'Rukan Green Market Jababeka, Blk. B No.09, Simpangan, Cikarang Utara, Bekasi', 1, NULL, '2026-02-03 02:39:49', '2026-02-03 02:39:49'),
(1131, 'AJW SEKAWAN MAKMUR .PT', 'ASM', 'Vendor', NULL, 'V10707', 'PERUM PURI SENTOSA BLOK D11 NO.52', 1, NULL, '2026-02-03 02:39:49', '2026-02-03 02:39:49'),
(1132, 'GIAMM', 'G3', 'Vendor', NULL, 'V10708', 'Jl. Sunan Sedayu No. 43, Rawamangun', 1, NULL, '2026-02-03 02:39:49', '2026-02-03 02:39:49'),
(1133, 'KINGFA SCI AND TECH INDONESIA .PT', 'KSATI', 'Vendor', NULL, 'V10709', 'JL. RAMIN V BLOK G6-17G S.D. G6-17K, DELTA SILICON VI', 1, NULL, '2026-02-03 02:39:49', '2026-02-03 02:39:49'),
(1134, 'KERABAT CITRA SELARAS .PT', 'KCS', 'Vendor', NULL, 'V10710', 'GUDANG BUANA. Jl. Ciputat Raya No. 163', 1, NULL, '2026-02-03 02:39:49', '2026-02-03 02:39:49'),
(1135, 'SE MIN METAL INDONESIA .PT', 'SMMI', 'Vendor', NULL, 'V10711', 'JL. INDUSTRI SELATAN KAWASAN INDUSTRI JABABEKA', 1, NULL, '2026-02-03 02:39:49', '2026-02-03 02:39:49'),
(1136, 'SARINCI BANYU REKSO .PT', 'SBR', 'Vendor', NULL, 'V10712', 'Kp. Tanah Baru Rt. 005 / 002 Kel. Harja Mekar', 1, NULL, '2026-02-03 02:39:49', '2026-02-03 02:39:49'),
(1137, 'ADI RAYA MANDIRI .PT', 'ARM', 'Vendor', NULL, 'V10713', 'Jl. RS Fatmawati No. 72, Kios taman pondok labu Blok B No.30', 1, NULL, '2026-02-03 02:39:49', '2026-02-03 02:39:49'),
(1138, 'RIZKY ZETA MANDIRI, CV', 'RZM', 'Vendor', NULL, 'V10714', '', 1, NULL, '2026-02-03 02:39:49', '2026-02-03 02:39:49'),
(1139, 'MICRON TOOLING TEKNIKA', 'MTT1', 'Vendor', NULL, 'V10715', 'Ruko Hive Cosmo', 1, NULL, '2026-02-03 02:39:49', '2026-02-03 02:39:49'),
(1140, 'PUTRA MAHENDRA TEKNOLOGI, PT', 'PMT2', 'Vendor', NULL, 'V10716', 'Dusung Bojongkarya I', 1, NULL, '2026-02-03 02:39:49', '2026-02-03 02:39:49'),
(1141, 'ECHA ADVANCED TECHNOLOGY INDO, PT', 'EATI1', 'Vendor', NULL, 'V10717', 'Jl. Mitra Raya II Blok E3', 1, NULL, '2026-02-03 02:39:49', '2026-02-03 02:39:49'),
(1142, 'IFORTE SOLUSI INFOTEK, PT', 'ISI', 'Vendor', NULL, 'V10718', 'Jl. Tanjung Karang No. 11', 1, NULL, '2026-02-03 02:39:49', '2026-02-03 02:39:49'),
(1143, 'AURA JAYA LABELINDO, CV', 'AJL', 'Vendor', NULL, 'V10719', 'JATIREJA RT.001 RW.009', 1, NULL, '2026-02-03 02:39:49', '2026-02-03 02:39:49'),
(1144, 'KRETAYUGA SEKAWAN TEKNOVASI, PT', 'KST', 'Vendor', NULL, 'V10720', 'Jl. wahid hasyim No.10D', 1, NULL, '2026-02-03 02:39:49', '2026-02-03 02:39:49'),
(1145, 'BADAN ALTROS TEKNOLOGI, PT', 'BAT4', 'Vendor', NULL, 'V10721', 'Komplek Puri Delta Mas Blok I, 41', 1, NULL, '2026-02-03 02:39:49', '2026-02-03 02:39:49'),
(1146, 'JAYA SUKSES MILENIAL, PT', 'JSM1', 'Vendor', NULL, 'V10722', 'BENS HUB BUILDING LT. 5', 1, NULL, '2026-02-03 02:39:49', '2026-02-03 02:39:49'),
(1147, 'SEKISO INDUSTRIES INDONESIA, PT', 'SII1', 'Vendor', NULL, 'V10723', 'JL. Irian VIII', 1, NULL, '2026-02-03 02:39:49', '2026-02-03 02:39:49'),
(1148, 'INILED INDONESIA INDUSTRI, PT', 'III', 'Vendor', NULL, 'V10724', 'JL.SCIENCE BOULEVARD', 1, NULL, '2026-02-03 02:39:49', '2026-02-03 02:39:49'),
(1149, 'MIGOTO INDONESIA, PT', 'MI', 'Vendor', NULL, 'V10725', 'JL. JABABEKA II', 1, NULL, '2026-02-03 02:39:49', '2026-02-03 02:39:49'),
(1150, 'PRATAMA MOTOR, PT', 'PM1', 'Vendor', NULL, 'V10726', 'JL. INDUSTRI CIKARANG PASIR GOMBONG', 1, NULL, '2026-02-03 02:39:49', '2026-02-03 02:39:49'),
(1151, 'AWB TEKINDO INDONESIA, PT', 'ATI2', 'Vendor', NULL, 'V10727', 'RAYA KH. A. JUNAIDI, KP. PENGGARUTAN', 1, NULL, '2026-02-03 02:39:49', '2026-02-03 02:39:49'),
(1152, 'KARYA INDAH MESINDO, PT', 'KIM', 'Vendor', NULL, 'V10728', 'KOMPLEK DUTA GARDEN SQUARE', 1, NULL, '2026-02-03 02:39:49', '2026-02-03 02:39:49'),
(1153, 'SAIKONO OTOPARTS INDONESIA, PT', 'SOI1', 'Vendor', NULL, 'V107289', 'KAWASAN DELTA SILICON I, JL.ANGSANA RAYA', 1, NULL, '2026-02-03 02:39:49', '2026-02-03 02:39:49'),
(1154, 'KARYA USAHA ALDI TEKNIK, PT', 'KUAT', 'Vendor', NULL, 'V10729', 'Trias Estate', 1, NULL, '2026-02-03 02:39:49', '2026-02-03 02:39:49'),
(1155, 'TRENGGINAS PRESISI INDONESIA, PT', 'TPI1', 'Vendor', NULL, 'V107290', 'PURI ASIH PERMAI, B1, 03, KARAWANG WETAN,KARAWANG TIMUR, KAB. KARAWANG, JAWA BARAT,41321', 1, NULL, '2026-02-03 02:39:49', '2026-02-03 02:39:49'),
(1156, 'NANSHENG PLASTIC MACHINERY, PT', 'NPM', 'Vendor', NULL, 'V10730', 'JL NIAGA RAYA KAV AA3, KOMPLEK RUKO CBD', 1, NULL, '2026-02-03 02:39:49', '2026-02-03 02:39:49'),
(1157, 'MEGATAMA PURNA PRAHARA, PT', 'MPP2', 'Vendor', NULL, 'V10731', 'MEGA RAYA BLOK F27 RT5 RW14 SUKARAGAM', 1, NULL, '2026-02-03 02:39:49', '2026-02-03 02:39:49'),
(1158, 'MULTITAMA PATRA NIAGA, PT', 'MPN', 'Vendor', NULL, 'V10732', 'JL JABABEKA II H BLOK CC 18 A, KAWASAN INDUSTRI', 1, NULL, '2026-02-03 02:39:49', '2026-02-03 02:39:49');

-- --------------------------------------------------------

--
-- Table structure for table `m_plantgate`
--

CREATE TABLE `m_plantgate` (
  `id` bigint UNSIGNED NOT NULL,
  `customer_id` bigint UNSIGNED NOT NULL,
  `nama_plantgate` varchar(255) COLLATE utf8mb4_unicode_ci NOT NULL,
  `status` tinyint(1) NOT NULL DEFAULT '1',
  `deleted_at` timestamp NULL DEFAULT NULL,
  `created_at` timestamp NULL DEFAULT NULL,
  `updated_at` timestamp NULL DEFAULT NULL
) ENGINE=InnoDB DEFAULT CHARSET=utf8mb4 COLLATE=utf8mb4_unicode_ci;

--
-- Dumping data for table `m_plantgate`
--

INSERT INTO `m_plantgate` (`id`, `customer_id`, `nama_plantgate`, `status`, `deleted_at`, `created_at`, `updated_at`) VALUES
(1, 4, 'SUNTER (P1P4)', 1, NULL, '2026-02-03 03:04:54', '2026-02-03 03:08:21'),
(2, 4, 'SUNTER (P1E4)', 1, NULL, '2026-02-03 03:04:54', '2026-02-03 03:04:54'),
(3, 4, 'SUNTER (P1P2)', 1, NULL, '2026-02-03 03:04:54', '2026-02-03 03:04:54'),
(4, 4, 'CIBITUNG (P3P3)', 1, NULL, '2026-02-03 03:04:54', '2026-02-03 03:04:54'),
(5, 4, 'CIBITUNG (P3P2)', 1, NULL, '2026-02-03 03:04:54', '2026-02-03 03:04:54'),
(6, 4, 'CIBITUNG (P3P1)', 1, NULL, '2026-02-03 03:04:54', '2026-02-03 03:04:54'),
(7, 4, 'CIBITUNG (P3E3)', 1, NULL, '2026-02-03 03:04:54', '2026-02-03 03:04:54'),
(8, 4, 'CIBITUNG (P3E2)', 1, NULL, '2026-02-03 03:04:54', '2026-02-03 03:04:54'),
(9, 4, 'CIBITUNG (P3E1)', 1, NULL, '2026-02-03 03:04:54', '2026-02-03 03:04:54'),
(10, 4, 'CIBITUNG (CEA1)', 1, NULL, '2026-02-03 03:04:54', '2026-02-03 03:04:54'),
(11, 4, 'CIBITUNG (CBA1)', 1, NULL, '2026-02-03 03:04:54', '2026-02-03 03:04:54'),
(12, 4, 'CIBITUNG (CCA1)', 1, NULL, '2026-02-03 03:04:54', '2026-02-03 03:04:54'),
(13, 4, 'AHM 4 (P7P1)', 1, NULL, '2026-02-03 03:04:54', '2026-02-03 03:04:54'),
(14, 4, 'AHM 5 (P8P1)', 1, NULL, '2026-02-03 03:04:54', '2026-02-03 03:04:54'),
(15, 4, 'AHM 5 (P8P4)', 1, NULL, '2026-02-03 03:04:54', '2026-02-03 03:04:54'),
(16, 4, 'AHM 6 (P9A1)', 1, NULL, '2026-02-03 03:04:54', '2026-02-03 03:04:54'),
(17, 4, 'AHM 6 (P9P1)', 1, NULL, '2026-02-03 03:04:54', '2026-02-03 03:04:54'),
(18, 4, 'AHM 6 (P9E1)', 1, NULL, '2026-02-03 03:04:54', '2026-02-03 03:04:54'),
(19, 4, 'AHM 6 (P9E4)', 1, NULL, '2026-02-03 03:04:54', '2026-02-03 03:04:54'),
(20, 4, 'AHM 6 (GAA1)', 1, NULL, '2026-02-03 03:04:54', '2026-02-03 03:04:54'),
(21, 4, 'AHM ONE PACK (P3P4)', 1, NULL, '2026-02-03 03:04:54', '2026-02-03 03:04:54'),
(22, 4, 'AHM 2 (P2P1)', 1, NULL, '2026-02-03 03:04:54', '2026-02-03 03:04:54'),
(23, 4, 'AHM 2 (P2P2)', 1, NULL, '2026-02-03 03:04:54', '2026-02-03 03:04:54'),
(24, 29, 'KRW', 1, NULL, '2026-02-03 03:04:54', '2026-02-03 03:04:54');

-- --------------------------------------------------------

--
-- Table structure for table `permissions`
--

CREATE TABLE `permissions` (
  `id` bigint UNSIGNED NOT NULL,
  `name` varchar(255) COLLATE utf8mb4_unicode_ci NOT NULL,
  `slug` varchar(255) COLLATE utf8mb4_unicode_ci NOT NULL,
  `category` varchar(255) COLLATE utf8mb4_unicode_ci DEFAULT NULL,
  `description` text COLLATE utf8mb4_unicode_ci,
  `created_at` timestamp NULL DEFAULT NULL,
  `updated_at` timestamp NULL DEFAULT NULL
) ENGINE=InnoDB DEFAULT CHARSET=utf8mb4 COLLATE=utf8mb4_unicode_ci;

--
-- Dumping data for table `permissions`
--

INSERT INTO `permissions` (`id`, `name`, `slug`, `category`, `description`, `created_at`, `updated_at`) VALUES
(1, 'View Rinci Dashboard', 'dashboard.rinci', 'dashboard', 'View Rinci Dashboard', '2026-02-04 05:21:06', '2026-02-04 05:21:06'),
(2, 'Master Perusahaan', 'master.perusahaan.view', 'master', 'Master Perusahaan', '2026-02-04 05:21:06', '2026-02-04 05:21:06'),
(3, 'Create Perusahaan', 'master.perusahaan.create', 'master_perusahaan', NULL, '2026-02-03 09:09:14', '2026-02-03 09:09:14'),
(4, 'Edit Perusahaan', 'master.perusahaan.edit', 'master_perusahaan', NULL, '2026-02-03 09:09:14', '2026-02-03 09:09:14'),
(5, 'Delete Perusahaan', 'master.perusahaan.delete', 'master_perusahaan', NULL, '2026-02-03 09:09:14', '2026-02-03 09:09:14'),
(6, 'Import Perusahaan', 'master.perusahaan.import', 'master_perusahaan', NULL, '2026-02-03 09:09:14', '2026-02-03 09:09:14'),
(7, 'Export Perusahaan', 'master.perusahaan.export', 'master_perusahaan', NULL, '2026-02-03 09:09:14', '2026-02-03 09:09:14'),
(8, 'Master Mesin', 'master.mesin.view', 'master', 'Master Mesin', '2026-02-04 05:21:06', '2026-02-04 05:21:06'),
(9, 'Create Mesin', 'master.mesin.create', 'master_mesin', NULL, '2026-02-03 09:09:14', '2026-02-03 09:09:14'),
(10, 'Edit Mesin', 'master.mesin.edit', 'master_mesin', NULL, '2026-02-03 09:09:14', '2026-02-03 09:09:14'),
(11, 'Delete Mesin', 'master.mesin.delete', 'master_mesin', NULL, '2026-02-03 09:09:14', '2026-02-03 09:09:14'),
(12, 'Import Mesin', 'master.mesin.import', 'master_mesin', NULL, '2026-02-03 09:09:14', '2026-02-03 09:09:14'),
(13, 'Export Mesin', 'master.mesin.export', 'master_mesin', NULL, '2026-02-03 09:09:14', '2026-02-03 09:09:14'),
(14, 'Master Manpower', 'master.manpower.view', 'master', 'Master Manpower', '2026-02-04 05:21:06', '2026-02-04 05:21:06'),
(15, 'Create Manpower', 'master.manpower.create', 'master_manpower', NULL, '2026-02-03 09:09:14', '2026-02-03 09:09:14'),
(16, 'Edit Manpower', 'master.manpower.edit', 'master_manpower', NULL, '2026-02-03 09:09:14', '2026-02-03 09:09:14'),
(17, 'Delete Manpower', 'master.manpower.delete', 'master_manpower', NULL, '2026-02-03 09:09:14', '2026-02-03 09:09:14'),
(18, 'Import Manpower', 'master.manpower.import', 'master_manpower', NULL, '2026-02-03 09:09:14', '2026-02-03 09:09:14'),
(19, 'Export Manpower', 'master.manpower.export', 'master_manpower', NULL, '2026-02-03 09:09:14', '2026-02-03 09:09:14'),
(20, 'Master Plant Gate', 'master.plantgate.view', 'master', 'Master Plant Gate', '2026-02-04 05:21:06', '2026-02-04 05:21:06'),
(21, 'Create Plant Gate', 'master.plantgate.create', 'master_plantgate', NULL, '2026-02-03 09:09:14', '2026-02-03 09:09:14'),
(22, 'Edit Plant Gate', 'master.plantgate.edit', 'master_plantgate', NULL, '2026-02-03 09:09:14', '2026-02-03 09:09:14'),
(23, 'Delete Plant Gate', 'master.plantgate.delete', 'master_plantgate', NULL, '2026-02-03 09:09:14', '2026-02-03 09:09:14'),
(24, 'Import Plant Gate', 'master.plantgate.import', 'master_plantgate', NULL, '2026-02-03 09:09:14', '2026-02-03 09:09:14'),
(25, 'Master Kendaraan', 'master.kendaraan.view', 'master', 'Master Kendaraan', '2026-02-04 05:21:06', '2026-02-04 05:21:06'),
(26, 'Create Kendaraan', 'master.kendaraan.create', 'master_kendaraan', NULL, '2026-02-03 09:09:14', '2026-02-03 09:09:14'),
(27, 'Edit Kendaraan', 'master.kendaraan.edit', 'master_kendaraan', NULL, '2026-02-03 09:09:14', '2026-02-03 09:09:14'),
(28, 'Delete Kendaraan', 'master.kendaraan.delete', 'master_kendaraan', NULL, '2026-02-03 09:09:14', '2026-02-03 09:09:14'),
(29, 'Import Kendaraan', 'master.kendaraan.import', 'master_kendaraan', NULL, '2026-02-03 09:09:14', '2026-02-03 09:09:14'),
(30, 'Master Bahan Baku', 'master.bahanbaku.view', 'master', 'Master Bahan Baku', '2026-02-04 05:21:06', '2026-02-04 05:21:06'),
(31, 'Create Bahan Baku', 'master.bahanbaku.create', 'master_bahanbaku', NULL, '2026-02-03 09:09:14', '2026-02-03 09:09:14'),
(32, 'Edit Bahan Baku', 'master.bahanbaku.edit', 'master_bahanbaku', NULL, '2026-02-03 09:09:14', '2026-02-03 09:09:14'),
(33, 'Delete Bahan Baku', 'master.bahanbaku.delete', 'master_bahanbaku', NULL, '2026-02-03 09:09:14', '2026-02-03 09:09:14'),
(34, 'Import Bahan Baku', 'master.bahanbaku.import', 'master_bahanbaku', NULL, '2026-02-03 09:09:14', '2026-02-03 09:09:14'),
(35, 'Master Part', 'submaster.part.view', 'master', 'Master Part', '2026-02-04 05:21:06', '2026-02-04 05:21:06'),
(36, 'Create Part', 'submaster.part.create', 'submaster_part', NULL, '2026-02-03 09:09:14', '2026-02-03 09:09:14'),
(37, 'Edit Part', 'submaster.part.edit', 'submaster_part', NULL, '2026-02-03 09:09:14', '2026-02-03 09:09:14'),
(38, 'Delete Part', 'submaster.part.delete', 'submaster_part', NULL, '2026-02-03 09:09:14', '2026-02-03 09:09:14'),
(39, 'Import Part', 'submaster.part.import', 'submaster_part', NULL, '2026-02-03 09:09:14', '2026-02-03 09:09:14'),
(40, 'Master Mold', 'master.mold.view', 'master', 'Master Mold', '2026-02-04 05:21:06', '2026-02-04 05:21:06'),
(41, 'Create Mold', 'master.mold.create', 'master_mold', NULL, '2026-02-03 09:09:14', '2026-02-03 09:09:14'),
(42, 'Edit Mold', 'master.mold.edit', 'master_mold', NULL, '2026-02-03 09:09:14', '2026-02-03 09:09:14'),
(43, 'Delete Mold', 'master.mold.delete', 'master_mold', NULL, '2026-02-03 09:09:14', '2026-02-03 09:09:14'),
(44, 'Import Mold', 'master.mold.import', 'master_mold', NULL, '2026-02-03 09:09:14', '2026-02-03 09:09:14'),
(45, 'Master Plant Gate Part', 'submaster.plantgatepart.view', 'master', 'Master Plant Gate Part', '2026-02-04 05:21:06', '2026-02-04 05:21:06'),
(46, 'Create Plant Gate Part', 'submaster.plantgatepart.create', 'submaster_plantgatepart', NULL, '2026-02-03 09:09:14', '2026-02-03 09:09:14'),
(47, 'Monitoring Supplier', 'controlsupplier.monitoring', 'controlsupplier', NULL, '2026-02-03 09:09:14', '2026-02-03 09:09:14'),
(48, 'Import Supplier Data', 'controlsupplier.import', 'controlsupplier', NULL, '2026-02-03 09:09:14', '2026-02-03 09:09:14'),
(49, 'Edit Supplier Data', 'controlsupplier.edit', 'controlsupplier', NULL, '2026-02-03 09:09:14', '2026-02-03 09:09:14'),
(50, 'View Receiving', 'bahanbaku.receiving.view', 'bahanbaku_receiving', NULL, '2026-02-03 09:09:14', '2026-02-03 09:09:14'),
(51, 'Create Receiving', 'bahanbaku.receiving.create', 'bahanbaku_receiving', NULL, '2026-02-03 09:09:14', '2026-02-03 09:09:14'),
(52, 'View Supply', 'bahanbaku.supply.view', 'bahanbaku_supply', NULL, '2026-02-03 09:09:14', '2026-02-03 09:09:14'),
(53, 'Create Supply', 'bahanbaku.supply.create', 'bahanbaku_supply', NULL, '2026-02-03 09:09:14', '2026-02-03 09:09:14'),
(54, 'Input Planning', 'planning.input', 'planning', NULL, '2026-02-03 09:09:14', '2026-02-03 09:09:14'),
(55, 'Matriks Planning', 'planning.matriks', 'planning_matriks', NULL, '2026-02-03 09:09:14', '2026-02-03 09:09:14'),
(56, 'Inject In', 'produksi.inject.in', 'produksi_inject_in', NULL, '2026-02-03 09:09:14', '2026-02-03 09:09:14'),
(57, 'Inject Out', 'produksi.inject.out', 'produksi_inject_out', NULL, '2026-02-03 09:09:14', '2026-02-03 09:09:14'),
(58, 'WIP In', 'produksi.wip.in', 'produksi_wip_in', NULL, '2026-02-03 09:09:14', '2026-02-03 09:09:14'),
(59, 'WIP Out', 'produksi.wip.out', 'produksi_wip_out', NULL, '2026-02-03 09:09:14', '2026-02-03 09:09:14'),
(60, 'Assy In', 'produksi.assy.in', 'produksi_assy_in', NULL, '2026-02-03 09:09:14', '2026-02-03 09:09:14'),
(61, 'Assy Out', 'produksi.assy.out', 'produksi_assy_out', NULL, '2026-02-03 09:09:14', '2026-02-03 09:09:14'),
(62, 'Finish Good In', 'finishgood.in', 'finishgood_in', NULL, '2026-02-03 09:09:14', '2026-02-03 09:09:14'),
(63, 'Finish Good Out', 'finishgood.out', 'finishgood_out', NULL, '2026-02-03 09:09:14', '2026-02-03 09:09:14'),
(64, 'SPK View', 'spk.view', 'spk', 'SPK View', '2026-02-04 05:21:07', '2026-02-04 05:21:07'),
(65, 'Create SPK', 'spk.create', 'spk', NULL, '2026-02-03 09:09:14', '2026-02-03 09:09:14'),
(66, 'Control Truck', 'shipping.controltruck', 'shipping_controltruck', NULL, '2026-02-03 09:09:14', '2026-02-03 09:09:14'),
(67, 'Dispatch', 'shipping.dispatch', 'shipping_dispatch', NULL, '2026-02-03 09:09:14', '2026-02-03 09:09:14'),
(68, 'Delivery', 'shipping.delivery', 'shipping_delivery', NULL, '2026-02-03 09:09:14', '2026-02-03 09:09:14'),
(69, 'Tracer View', 'tracer.view', 'tracer', 'Tracer View', '2026-02-04 05:21:07', '2026-02-04 05:21:07'),
(70, 'Dashboard Bahan Baku', 'dashboard.bahanbaku.view', 'dashboard', 'Dashboard Bahan Baku', '2026-02-04 05:21:06', '2026-02-04 05:21:06'),
(71, 'Dashboard Control Supplier', 'dashboard.controlsupplier.view', 'dashboard', 'Dashboard Control Supplier', '2026-02-04 05:21:06', '2026-02-04 05:21:06'),
(72, 'Dashboard Inject', 'dashboard.inject.view', 'dashboard', 'Dashboard Inject', '2026-02-04 05:21:06', '2026-02-04 05:21:06'),
(73, 'Dashboard Assy', 'dashboard.assy.view', 'dashboard', 'Dashboard Assy', '2026-02-04 05:21:06', '2026-02-04 05:21:06'),
(74, 'Dashboard WIP', 'dashboard.wip.view', 'dashboard', 'Dashboard WIP', '2026-02-04 05:21:06', '2026-02-04 05:21:06'),
(75, 'Dashboard Finish Good In', 'dashboard.finishgood.in.view', 'dashboard', 'Dashboard Finish Good In', '2026-02-04 05:21:06', '2026-02-04 05:21:06'),
(76, 'Dashboard Finish Good Out', 'dashboard.finishgood.out.view', 'dashboard', 'Dashboard Finish Good Out', '2026-02-04 05:21:06', '2026-02-04 05:21:06'),
(77, 'Dashboard Delivery', 'dashboard.delivery.view', 'dashboard', 'Dashboard Delivery', '2026-02-04 05:21:06', '2026-02-04 05:21:06'),
(78, 'Stock Finish Good', 'finishgood.stock.view', 'finishgood_out', NULL, '2026-02-03 09:15:13', '2026-02-03 09:15:13'),
(79, 'Status Shipping View', 'shipping.status.view', 'shipping', 'Status Shipping View', '2026-02-04 05:21:07', '2026-02-04 05:21:07'),
(80, 'Tracker Map View', 'shipping.tracker.view', 'shipping', 'Tracker Map View', '2026-02-04 05:21:07', '2026-02-04 05:21:07'),
(81, 'Control Truck View', 'shipping.controltruck.view', 'shipping', 'Control Truck View', '2026-02-04 05:21:06', '2026-02-04 05:21:06'),
(82, 'Control Truck Edit', 'shipping.controltruck.edit', 'shipping', 'Control Truck Edit', '2026-02-04 05:21:06', '2026-02-04 05:21:06'),
(83, 'Delivery View', 'shipping.delivery.view', 'shipping', 'Delivery View', '2026-02-04 05:21:06', '2026-02-04 05:21:06'),
(84, 'Dispatch View', 'shipping.dispatch.view', 'shipping', 'Dispatch View', '2026-02-04 05:21:07', '2026-02-04 05:21:07'),
(85, 'Dashboard View', 'dashboard.view', 'dashboard', 'Dashboard View', '2026-02-04 05:21:06', '2026-02-04 05:21:06'),
(86, 'Finish Good Out View', 'finishgood.out.view', 'finishgood', 'Finish Good Out View', '2026-02-04 05:21:07', '2026-02-04 05:21:07'),
(87, 'Delivery Create', 'shipping.delivery.create', 'shipping', 'Delivery Create', '2026-02-04 05:21:07', '2026-02-04 05:21:07'),
(88, 'Delivery Edit', 'shipping.delivery.edit', 'shipping', 'Delivery Edit', '2026-02-04 05:21:07', '2026-02-04 05:21:07'),
(89, 'Delivery Delete', 'shipping.delivery.delete', 'shipping', 'Delivery Delete', '2026-02-04 05:21:07', '2026-02-04 05:21:07'),
(90, 'Dispatch Assign', 'shipping.dispatch.assign', 'shipping', 'Dispatch Assign', '2026-02-04 05:21:07', '2026-02-04 05:21:07');

-- --------------------------------------------------------

--
-- Table structure for table `sessions`
--

CREATE TABLE `sessions` (
  `id` varchar(255) COLLATE utf8mb4_unicode_ci NOT NULL,
  `user_id` bigint UNSIGNED DEFAULT NULL,
  `ip_address` varchar(45) COLLATE utf8mb4_unicode_ci DEFAULT NULL,
  `user_agent` text COLLATE utf8mb4_unicode_ci,
  `payload` longtext COLLATE utf8mb4_unicode_ci NOT NULL,
  `last_activity` int NOT NULL
) ENGINE=InnoDB DEFAULT CHARSET=utf8mb4 COLLATE=utf8mb4_unicode_ci;

--
-- Dumping data for table `sessions`
--

INSERT INTO `sessions` (`id`, `user_id`, `ip_address`, `user_agent`, `payload`, `last_activity`) VALUES
('oIPAUg4IYHqkwx0S83Q0kRgqVwFNbHjLaR2wAIwz', NULL, '127.0.0.1', 'Mozilla/5.0 (Windows NT 10.0; Win64; x64) AppleWebKit/537.36 (KHTML, like Gecko) Chrome/144.0.0.0 Safari/537.36 Edg/144.0.0.0', 'YTo2OntzOjY6Il90b2tlbiI7czo0MDoic1JMVGd2R0pudTZNZ3lSY0lZOXp0VjhTWmg1eW5UQnc1dmtiWVlRSCI7czo2OiJfZmxhc2giO2E6Mjp7czozOiJuZXciO2E6MDp7fXM6Mzoib2xkIjthOjA6e319czo5OiJfcHJldmlvdXMiO2E6Mjp7czozOiJ1cmwiO3M6MzU6Imh0dHA6Ly90cmFjZS50ZXN0L21hc3Rlci9wZXJ1c2FoYWFuIjtzOjU6InJvdXRlIjtzOjIzOiJtYXN0ZXIucGVydXNhaGFhbi5pbmRleCI7fXM6NzoidXNlcl9pZCI7czoxMDoic3VwZXJhZG1pbiI7czoxMzoiaXNfc3VwZXJhZG1pbiI7YjoxO3M6MTE6InBlcm1pc3Npb25zIjthOjE6e2k6MDtzOjE6IioiO319', 1770251118),
('OwLjKLA5Az1jfyAlLmDBINNwL3N0BAriymWJmIxF', NULL, '127.0.0.1', 'Mozilla/5.0 (Windows NT 10.0; Win64; x64) AppleWebKit/537.36 (KHTML, like Gecko) Chrome/144.0.0.0 Safari/537.36 Edg/144.0.0.0', 'YTo3OntzOjY6Il9mbGFzaCI7YToyOntzOjM6Im5ldyI7YTowOnt9czozOiJvbGQiO2E6MDp7fX1zOjY6Il90b2tlbiI7czo0MDoiYWlBMWwxZnhta1k4ckozRVY0ZmlYcUowYW51N25EREhTYkNJbnlYUiI7czo5OiJfcHJldmlvdXMiO2E6Mjp7czozOiJ1cmwiO3M6MTg6Imh0dHBzOi8vdHJhY2UudGVzdCI7czo1OiJyb3V0ZSI7Tjt9czo3OiJ1c2VyX2lkIjtzOjEzOiJCdXJoYW5pc3wxMjM0IjtzOjEzOiJpc19zdXBlcmFkbWluIjtiOjA7czoxMToicGVybWlzc2lvbnMiO2E6OTA6e2k6MDtzOjI2OiJiYWhhbmJha3UucmVjZWl2aW5nLmNyZWF0ZSI7aToxO3M6MjQ6ImJhaGFuYmFrdS5yZWNlaXZpbmcudmlldyI7aToyO3M6MjM6ImJhaGFuYmFrdS5zdXBwbHkuY3JlYXRlIjtpOjM7czoyMToiYmFoYW5iYWt1LnN1cHBseS52aWV3IjtpOjQ7czoyMDoiY29udHJvbHN1cHBsaWVyLmVkaXQiO2k6NTtzOjIyOiJjb250cm9sc3VwcGxpZXIuaW1wb3J0IjtpOjY7czoyNjoiY29udHJvbHN1cHBsaWVyLm1vbml0b3JpbmciO2k6NztzOjE5OiJkYXNoYm9hcmQuYXNzeS52aWV3IjtpOjg7czoyNDoiZGFzaGJvYXJkLmJhaGFuYmFrdS52aWV3IjtpOjk7czozMDoiZGFzaGJvYXJkLmNvbnRyb2xzdXBwbGllci52aWV3IjtpOjEwO3M6MjM6ImRhc2hib2FyZC5kZWxpdmVyeS52aWV3IjtpOjExO3M6Mjg6ImRhc2hib2FyZC5maW5pc2hnb29kLmluLnZpZXciO2k6MTI7czoyOToiZGFzaGJvYXJkLmZpbmlzaGdvb2Qub3V0LnZpZXciO2k6MTM7czoyMToiZGFzaGJvYXJkLmluamVjdC52aWV3IjtpOjE0O3M6MTU6ImRhc2hib2FyZC5yaW5jaSI7aToxNTtzOjE0OiJkYXNoYm9hcmQudmlldyI7aToxNjtzOjE4OiJkYXNoYm9hcmQud2lwLnZpZXciO2k6MTc7czoxMzoiZmluaXNoZ29vZC5pbiI7aToxODtzOjE0OiJmaW5pc2hnb29kLm91dCI7aToxOTtzOjE5OiJmaW5pc2hnb29kLm91dC52aWV3IjtpOjIwO3M6MjE6ImZpbmlzaGdvb2Quc3RvY2sudmlldyI7aToyMTtzOjIzOiJtYXN0ZXIuYmFoYW5iYWt1LmNyZWF0ZSI7aToyMjtzOjIzOiJtYXN0ZXIuYmFoYW5iYWt1LmRlbGV0ZSI7aToyMztzOjIxOiJtYXN0ZXIuYmFoYW5iYWt1LmVkaXQiO2k6MjQ7czoyMzoibWFzdGVyLmJhaGFuYmFrdS5pbXBvcnQiO2k6MjU7czoyMToibWFzdGVyLmJhaGFuYmFrdS52aWV3IjtpOjI2O3M6MjM6Im1hc3Rlci5rZW5kYXJhYW4uY3JlYXRlIjtpOjI3O3M6MjM6Im1hc3Rlci5rZW5kYXJhYW4uZGVsZXRlIjtpOjI4O3M6MjE6Im1hc3Rlci5rZW5kYXJhYW4uZWRpdCI7aToyOTtzOjIzOiJtYXN0ZXIua2VuZGFyYWFuLmltcG9ydCI7aTozMDtzOjIxOiJtYXN0ZXIua2VuZGFyYWFuLnZpZXciO2k6MzE7czoyMjoibWFzdGVyLm1hbnBvd2VyLmNyZWF0ZSI7aTozMjtzOjIyOiJtYXN0ZXIubWFucG93ZXIuZGVsZXRlIjtpOjMzO3M6MjA6Im1hc3Rlci5tYW5wb3dlci5lZGl0IjtpOjM0O3M6MjI6Im1hc3Rlci5tYW5wb3dlci5leHBvcnQiO2k6MzU7czoyMjoibWFzdGVyLm1hbnBvd2VyLmltcG9ydCI7aTozNjtzOjIwOiJtYXN0ZXIubWFucG93ZXIudmlldyI7aTozNztzOjE5OiJtYXN0ZXIubWVzaW4uY3JlYXRlIjtpOjM4O3M6MTk6Im1hc3Rlci5tZXNpbi5kZWxldGUiO2k6Mzk7czoxNzoibWFzdGVyLm1lc2luLmVkaXQiO2k6NDA7czoxOToibWFzdGVyLm1lc2luLmV4cG9ydCI7aTo0MTtzOjE5OiJtYXN0ZXIubWVzaW4uaW1wb3J0IjtpOjQyO3M6MTc6Im1hc3Rlci5tZXNpbi52aWV3IjtpOjQzO3M6MTg6Im1hc3Rlci5tb2xkLmNyZWF0ZSI7aTo0NDtzOjE4OiJtYXN0ZXIubW9sZC5kZWxldGUiO2k6NDU7czoxNjoibWFzdGVyLm1vbGQuZWRpdCI7aTo0NjtzOjE4OiJtYXN0ZXIubW9sZC5pbXBvcnQiO2k6NDc7czoxNjoibWFzdGVyLm1vbGQudmlldyI7aTo0ODtzOjI0OiJtYXN0ZXIucGVydXNhaGFhbi5jcmVhdGUiO2k6NDk7czoyNDoibWFzdGVyLnBlcnVzYWhhYW4uZGVsZXRlIjtpOjUwO3M6MjI6Im1hc3Rlci5wZXJ1c2FoYWFuLmVkaXQiO2k6NTE7czoyNDoibWFzdGVyLnBlcnVzYWhhYW4uZXhwb3J0IjtpOjUyO3M6MjQ6Im1hc3Rlci5wZXJ1c2FoYWFuLmltcG9ydCI7aTo1MztzOjIyOiJtYXN0ZXIucGVydXNhaGFhbi52aWV3IjtpOjU0O3M6MjM6Im1hc3Rlci5wbGFudGdhdGUuY3JlYXRlIjtpOjU1O3M6MjM6Im1hc3Rlci5wbGFudGdhdGUuZGVsZXRlIjtpOjU2O3M6MjE6Im1hc3Rlci5wbGFudGdhdGUuZWRpdCI7aTo1NztzOjIzOiJtYXN0ZXIucGxhbnRnYXRlLmltcG9ydCI7aTo1ODtzOjIxOiJtYXN0ZXIucGxhbnRnYXRlLnZpZXciO2k6NTk7czoxNDoicGxhbm5pbmcuaW5wdXQiO2k6NjA7czoxNjoicGxhbm5pbmcubWF0cmlrcyI7aTo2MTtzOjE2OiJwcm9kdWtzaS5hc3N5LmluIjtpOjYyO3M6MTc6InByb2R1a3NpLmFzc3kub3V0IjtpOjYzO3M6MTg6InByb2R1a3NpLmluamVjdC5pbiI7aTo2NDtzOjE5OiJwcm9kdWtzaS5pbmplY3Qub3V0IjtpOjY1O3M6MTU6InByb2R1a3NpLndpcC5pbiI7aTo2NjtzOjE2OiJwcm9kdWtzaS53aXAub3V0IjtpOjY3O3M6MjE6InNoaXBwaW5nLmNvbnRyb2x0cnVjayI7aTo2ODtzOjI2OiJzaGlwcGluZy5jb250cm9sdHJ1Y2suZWRpdCI7aTo2OTtzOjI2OiJzaGlwcGluZy5jb250cm9sdHJ1Y2sudmlldyI7aTo3MDtzOjE3OiJzaGlwcGluZy5kZWxpdmVyeSI7aTo3MTtzOjI0OiJzaGlwcGluZy5kZWxpdmVyeS5jcmVhdGUiO2k6NzI7czoyNDoic2hpcHBpbmcuZGVsaXZlcnkuZGVsZXRlIjtpOjczO3M6MjI6InNoaXBwaW5nLmRlbGl2ZXJ5LmVkaXQiO2k6NzQ7czoyMjoic2hpcHBpbmcuZGVsaXZlcnkudmlldyI7aTo3NTtzOjE3OiJzaGlwcGluZy5kaXNwYXRjaCI7aTo3NjtzOjI0OiJzaGlwcGluZy5kaXNwYXRjaC5hc3NpZ24iO2k6Nzc7czoyMjoic2hpcHBpbmcuZGlzcGF0Y2gudmlldyI7aTo3ODtzOjIwOiJzaGlwcGluZy5zdGF0dXMudmlldyI7aTo3OTtzOjIxOiJzaGlwcGluZy50cmFja2VyLnZpZXciO2k6ODA7czoxMDoic3BrLmNyZWF0ZSI7aTo4MTtzOjg6InNway52aWV3IjtpOjgyO3M6MjE6InN1Ym1hc3Rlci5wYXJ0LmNyZWF0ZSI7aTo4MztzOjIxOiJzdWJtYXN0ZXIucGFydC5kZWxldGUiO2k6ODQ7czoxOToic3VibWFzdGVyLnBhcnQuZWRpdCI7aTo4NTtzOjIxOiJzdWJtYXN0ZXIucGFydC5pbXBvcnQiO2k6ODY7czoxOToic3VibWFzdGVyLnBhcnQudmlldyI7aTo4NztzOjMwOiJzdWJtYXN0ZXIucGxhbnRnYXRlcGFydC5jcmVhdGUiO2k6ODg7czoyODoic3VibWFzdGVyLnBsYW50Z2F0ZXBhcnQudmlldyI7aTo4OTtzOjExOiJ0cmFjZXIudmlldyI7fXM6NzoibXBfbmFtYSI7czo4OiJCdXJoYW5pcyI7fQ==', 1770194089);

-- --------------------------------------------------------

--
-- Table structure for table `sm_part`
--

CREATE TABLE `sm_part` (
  `id` bigint UNSIGNED NOT NULL,
  `nomor_part` varchar(255) COLLATE utf8mb4_unicode_ci NOT NULL,
  `nama_part` varchar(255) COLLATE utf8mb4_unicode_ci DEFAULT NULL,
  `customer_id` bigint UNSIGNED DEFAULT NULL,
  `tipe_id` varchar(255) COLLATE utf8mb4_unicode_ci DEFAULT NULL,
  `model_part` varchar(255) COLLATE utf8mb4_unicode_ci DEFAULT NULL,
  `proses` varchar(255) COLLATE utf8mb4_unicode_ci DEFAULT NULL,
  `parent_part_id` bigint UNSIGNED DEFAULT NULL,
  `relation_type` varchar(255) COLLATE utf8mb4_unicode_ci DEFAULT NULL,
  `CT_Inject` decimal(8,2) DEFAULT NULL,
  `CT_Assy` decimal(8,2) DEFAULT NULL,
  `Warna_Label_Packing` varchar(255) COLLATE utf8mb4_unicode_ci DEFAULT NULL,
  `QTY_Packing_Box` int DEFAULT NULL,
  `R_Karton_Box_id` int DEFAULT NULL,
  `N_Cav1` decimal(12,4) DEFAULT NULL,
  `Runner` decimal(12,4) DEFAULT NULL,
  `Avg_Brutto` decimal(12,4) DEFAULT NULL,
  `status` tinyint(1) NOT NULL DEFAULT '1',
  `keterangan` text COLLATE utf8mb4_unicode_ci,
  `created_at` timestamp NULL DEFAULT NULL,
  `updated_at` timestamp NULL DEFAULT NULL,
  `deleted_at` timestamp NULL DEFAULT NULL
) ENGINE=InnoDB DEFAULT CHARSET=utf8mb4 COLLATE=utf8mb4_unicode_ci;

--
-- Dumping data for table `sm_part`
--

INSERT INTO `sm_part` (`id`, `nomor_part`, `nama_part`, `customer_id`, `tipe_id`, `model_part`, `proses`, `parent_part_id`, `relation_type`, `CT_Inject`, `CT_Assy`, `Warna_Label_Packing`, `QTY_Packing_Box`, `R_Karton_Box_id`, `N_Cav1`, `Runner`, `Avg_Brutto`, `status`, `keterangan`, `created_at`, `updated_at`, `deleted_at`) VALUES
(1, '1141A-K1Z -N200-DL', 'COVER ASSY,ENG TOP', 4, NULL, 'Reguler', 'Inject', NULL, NULL, NULL, NULL, NULL, 50, NULL, NULL, NULL, NULL, 1, NULL, '2026-02-03 05:12:24', '2026-02-03 06:06:23', NULL),
(2, '19120-K2S -N000', 'BASE ASSY,RADIATOR', 4, NULL, 'Reguler', 'Inject', NULL, NULL, NULL, NULL, NULL, 25, NULL, NULL, NULL, NULL, 1, NULL, '2026-02-03 05:12:24', '2026-02-03 05:17:55', NULL),
(3, '19150-K2S -N000', 'COVER COMP,RADIATOR', 4, NULL, 'Reguler', 'Inject', NULL, NULL, NULL, NULL, NULL, 25, NULL, NULL, NULL, NULL, 1, NULL, '2026-02-03 05:12:24', '2026-02-03 05:12:24', NULL),
(4, '5320AK1A N101INB0', 'COVER,HANDLE RR SET MBNH-1', 4, NULL, 'Reguler', 'Inject', NULL, NULL, NULL, NULL, NULL, 50, NULL, NULL, NULL, NULL, 1, NULL, '2026-02-03 05:12:24', '2026-02-03 05:12:24', NULL),
(5, '6430A-K1A -N800-DL', 'COVER,FR TOP ASSY', 4, NULL, 'Reguler', 'Inject', NULL, NULL, NULL, NULL, NULL, 100, NULL, NULL, NULL, NULL, 1, NULL, '2026-02-03 05:12:24', '2026-02-03 05:12:24', NULL),
(6, '6433A-K1A -N800-DL', 'BOX ASSY,BATTERY', 4, NULL, 'Reguler', 'Inject', NULL, NULL, NULL, NULL, NULL, 20, NULL, NULL, NULL, NULL, 1, NULL, '2026-02-03 05:12:24', '2026-02-03 05:12:24', NULL),
(7, '81145-K1A -N800', 'LID ASSY,INNER POCKET', 4, NULL, 'Reguler', 'Inject', NULL, NULL, NULL, NULL, NULL, 10, NULL, NULL, NULL, NULL, 1, NULL, '2026-02-03 05:12:24', '2026-02-03 05:12:24', NULL),
(8, '8114A-K1A -N800-DL', 'COVER,INNER LOWER SET', 4, NULL, 'Reguler', 'Inject', NULL, NULL, NULL, NULL, NULL, 10, NULL, NULL, NULL, NULL, 1, NULL, '2026-02-03 05:12:24', '2026-02-03 05:12:24', NULL),
(9, '81255-K1A -N800', 'COVER,LUGGAGE BOX', 4, NULL, 'Reguler', 'Inject', NULL, NULL, NULL, NULL, NULL, 50, NULL, NULL, NULL, NULL, 1, NULL, '2026-02-03 05:12:24', '2026-02-03 05:12:24', NULL),
(10, '83650-K1A -N801-00-1V', 'SET ILLUS,RR CENTER COVER TYPE 1', 4, NULL, 'Reguler', 'Inject', NULL, NULL, NULL, NULL, NULL, 100, NULL, NULL, NULL, NULL, 1, NULL, '2026-02-03 05:12:24', '2026-02-03 05:12:24', NULL),
(11, '1757A-K1A -N800-DL-02', 'COVER ASSY,FUEL TANK TYPE 2', 4, NULL, 'Reguler', 'Inject', NULL, NULL, NULL, NULL, NULL, 50, NULL, NULL, NULL, NULL, 1, NULL, '2026-02-03 05:12:24', '2026-02-03 05:12:24', NULL),
(12, '8132A-K0W -H001-DL', 'BOX,BATTERY ASSY', 4, NULL, 'Reguler', 'Inject', NULL, NULL, NULL, NULL, NULL, 25, NULL, NULL, NULL, NULL, 1, NULL, '2026-02-03 05:12:24', '2026-02-03 05:12:24', NULL),
(13, '19150-K1Z -NA01', 'COVER COMP,RADIATOR', 4, NULL, 'Reguler', 'Inject', NULL, NULL, NULL, NULL, NULL, 25, NULL, NULL, NULL, NULL, 1, NULL, '2026-02-03 05:12:24', '2026-02-03 05:12:24', NULL),
(14, '19150-K1N -V002', 'COVER COMP,RADIATOR', 4, NULL, 'Reguler', 'Inject', NULL, NULL, NULL, NULL, NULL, 25, NULL, NULL, NULL, NULL, 1, NULL, '2026-02-03 05:12:24', '2026-02-03 05:12:24', NULL),
(15, '64303-K3V -N000', 'GARNISH,FR', 4, NULL, 'Reguler', 'Inject', NULL, NULL, NULL, NULL, NULL, 25, NULL, NULL, NULL, NULL, 1, NULL, '2026-02-03 05:12:24', '2026-02-03 05:12:24', NULL),
(16, '6432A-K2S -N000-DL', 'GARNISH,R FR', 4, NULL, 'Reguler', 'Inject', NULL, NULL, NULL, NULL, NULL, 50, NULL, NULL, NULL, NULL, 1, NULL, '2026-02-03 05:12:24', '2026-02-03 05:12:24', NULL),
(17, '6442A-K2S -N000-DL', 'GARNISH,L FR', 4, NULL, 'Reguler', 'Inject', NULL, NULL, NULL, NULL, NULL, 50, NULL, NULL, NULL, NULL, 1, NULL, '2026-02-03 05:12:24', '2026-02-03 05:12:24', NULL),
(18, '81136-K2S -N001', 'BOX INNER, UPPER', 4, NULL, 'Reguler', 'Inject', NULL, NULL, NULL, NULL, NULL, 50, NULL, NULL, NULL, NULL, 1, NULL, '2026-02-03 05:12:24', '2026-02-03 05:12:24', NULL),
(19, '8113A-K2F -ND00-DL', 'POCKET, R INNER ASSY', 4, NULL, 'Reguler', 'Inject', NULL, NULL, NULL, NULL, NULL, 20, NULL, NULL, NULL, NULL, 1, NULL, '2026-02-03 05:12:24', '2026-02-03 05:12:24', NULL),
(20, '8113B-K2F -NC00-DL', 'POCKET, L INNER ASSY', 4, NULL, 'Reguler', 'Inject', NULL, NULL, NULL, NULL, NULL, 20, NULL, NULL, NULL, NULL, 1, NULL, '2026-02-03 05:12:24', '2026-02-03 05:12:24', NULL),
(21, '81145-K0J -N602', 'LID ASSY,INNER POCKET', 4, NULL, 'Reguler', 'Inject', NULL, NULL, NULL, NULL, NULL, 10, NULL, NULL, NULL, NULL, 1, NULL, '2026-02-03 05:12:24', '2026-02-03 05:12:24', NULL),
(22, '8114B-K0J -N600-DL', 'COVER INNER ASSY', 4, NULL, 'Reguler', 'Inject', NULL, NULL, NULL, NULL, NULL, 10, NULL, NULL, NULL, NULL, 1, NULL, '2026-02-03 05:12:24', '2026-02-03 05:12:24', NULL),
(23, '1757A-K2F -NC00-DL', 'COVER ASSY,FUEL TANK', 4, NULL, 'Reguler', 'Inject', NULL, NULL, NULL, NULL, NULL, 50, NULL, NULL, NULL, NULL, 1, NULL, '2026-02-03 05:12:24', '2026-02-03 05:12:24', NULL),
(24, '1757BK2S N000DL02', 'COVER, FUEL TANK ASSY SET TYPE 2', 4, NULL, 'Reguler', 'Inject', NULL, NULL, NULL, NULL, NULL, 50, NULL, NULL, NULL, NULL, 1, NULL, '2026-02-03 05:12:24', '2026-02-03 05:12:24', NULL),
(25, '6432A-K2F -NC00-DL', 'BOX BATTERY ASSY', 4, NULL, 'Reguler', 'Inject', NULL, NULL, NULL, NULL, NULL, 25, NULL, NULL, NULL, NULL, 1, NULL, '2026-02-03 05:12:24', '2026-02-03 05:12:24', NULL),
(26, '6433A-K0J -N004-IN', 'BOX ASSY,BATTERY', 4, NULL, 'Reguler', 'Inject', NULL, NULL, NULL, NULL, NULL, 20, NULL, NULL, NULL, NULL, 1, NULL, '2026-02-03 05:12:24', '2026-02-03 05:12:24', NULL),
(27, '64340-K2F -NC00', 'COVER,UNDER', 4, NULL, 'Reguler', 'Inject', NULL, NULL, NULL, NULL, NULL, 10, NULL, NULL, NULL, NULL, 1, NULL, '2026-02-03 05:12:24', '2026-02-03 05:12:24', NULL),
(28, '81145-K59 -A700', 'LID,SMART EMERGENCY', 4, NULL, 'Reguler', 'Inject', NULL, NULL, NULL, NULL, NULL, 100, NULL, NULL, NULL, NULL, 1, NULL, '2026-02-03 05:12:24', '2026-02-03 05:12:24', NULL),
(29, '64320-K2V -N301', 'GARNISH,R FR', 4, NULL, 'Reguler', 'Inject', NULL, NULL, NULL, NULL, NULL, 100, NULL, NULL, NULL, NULL, 1, NULL, '2026-02-03 05:12:24', '2026-02-03 05:12:24', NULL),
(30, '64420-K2V -N301', 'GARNISH,L FR', 4, NULL, 'Reguler', 'Inject', NULL, NULL, NULL, NULL, NULL, 100, NULL, NULL, NULL, NULL, 1, NULL, '2026-02-03 05:12:24', '2026-02-03 05:12:24', NULL),
(31, '8114B-K2V -N302-DL', 'COVER INNER LOWER ASSY', 4, NULL, 'Reguler', 'Inject', NULL, NULL, NULL, NULL, NULL, 20, NULL, NULL, NULL, NULL, 1, NULL, '2026-02-03 05:12:24', '2026-02-03 05:12:24', NULL),
(32, '17575-K59 -A700', 'COVER, FUEL TANK', 4, NULL, 'Reguler', 'Inject', NULL, NULL, NULL, NULL, NULL, 50, NULL, NULL, NULL, NULL, 1, NULL, '2026-02-03 05:12:24', '2026-02-03 05:12:24', NULL),
(33, '5320C-K2V -N300-DL', 'COVER HANDLE RR ASSY', 4, NULL, 'Reguler', 'Inject', NULL, NULL, NULL, NULL, NULL, 25, NULL, NULL, NULL, NULL, 1, NULL, '2026-02-03 05:12:24', '2026-02-03 05:12:24', NULL),
(34, '17575-K1A -N800', 'COVER,FUEL TANK', 4, NULL, 'Reguler', 'Inject', NULL, NULL, NULL, NULL, NULL, 50, NULL, NULL, NULL, NULL, 1, NULL, '2026-02-03 05:12:24', '2026-02-03 05:12:24', NULL),
(35, '1757A-K2S -M100-DL', 'COVER, FUEL TANK ASSY', 4, NULL, 'Reguler', 'Inject', NULL, NULL, NULL, NULL, NULL, 50, NULL, NULL, NULL, NULL, 1, NULL, '2026-02-03 05:12:24', '2026-02-03 05:12:24', NULL),
(36, '64302-K1A -C300', 'COVER,FR TOP', 4, NULL, 'Reguler', 'Inject', NULL, NULL, NULL, NULL, NULL, 100, NULL, NULL, NULL, NULL, 1, NULL, '2026-02-03 05:12:24', '2026-02-03 05:12:24', NULL),
(37, '64320-K1A -N800', 'BOX COMP,BATTERY', 4, NULL, 'Reguler', 'Inject', NULL, NULL, NULL, NULL, NULL, 20, NULL, NULL, NULL, NULL, 1, NULL, '2026-02-03 05:12:24', '2026-02-03 05:12:24', NULL),
(38, '64331-K3N -N001', 'COVER,UNDER', 4, NULL, 'Reguler', 'Inject', NULL, NULL, NULL, NULL, NULL, 10, NULL, NULL, NULL, NULL, 1, NULL, '2026-02-03 05:12:24', '2026-02-03 05:12:24', NULL),
(39, '80102-K3N -N000', 'COVER,RR CENTER LOWER', 4, NULL, 'Reguler', 'Inject', NULL, NULL, NULL, NULL, NULL, 10, NULL, NULL, NULL, NULL, 1, NULL, '2026-02-03 05:12:24', '2026-02-03 05:12:24', NULL),
(40, '1757A-K2V -N300-DL', 'COVER, FUEL TANK ASSY TYPE 2', 4, NULL, 'Reguler', 'Inject', NULL, NULL, NULL, NULL, NULL, 50, NULL, NULL, NULL, NULL, 1, NULL, '2026-02-03 05:12:24', '2026-02-03 05:12:24', NULL),
(41, '50340-K64 -NA00', 'BOX D', 4, NULL, 'Reguler', 'Inject', NULL, NULL, NULL, NULL, NULL, 20, NULL, NULL, NULL, NULL, 1, NULL, '2026-02-03 05:12:24', '2026-02-03 05:12:24', NULL),
(42, '6426C-K64 -NP00-DL', 'PANEL METER ASSY', 4, NULL, 'Reguler', 'Inject', NULL, NULL, NULL, NULL, NULL, 20, NULL, NULL, NULL, NULL, 1, NULL, '2026-02-03 05:12:24', '2026-02-03 05:12:24', NULL),
(43, '1752A-K1Z -N000-IN', 'TRAY,FUEL ASSY', 4, NULL, 'Reguler', 'Inject', NULL, NULL, NULL, NULL, NULL, 50, NULL, NULL, NULL, NULL, 1, NULL, '2026-02-03 05:12:24', '2026-02-03 05:12:24', NULL),
(44, '64315-K1Y -DC01', 'MAT R,FR FLOOR', 4, NULL, 'Reguler', 'Inject', NULL, NULL, NULL, NULL, NULL, 50, NULL, NULL, NULL, NULL, 1, NULL, '2026-02-03 05:12:24', '2026-02-03 05:12:24', NULL),
(45, '64316-K1Y -DC01', 'MAT L,FR FLOOR', 4, NULL, 'Reguler', 'Inject', NULL, NULL, NULL, NULL, NULL, 50, NULL, NULL, NULL, NULL, 1, NULL, '2026-02-03 05:12:24', '2026-02-03 05:12:24', NULL),
(46, '64325-K1Y -DC01', 'MAT R,RR FLOOR', 4, NULL, 'Reguler', 'Inject', NULL, NULL, NULL, NULL, NULL, 25, NULL, NULL, NULL, NULL, 1, NULL, '2026-02-03 05:12:24', '2026-02-03 05:12:24', NULL),
(47, '64326-K1Y -DC01', 'MAT L,RR FLOOR', 4, NULL, 'Reguler', 'Inject', NULL, NULL, NULL, NULL, NULL, 25, NULL, NULL, NULL, NULL, 1, NULL, '2026-02-03 05:12:24', '2026-02-03 05:12:24', NULL),
(48, '6433A-K1Z -NA01-DL', 'PANEL,FR METER ASSY', 4, NULL, 'Reguler', 'Inject', NULL, NULL, NULL, NULL, NULL, 25, NULL, NULL, NULL, NULL, 1, NULL, '2026-02-03 05:12:24', '2026-02-03 05:12:24', NULL),
(49, '8011AK1Z NA00DL1V', 'COVER,RR CENTER, ASSY TYPE 1', 4, NULL, 'Reguler', 'Inject', NULL, NULL, NULL, NULL, NULL, 20, NULL, NULL, NULL, NULL, 1, NULL, '2026-02-03 05:12:24', '2026-02-03 05:12:24', NULL),
(50, '8132A-K1Z -NA00-DL', 'BOX,BATTERY ASSY', 4, NULL, 'Reguler', 'Inject', NULL, NULL, NULL, NULL, NULL, 25, NULL, NULL, NULL, NULL, 1, NULL, '2026-02-03 05:12:24', '2026-02-03 05:12:24', NULL),
(51, '64521-K1Y -DC00', 'COVER,FR LOWER', 4, NULL, 'Reguler', 'Inject', NULL, NULL, NULL, NULL, NULL, 10, NULL, NULL, NULL, NULL, 1, NULL, '2026-02-03 05:12:24', '2026-02-03 05:12:24', NULL),
(52, '1757A-K1A -M300-DL', 'COVER ASSY FUEL TANK', 4, NULL, 'Reguler', 'Inject', NULL, NULL, NULL, NULL, NULL, 50, NULL, NULL, NULL, NULL, 1, NULL, '2026-02-03 05:12:24', '2026-02-03 05:12:24', NULL),
(53, '64224-K64 -NP00', 'PANEL,METER', 4, NULL, 'Reguler', 'Inject', NULL, NULL, NULL, NULL, NULL, 20, NULL, NULL, NULL, NULL, 1, NULL, '2026-02-03 05:12:24', '2026-02-03 05:12:24', NULL),
(54, '64225-K64 -NP00', 'COVER,METER', 4, NULL, 'Reguler', 'Inject', NULL, NULL, NULL, NULL, NULL, 20, NULL, NULL, NULL, NULL, 1, NULL, '2026-02-03 05:12:24', '2026-02-03 05:12:24', NULL),
(55, '81141-K1A -N800', 'COVER,INNER LOWER', 4, NULL, 'Reguler', 'Inject', NULL, NULL, NULL, NULL, NULL, 10, NULL, NULL, NULL, NULL, 1, NULL, '2026-02-03 05:12:24', '2026-02-03 05:12:24', NULL),
(56, '8113A-K2F -NC00-DL', 'POCKET, R INNER ASSY', 4, NULL, 'Reguler', 'Inject', NULL, NULL, NULL, NULL, NULL, 20, NULL, NULL, NULL, NULL, 1, NULL, '2026-02-03 05:12:24', '2026-02-03 05:12:24', NULL),
(57, '53206-GJR -N001', 'COVER,HANDLE RR', 4, NULL, 'Reguler', 'Inject', NULL, NULL, NULL, NULL, NULL, 10, NULL, NULL, NULL, NULL, 1, NULL, '2026-02-03 05:12:24', '2026-02-03 05:12:24', NULL),
(58, '64220-K03 -N300', 'BRKT,FR TOP COVER', 4, NULL, 'Reguler', 'Inject', NULL, NULL, NULL, NULL, NULL, 50, NULL, NULL, NULL, NULL, 1, NULL, '2026-02-03 05:12:24', '2026-02-03 05:12:24', NULL),
(59, '6431A-GJR -N001-DL', 'CASE,BATTERY ASSY', 4, NULL, 'Reguler', 'Inject', NULL, NULL, NULL, NULL, NULL, 10, NULL, NULL, NULL, NULL, 1, NULL, '2026-02-03 05:12:24', '2026-02-03 05:12:24', NULL),
(60, '64370-GJR -N001', 'COVER,R FR SIDE', 4, NULL, 'Reguler', 'Inject', NULL, NULL, NULL, NULL, NULL, 20, NULL, NULL, NULL, NULL, 1, NULL, '2026-02-03 05:12:24', '2026-02-03 05:12:24', NULL),
(61, '64380-GJR -N001', 'COVER,L FR SIDE', 4, NULL, 'Reguler', 'Inject', NULL, NULL, NULL, NULL, NULL, 20, NULL, NULL, NULL, NULL, 1, NULL, '2026-02-03 05:12:24', '2026-02-03 05:12:24', NULL),
(62, '81131-GJR -N001', 'COVER,INNER', 4, NULL, 'Reguler', 'Inject', NULL, NULL, NULL, NULL, NULL, 10, NULL, NULL, NULL, NULL, 1, NULL, '2026-02-03 05:12:24', '2026-02-03 05:12:24', NULL),
(63, '83750-GJR -N001', 'COVER,RR CENTER LOWER', 4, NULL, 'Reguler', 'Inject', NULL, NULL, NULL, NULL, NULL, 10, NULL, NULL, NULL, NULL, 1, NULL, '2026-02-03 05:12:24', '2026-02-03 05:12:24', NULL),
(64, '64350-K41 -N000', 'COVER CENTER', 4, NULL, 'Reguler', 'Inject', NULL, NULL, NULL, NULL, NULL, 25, NULL, NULL, NULL, NULL, 1, NULL, '2026-02-03 05:12:24', '2026-02-03 05:12:24', NULL),
(65, '76111-80K00', 'TRIM,FRONT PILLER,R', 29, NULL, 'Reguler', 'Inject', NULL, NULL, NULL, NULL, NULL, 24, NULL, NULL, NULL, NULL, 1, NULL, '2026-02-03 05:12:24', '2026-02-03 05:12:24', NULL),
(66, '76161-80K00', 'TRIM,FRONT PILLER,L', 29, NULL, 'Reguler', 'Inject', NULL, NULL, NULL, NULL, NULL, 24, NULL, NULL, NULL, NULL, 1, NULL, '2026-02-03 05:12:24', '2026-02-03 05:12:24', NULL),
(67, '76110-60K00', 'TRIM ASSY,FRONT PILLAR,R', 29, NULL, 'Reguler', 'Inject', NULL, NULL, NULL, NULL, NULL, 24, NULL, NULL, NULL, NULL, 1, NULL, '2026-02-03 05:12:24', '2026-02-03 05:12:24', NULL),
(68, '76160-60K00', 'TRIM ASSY,FRONT PILLAR,L', 29, NULL, 'Reguler', 'Inject', NULL, NULL, NULL, NULL, NULL, 24, NULL, NULL, NULL, NULL, 1, NULL, '2026-02-03 05:12:24', '2026-02-03 05:12:24', NULL),
(69, '76221-60K10', 'TRIM,REAR PILLAR UPPER,R', 29, NULL, 'Reguler', 'Inject', NULL, NULL, NULL, NULL, NULL, 24, NULL, NULL, NULL, NULL, 1, NULL, '2026-02-03 05:12:24', '2026-02-03 05:12:24', NULL),
(70, '76271-60K10', 'TRIM,REAR PILLAR UPPER,L', 29, NULL, 'Reguler', 'Inject', NULL, NULL, NULL, NULL, NULL, 24, NULL, NULL, NULL, NULL, 1, NULL, '2026-02-03 05:12:24', '2026-02-03 05:12:24', NULL),
(71, '76220-60K10', 'TRIM ASSY,REAR PILLAR UPPER,R', 29, NULL, 'Reguler', 'Inject', NULL, NULL, NULL, NULL, NULL, 24, NULL, NULL, NULL, NULL, 1, NULL, '2026-02-03 05:12:24', '2026-02-03 05:12:24', NULL),
(72, '76270-60K10', 'TRIM ASSY,REAR PILLAR UPPER,L', 29, NULL, 'Reguler', 'Inject', NULL, NULL, NULL, NULL, NULL, 24, NULL, NULL, NULL, NULL, 1, NULL, '2026-02-03 05:12:24', '2026-02-03 05:12:24', NULL),
(73, '76230-60K00-6GS', 'TRIM COMP BACK PILLAR UPR RH', 29, NULL, 'Reguler', 'Inject', NULL, NULL, NULL, NULL, NULL, 24, NULL, NULL, NULL, NULL, 1, NULL, '2026-02-03 05:12:24', '2026-02-03 05:12:24', NULL),
(74, '76280-60K00-6GS', 'TRIM COMP BACK PILLAR UPR LH', 29, NULL, 'Reguler', 'Inject', NULL, NULL, NULL, NULL, NULL, 24, NULL, NULL, NULL, NULL, 1, NULL, '2026-02-03 05:12:24', '2026-02-03 05:12:24', NULL),
(75, '76230-60K10-6GS', 'TRIM COMP BACK PILLAR UPR RH', 29, NULL, 'Reguler', 'Inject', NULL, NULL, NULL, NULL, NULL, 24, NULL, NULL, NULL, NULL, 1, NULL, '2026-02-03 05:12:24', '2026-02-03 05:12:24', NULL),
(76, '76280-60K10-6GS', 'TRIM COMP BACK PILLAR UPR LH', 29, NULL, 'Reguler', 'Inject', NULL, NULL, NULL, NULL, NULL, 24, NULL, NULL, NULL, NULL, 1, NULL, '2026-02-03 05:12:24', '2026-02-03 05:12:24', NULL),
(77, 'A-DHD36-PK003.1', 'PLATE RR DOOR SCUFF RH DG F/T', 29, NULL, 'Reguler', 'Inject', NULL, NULL, NULL, NULL, NULL, 24, NULL, NULL, NULL, NULL, 1, NULL, '2026-02-03 05:12:24', '2026-02-03 05:12:24', NULL),
(78, 'A-DHD36-PK004.1', 'PLATE RR DOOR SCUFF LH DG F/T', 29, NULL, 'Reguler', 'Inject', NULL, NULL, NULL, NULL, NULL, 24, NULL, NULL, NULL, NULL, 1, NULL, '2026-02-03 05:12:24', '2026-02-03 05:12:24', NULL),
(79, 'A-DHD36-PK005.1', 'PLATE RR DOOR SCUFF RH DG S/T', 29, NULL, 'Reguler', 'Inject', NULL, NULL, NULL, NULL, NULL, 24, NULL, NULL, NULL, NULL, 1, NULL, '2026-02-03 05:12:24', '2026-02-03 05:12:24', NULL),
(80, 'A-DHD36-PK006.1', 'PLATE RR DOOR SCUFF LH DG S/T', 29, NULL, 'Reguler', 'Inject', NULL, NULL, NULL, NULL, NULL, 24, NULL, NULL, NULL, NULL, 1, NULL, '2026-02-03 05:12:24', '2026-02-03 05:12:24', NULL),
(81, 'A-DHD66-PK003.0', 'PLATE RR DOOR SCUFF RH F/T RT45', 29, NULL, 'Reguler', 'Inject', NULL, NULL, NULL, NULL, NULL, 24, NULL, NULL, NULL, NULL, 1, NULL, '2026-02-03 05:12:24', '2026-02-03 05:12:24', NULL),
(82, 'A-DHD66-PK004.0', 'PLATE RR DOOR SCUFF LH F/T RT45', 29, NULL, 'Reguler', 'Inject', NULL, NULL, NULL, NULL, NULL, 24, NULL, NULL, NULL, NULL, 1, NULL, '2026-02-03 05:12:24', '2026-02-03 05:12:24', NULL),
(83, 'A-DHD66-PK006.0', 'PLATE RR DOOR SCUFF RH DG RT45 S/T', 29, NULL, 'Reguler', 'Inject', NULL, NULL, NULL, NULL, NULL, 24, NULL, NULL, NULL, NULL, 1, NULL, '2026-02-03 05:12:24', '2026-02-03 05:12:24', NULL),
(84, 'A-DHD66-PK007.0', 'PLATE RR DOOR SCUFF LH DG RT45 S/T', 29, NULL, 'Reguler', 'Inject', NULL, NULL, NULL, NULL, NULL, 24, NULL, NULL, NULL, NULL, 1, NULL, '2026-02-03 05:12:24', '2026-02-03 05:12:24', NULL),
(85, '62415-0K010', 'BOARD, CTR PILLAR GARNISH, RH', 29, NULL, 'Reguler', 'Inject', NULL, NULL, NULL, NULL, NULL, 12, NULL, NULL, NULL, NULL, 1, NULL, '2026-02-03 05:12:24', '2026-02-03 05:12:24', NULL),
(86, '62416-0K010', 'BOARD, CTR PILLAR GARNISH, LH', 29, NULL, 'Reguler', 'Inject', NULL, NULL, NULL, NULL, NULL, 12, NULL, NULL, NULL, NULL, 1, NULL, '2026-02-03 05:12:24', '2026-02-03 05:12:24', NULL),
(87, '62411-0K090', 'GARNISH, CTR PILLAR, RH', 29, NULL, 'Reguler', 'Inject', NULL, NULL, NULL, NULL, NULL, 12, NULL, NULL, NULL, NULL, 1, NULL, '2026-02-03 05:12:24', '2026-02-03 05:12:24', NULL),
(88, '62412-0K090', 'GARNISH, CTR PILLAR, LH', 29, NULL, 'Reguler', 'Inject', NULL, NULL, NULL, NULL, NULL, 12, NULL, NULL, NULL, NULL, 1, NULL, '2026-02-03 05:12:24', '2026-02-03 05:12:24', NULL),
(89, '67937-0K010', 'GARNISH, BACK DOOR SIDE, RH', 29, NULL, 'Reguler', 'Inject', NULL, NULL, NULL, NULL, NULL, 12, NULL, NULL, NULL, NULL, 1, NULL, '2026-02-03 05:12:24', '2026-02-03 05:12:24', NULL),
(90, '67938-0K010', 'GARNISH, BACK DOOR SIDE, LH', 29, NULL, 'Reguler', 'Inject', NULL, NULL, NULL, NULL, NULL, 12, NULL, NULL, NULL, NULL, 1, NULL, '2026-02-03 05:12:24', '2026-02-03 05:12:24', NULL),
(91, '67937-0K010-A', 'GARNISH, BACK DOOR SIDE, RH', 29, NULL, 'Reguler', 'Inject', NULL, NULL, NULL, NULL, NULL, 12, NULL, NULL, NULL, NULL, 1, NULL, '2026-02-03 05:12:24', '2026-02-03 05:12:24', NULL),
(92, '67938-0K010-A', 'GARNISH, BACK DOOR SIDE, LH', 29, NULL, 'Reguler', 'Inject', NULL, NULL, NULL, NULL, NULL, 12, NULL, NULL, NULL, NULL, 1, NULL, '2026-02-03 05:12:24', '2026-02-03 05:12:24', NULL),
(93, '74211-BZ010-H', 'INSERT, DOOR ARM FR RH', 29, NULL, 'Reguler', 'Inject', NULL, NULL, NULL, NULL, NULL, 10, NULL, NULL, NULL, NULL, 1, NULL, '2026-02-03 05:12:24', '2026-02-03 05:12:24', NULL),
(94, '74212-BZ010-H', 'INSERT, DOOR ARM FR LH', 29, NULL, 'Reguler', 'Inject', NULL, NULL, NULL, NULL, NULL, 10, NULL, NULL, NULL, NULL, 1, NULL, '2026-02-03 05:12:24', '2026-02-03 05:12:24', NULL),
(95, '74213-BZ010-H', 'INSERT, DOOR ARM RR RH', 29, NULL, 'Reguler', 'Inject', NULL, NULL, NULL, NULL, NULL, 10, NULL, NULL, NULL, NULL, 1, NULL, '2026-02-03 05:12:24', '2026-02-03 05:12:24', NULL),
(96, '74214-BZ010-H', 'INSERT, DOOR ARM RR LH', 29, NULL, 'Reguler', 'Inject', NULL, NULL, NULL, NULL, NULL, 10, NULL, NULL, NULL, NULL, 1, NULL, '2026-02-03 05:12:24', '2026-02-03 05:12:24', NULL),
(97, '74293-BZ020-H', 'PLATE DOOR ARMREST NO.1', 29, NULL, 'Reguler', 'Inject', NULL, NULL, NULL, NULL, NULL, 15, NULL, NULL, NULL, NULL, 1, NULL, '2026-02-03 05:12:24', '2026-02-03 05:12:24', NULL),
(98, '74294-BZ020-H', 'PLATE DOOR ARMREST NO.2', 29, 'K10', 'Reguler', 'Inject', NULL, NULL, NULL, NULL, NULL, 15, NULL, NULL, NULL, NULL, 1, NULL, '2026-02-03 05:12:24', '2026-02-03 05:12:24', NULL),
(99, '58952-BZ030- -4', 'DOOR, CONSOLE COMPARTMENT, INNER', 29, NULL, 'Reguler', 'Inject', NULL, NULL, NULL, NULL, NULL, 16, NULL, NULL, NULL, NULL, 1, NULL, '2026-02-03 05:12:24', '2026-02-03 05:12:24', NULL),
(100, '58951-BZ030- -4', 'DOOR, CONSOLE COMPARTMENT, OUTER', 29, NULL, 'Reguler', 'Inject', NULL, NULL, NULL, NULL, NULL, 16, NULL, NULL, NULL, NULL, 1, NULL, '2026-02-03 05:12:24', '2026-02-03 05:12:24', NULL),
(101, '63317-VT010', 'RETAINER, ROOF HEADLINING', 29, NULL, 'Reguler', 'Inject', NULL, NULL, NULL, NULL, NULL, 28, NULL, NULL, NULL, NULL, 1, NULL, '2026-02-03 05:12:24', '2026-02-03 05:12:24', NULL),
(102, '63317-VT030', 'RETAINER, ROOF HEADLINING', 29, NULL, 'Reguler', 'Inject', NULL, NULL, NULL, NULL, NULL, 28, NULL, NULL, NULL, NULL, 1, NULL, '2026-02-03 05:12:24', '2026-02-03 05:12:24', NULL),
(103, '63365-VT010', 'PLATE, ROOF HEADLINING SET, NO.1 RH', 29, NULL, 'Reguler', 'Inject', NULL, NULL, NULL, NULL, NULL, 96, NULL, NULL, NULL, NULL, 1, NULL, '2026-02-03 05:12:24', '2026-02-03 05:12:24', NULL),
(104, '63366-VT010', 'PLATE, ROOF HEADLINING SET, NO.1 LH', 29, NULL, 'Reguler', 'Inject', NULL, NULL, NULL, NULL, NULL, 96, NULL, NULL, NULL, NULL, 1, NULL, '2026-02-03 05:12:24', '2026-02-03 05:12:24', NULL),
(105, '63381-VT031', 'RETAINER, ROOF HEADLINING TRIM FR RH', 29, NULL, 'Reguler', 'Inject', NULL, NULL, NULL, NULL, NULL, 12, NULL, NULL, NULL, NULL, 1, NULL, '2026-02-03 05:12:24', '2026-02-03 05:12:24', NULL),
(106, '63382-VT011', 'RETAINER, ROOF HEADLINING TRIM FR LH', 29, NULL, 'Reguler', 'Inject', NULL, NULL, NULL, NULL, NULL, 12, NULL, NULL, NULL, NULL, 1, NULL, '2026-02-03 05:12:24', '2026-02-03 05:12:24', NULL),
(107, '63383-VT031', 'RETAINER, ROOF HEADLINING TRIM RR RH', 29, NULL, 'Reguler', 'Inject', NULL, NULL, NULL, NULL, NULL, 12, NULL, NULL, NULL, NULL, 1, NULL, '2026-02-03 05:12:24', '2026-02-03 05:12:24', NULL),
(108, '63384-VT011', 'RETAINER, ROOF HEADLINING TRIM RR LH', 29, NULL, 'Reguler', 'Inject', NULL, NULL, NULL, NULL, NULL, 12, NULL, NULL, NULL, NULL, 1, NULL, '2026-02-03 05:12:24', '2026-02-03 05:12:24', NULL),
(109, '63385-VT010', 'RETAINER, ROOF HEADLINING TRIM SIDE RH', 29, NULL, 'Reguler', 'Inject', NULL, NULL, NULL, NULL, NULL, 40, NULL, NULL, NULL, NULL, 1, NULL, '2026-02-03 05:12:24', '2026-02-03 05:12:24', NULL),
(110, '63386-VT010', 'RETAINER, ROOF HEADLINING TRIM SIDE LH', 29, NULL, 'Reguler', 'Inject', NULL, NULL, NULL, NULL, NULL, 40, NULL, NULL, NULL, NULL, 1, NULL, '2026-02-03 05:12:24', '2026-02-03 05:12:24', NULL),
(111, '88589-VT010', 'RETAINER COOLAR', 29, NULL, 'Reguler', 'Inject', NULL, NULL, NULL, NULL, NULL, 96, NULL, NULL, NULL, NULL, 1, NULL, '2026-02-03 05:12:24', '2026-02-03 05:12:24', NULL),
(112, '63381-VT011', 'RETAINER, ROOF HEADLINING TRIM FR', 29, NULL, 'Reguler', 'Inject', NULL, NULL, NULL, NULL, NULL, 60, NULL, NULL, NULL, NULL, 1, NULL, '2026-02-03 05:12:24', '2026-02-03 05:12:24', NULL),
(113, '63383-VT011', 'RETAINER, ROOF HEADLINING TRIM RR', 29, NULL, 'Reguler', 'Inject', NULL, NULL, NULL, NULL, NULL, 60, NULL, NULL, NULL, NULL, 1, NULL, '2026-02-03 05:12:24', '2026-02-03 05:12:24', NULL),
(114, '58957-VT010', 'MOLDING, CONS COMP DOOR RHD', 29, NULL, 'Reguler', 'Inject', NULL, NULL, NULL, NULL, NULL, 18, NULL, NULL, NULL, NULL, 1, NULL, '2026-02-03 05:12:24', '2026-02-03 05:12:24', NULL),
(115, '58957-VT020', 'MOLDING, CONS COMP DOOR LHD', 29, NULL, 'Reguler', 'Inject', NULL, NULL, NULL, NULL, NULL, 18, NULL, NULL, NULL, NULL, 1, NULL, '2026-02-03 05:12:24', '2026-02-03 05:12:24', NULL),
(116, '74251-VT010-A', 'INSERT, RR DOOR ARMREST RH', 29, NULL, 'Reguler', 'Inject', NULL, NULL, NULL, NULL, NULL, 18, NULL, NULL, NULL, NULL, 1, NULL, '2026-02-03 05:12:24', '2026-02-03 05:12:24', NULL),
(117, '74252-VT010-A', 'INSERT, RR DOOR ARMREST LH', 29, NULL, 'Reguler', 'Inject', NULL, NULL, NULL, NULL, NULL, 18, NULL, NULL, NULL, NULL, 1, NULL, '2026-02-03 05:12:24', '2026-02-03 05:12:24', NULL),
(118, '74211-VT010-A', 'INSERT, FR DOOR ARMREST, RH', 29, NULL, 'Reguler', 'Inject', NULL, NULL, NULL, NULL, NULL, 18, NULL, NULL, NULL, NULL, 1, NULL, '2026-02-03 05:12:24', '2026-02-03 05:12:24', NULL),
(119, '74212-VT010-A', 'INSERT, FR DOOR ARMREST, LH', 29, NULL, 'Reguler', 'Inject', NULL, NULL, NULL, NULL, NULL, 18, NULL, NULL, NULL, NULL, 1, NULL, '2026-02-03 05:12:24', '2026-02-03 05:12:24', NULL),
(120, 'REI-00-006', 'REINFORCE FR END', 29, NULL, 'Reguler', 'Inject', NULL, NULL, NULL, NULL, NULL, 18, NULL, NULL, NULL, NULL, 1, NULL, '2026-02-03 05:12:24', '2026-02-03 05:12:24', NULL),
(121, 'REI-00-009', 'REINFORCE RR END', 29, NULL, 'Reguler', 'Inject', NULL, NULL, NULL, NULL, NULL, 18, NULL, NULL, NULL, NULL, 1, NULL, '2026-02-03 05:12:24', '2026-02-03 05:12:24', NULL),
(122, 'REI-00-008', 'REINFORCE SIDE LH', 29, NULL, 'Reguler', 'Inject', NULL, NULL, NULL, NULL, NULL, 18, NULL, NULL, NULL, NULL, 1, NULL, '2026-02-03 05:12:24', '2026-02-03 05:12:24', NULL),
(123, 'REI-00-007', 'REINFORCE SIDE RH', 29, NULL, 'Reguler', 'Inject', NULL, NULL, NULL, NULL, NULL, 18, NULL, NULL, NULL, NULL, 1, NULL, '2026-02-03 05:12:24', '2026-02-03 05:12:24', NULL),
(124, 'REI-04-001', 'REINFORCE FR END', 29, NULL, 'Reguler', 'Inject', NULL, NULL, NULL, NULL, NULL, 18, NULL, NULL, NULL, NULL, 1, NULL, '2026-02-03 05:12:24', '2026-02-03 05:12:24', NULL),
(125, 'REI-04-004', 'REINFORCE RR END', 29, 'YII0', 'Reguler', 'Inject', NULL, NULL, NULL, NULL, NULL, 18, NULL, NULL, NULL, NULL, 1, NULL, '2026-02-03 05:12:24', '2026-02-03 05:12:24', NULL),
(126, 'REI-04-002', 'REINFORCE SIDE LH', 29, NULL, 'Reguler', 'Inject', NULL, NULL, NULL, NULL, NULL, 18, NULL, NULL, NULL, NULL, 1, NULL, '2026-02-03 05:12:24', '2026-02-03 05:12:24', NULL),
(127, 'REI-04-003', 'REINFORCE SIDE RH', 29, 'YII0', 'Reguler', 'Inject', NULL, NULL, NULL, NULL, NULL, 18, NULL, NULL, NULL, NULL, 1, NULL, '2026-02-03 05:12:24', '2026-02-03 05:12:24', NULL);

-- --------------------------------------------------------

--
-- Table structure for table `sm_part_box`
--

CREATE TABLE `sm_part_box` (
  `id` bigint UNSIGNED NOT NULL,
  `part_id` bigint UNSIGNED NOT NULL,
  `box_id` bigint UNSIGNED DEFAULT NULL,
  `tipe` varchar(255) COLLATE utf8mb4_unicode_ci DEFAULT NULL,
  `jenis_box` varchar(255) COLLATE utf8mb4_unicode_ci DEFAULT NULL,
  `kode_box` varchar(255) COLLATE utf8mb4_unicode_ci DEFAULT NULL,
  `panjang` decimal(10,2) DEFAULT NULL,
  `lebar` decimal(10,2) DEFAULT NULL,
  `tinggi` decimal(10,2) DEFAULT NULL,
  `urutan` int NOT NULL DEFAULT '0',
  `created_at` timestamp NULL DEFAULT NULL,
  `updated_at` timestamp NULL DEFAULT NULL
) ENGINE=InnoDB DEFAULT CHARSET=utf8mb4 COLLATE=utf8mb4_unicode_ci;

-- --------------------------------------------------------

--
-- Table structure for table `sm_part_layer`
--

CREATE TABLE `sm_part_layer` (
  `id` bigint UNSIGNED NOT NULL,
  `part_id` bigint UNSIGNED NOT NULL,
  `layer_id` bigint UNSIGNED DEFAULT NULL,
  `qty` decimal(12,4) DEFAULT NULL,
  `urutan` int NOT NULL DEFAULT '0',
  `created_at` timestamp NULL DEFAULT NULL,
  `updated_at` timestamp NULL DEFAULT NULL
) ENGINE=InnoDB DEFAULT CHARSET=utf8mb4 COLLATE=utf8mb4_unicode_ci;

-- --------------------------------------------------------

--
-- Table structure for table `sm_part_material`
--

CREATE TABLE `sm_part_material` (
  `id` bigint UNSIGNED NOT NULL,
  `part_id` bigint UNSIGNED NOT NULL,
  `material_id` bigint UNSIGNED DEFAULT NULL,
  `material_type` varchar(255) COLLATE utf8mb4_unicode_ci DEFAULT NULL,
  `tipe` varchar(255) COLLATE utf8mb4_unicode_ci DEFAULT NULL,
  `std_using` decimal(12,4) DEFAULT NULL,
  `urutan` int NOT NULL DEFAULT '0',
  `created_at` timestamp NULL DEFAULT NULL,
  `updated_at` timestamp NULL DEFAULT NULL
) ENGINE=InnoDB DEFAULT CHARSET=utf8mb4 COLLATE=utf8mb4_unicode_ci;

-- --------------------------------------------------------

--
-- Table structure for table `sm_part_polybag`
--

CREATE TABLE `sm_part_polybag` (
  `id` bigint UNSIGNED NOT NULL,
  `part_id` bigint UNSIGNED NOT NULL,
  `polybag_id` bigint UNSIGNED DEFAULT NULL,
  `qty` decimal(12,4) DEFAULT NULL,
  `urutan` int NOT NULL DEFAULT '0',
  `created_at` timestamp NULL DEFAULT NULL,
  `updated_at` timestamp NULL DEFAULT NULL
) ENGINE=InnoDB DEFAULT CHARSET=utf8mb4 COLLATE=utf8mb4_unicode_ci;

-- --------------------------------------------------------

--
-- Table structure for table `sm_part_rempart`
--

CREATE TABLE `sm_part_rempart` (
  `id` bigint UNSIGNED NOT NULL,
  `part_id` bigint UNSIGNED NOT NULL,
  `rempart_id` bigint UNSIGNED DEFAULT NULL,
  `qty` decimal(12,4) DEFAULT NULL,
  `urutan` int NOT NULL DEFAULT '0',
  `created_at` timestamp NULL DEFAULT NULL,
  `updated_at` timestamp NULL DEFAULT NULL
) ENGINE=InnoDB DEFAULT CHARSET=utf8mb4 COLLATE=utf8mb4_unicode_ci;

-- --------------------------------------------------------

--
-- Table structure for table `sm_part_subpart`
--

CREATE TABLE `sm_part_subpart` (
  `id` bigint UNSIGNED NOT NULL,
  `part_id` bigint UNSIGNED NOT NULL,
  `subpart_id` bigint UNSIGNED DEFAULT NULL,
  `std_using` decimal(12,4) DEFAULT NULL,
  `urutan` int NOT NULL DEFAULT '0',
  `created_at` timestamp NULL DEFAULT NULL,
  `updated_at` timestamp NULL DEFAULT NULL
) ENGINE=InnoDB DEFAULT CHARSET=utf8mb4 COLLATE=utf8mb4_unicode_ci;

-- --------------------------------------------------------

--
-- Table structure for table `sm_plantgate_part`
--

CREATE TABLE `sm_plantgate_part` (
  `id` bigint UNSIGNED NOT NULL,
  `plantgate_id` bigint UNSIGNED NOT NULL,
  `part_id` bigint UNSIGNED NOT NULL,
  `status` tinyint(1) NOT NULL DEFAULT '1',
  `created_at` timestamp NULL DEFAULT NULL,
  `updated_at` timestamp NULL DEFAULT NULL,
  `deleted_at` timestamp NULL DEFAULT NULL
) ENGINE=InnoDB DEFAULT CHARSET=utf8mb4 COLLATE=utf8mb4_unicode_ci;

--
-- Dumping data for table `sm_plantgate_part`
--

INSERT INTO `sm_plantgate_part` (`id`, `plantgate_id`, `part_id`, `status`, `created_at`, `updated_at`, `deleted_at`) VALUES
(1, 17, 1, 1, '2026-02-03 07:04:43', '2026-02-03 07:04:43', NULL),
(2, 17, 2, 1, '2026-02-03 07:04:43', '2026-02-03 07:04:43', NULL),
(3, 17, 34, 1, '2026-02-03 07:04:44', '2026-02-03 07:04:44', NULL),
(4, 21, 1, 1, '2026-02-03 07:04:44', '2026-02-03 07:04:44', NULL),
(5, 21, 8, 1, '2026-02-03 07:04:44', '2026-02-03 07:04:44', NULL),
(6, 21, 9, 1, '2026-02-03 07:04:44', '2026-02-03 07:04:44', NULL),
(7, 21, 40, 1, '2026-02-03 07:04:44', '2026-02-03 07:04:44', NULL),
(8, 24, 65, 1, '2026-02-03 07:04:44', '2026-02-03 07:04:44', NULL),
(9, 24, 66, 1, '2026-02-03 07:04:44', '2026-02-03 07:04:44', NULL),
(10, 24, 67, 1, '2026-02-03 07:04:44', '2026-02-03 07:04:44', NULL),
(11, 24, 68, 1, '2026-02-03 07:04:44', '2026-02-03 07:04:44', NULL),
(12, 24, 69, 1, '2026-02-03 07:04:44', '2026-02-03 07:04:44', NULL),
(13, 24, 70, 1, '2026-02-03 07:04:44', '2026-02-03 07:04:44', NULL),
(14, 24, 71, 1, '2026-02-03 07:04:44', '2026-02-03 07:04:44', NULL),
(15, 24, 72, 1, '2026-02-03 07:04:44', '2026-02-03 07:04:44', NULL),
(16, 24, 73, 1, '2026-02-03 07:04:44', '2026-02-03 07:04:44', NULL),
(17, 24, 74, 1, '2026-02-03 07:04:44', '2026-02-03 07:04:44', NULL),
(18, 24, 75, 1, '2026-02-03 07:04:44', '2026-02-03 07:04:44', NULL),
(19, 24, 76, 1, '2026-02-03 07:04:44', '2026-02-03 07:04:44', NULL),
(20, 24, 77, 1, '2026-02-03 07:04:44', '2026-02-03 07:04:44', NULL),
(21, 24, 78, 1, '2026-02-03 07:04:44', '2026-02-03 07:04:44', NULL),
(22, 24, 79, 1, '2026-02-03 07:04:44', '2026-02-03 07:04:44', NULL),
(23, 24, 80, 1, '2026-02-03 07:04:44', '2026-02-03 07:04:44', NULL),
(24, 24, 81, 1, '2026-02-03 07:04:44', '2026-02-03 07:04:44', NULL),
(25, 24, 82, 1, '2026-02-03 07:04:44', '2026-02-03 07:04:44', NULL),
(26, 24, 83, 1, '2026-02-03 07:04:44', '2026-02-03 07:04:44', NULL),
(27, 24, 84, 1, '2026-02-03 07:04:44', '2026-02-03 07:04:44', NULL),
(28, 24, 85, 1, '2026-02-03 07:04:44', '2026-02-03 07:04:44', NULL),
(29, 24, 86, 1, '2026-02-03 07:04:44', '2026-02-03 07:04:44', NULL),
(30, 24, 87, 1, '2026-02-03 07:04:44', '2026-02-03 07:04:44', NULL),
(31, 24, 88, 1, '2026-02-03 07:04:44', '2026-02-03 07:04:44', NULL),
(32, 24, 89, 1, '2026-02-03 07:04:44', '2026-02-03 07:04:44', NULL),
(33, 24, 90, 1, '2026-02-03 07:04:44', '2026-02-03 07:04:44', NULL),
(34, 24, 91, 1, '2026-02-03 07:04:44', '2026-02-03 07:04:44', NULL),
(35, 24, 92, 1, '2026-02-03 07:04:44', '2026-02-03 07:04:44', NULL),
(36, 24, 93, 1, '2026-02-03 07:04:44', '2026-02-03 07:04:44', NULL),
(37, 24, 94, 1, '2026-02-03 07:04:44', '2026-02-03 07:04:44', NULL),
(38, 24, 95, 1, '2026-02-03 07:04:44', '2026-02-03 07:04:44', NULL),
(39, 24, 96, 1, '2026-02-03 07:04:44', '2026-02-03 07:04:44', NULL),
(40, 24, 97, 1, '2026-02-03 07:04:44', '2026-02-03 07:04:44', NULL),
(41, 24, 98, 1, '2026-02-03 07:04:44', '2026-02-03 07:04:44', NULL),
(42, 24, 99, 1, '2026-02-03 07:04:44', '2026-02-03 07:04:44', NULL),
(43, 24, 100, 1, '2026-02-03 07:04:44', '2026-02-03 07:04:44', NULL),
(44, 24, 101, 1, '2026-02-03 07:04:44', '2026-02-03 07:04:44', NULL),
(45, 24, 102, 1, '2026-02-03 07:04:44', '2026-02-03 07:04:44', NULL),
(46, 24, 103, 1, '2026-02-03 07:04:44', '2026-02-03 07:04:44', NULL),
(47, 24, 104, 1, '2026-02-03 07:04:44', '2026-02-03 07:04:44', NULL),
(48, 24, 105, 1, '2026-02-03 07:04:44', '2026-02-03 07:04:44', NULL),
(49, 24, 106, 1, '2026-02-03 07:04:44', '2026-02-03 07:04:44', NULL),
(50, 24, 107, 1, '2026-02-03 07:04:44', '2026-02-03 07:04:44', NULL),
(51, 24, 108, 1, '2026-02-03 07:04:44', '2026-02-03 07:04:44', NULL),
(52, 24, 109, 1, '2026-02-03 07:04:44', '2026-02-03 07:04:44', NULL),
(53, 24, 110, 1, '2026-02-03 07:04:44', '2026-02-03 07:04:44', NULL),
(54, 24, 111, 1, '2026-02-03 07:04:44', '2026-02-03 07:04:44', NULL),
(55, 24, 112, 1, '2026-02-03 07:04:44', '2026-02-03 07:04:44', NULL),
(56, 24, 113, 1, '2026-02-03 07:04:44', '2026-02-03 07:04:44', NULL),
(57, 24, 114, 1, '2026-02-03 07:04:44', '2026-02-03 07:04:44', NULL),
(58, 24, 115, 1, '2026-02-03 07:04:44', '2026-02-03 07:04:44', NULL),
(59, 24, 116, 1, '2026-02-03 07:04:44', '2026-02-03 07:04:44', NULL),
(60, 24, 117, 1, '2026-02-03 07:04:44', '2026-02-03 07:04:44', NULL),
(61, 24, 118, 1, '2026-02-03 07:04:44', '2026-02-03 07:04:44', NULL),
(62, 24, 119, 1, '2026-02-03 07:04:44', '2026-02-03 07:04:44', NULL),
(63, 24, 120, 1, '2026-02-03 07:04:44', '2026-02-03 07:04:44', NULL),
(64, 24, 121, 1, '2026-02-03 07:04:44', '2026-02-03 07:04:44', NULL),
(65, 24, 122, 1, '2026-02-03 07:04:44', '2026-02-03 07:04:44', NULL),
(66, 24, 123, 1, '2026-02-03 07:04:44', '2026-02-03 07:04:44', NULL),
(67, 24, 124, 1, '2026-02-03 07:04:44', '2026-02-03 07:04:44', NULL),
(76, 24, 125, 1, '2026-02-03 07:11:43', '2026-02-03 07:12:08', NULL),
(77, 24, 126, 1, '2026-02-04 02:24:48', '2026-02-04 02:24:48', NULL),
(78, 24, 127, 1, '2026-02-04 02:25:08', '2026-02-04 02:25:08', NULL);

-- --------------------------------------------------------

--
-- Table structure for table `t_finishgood_in`
--

CREATE TABLE `t_finishgood_in` (
  `id` bigint UNSIGNED NOT NULL,
  `assy_out_id` bigint UNSIGNED DEFAULT NULL,
  `lot_number` varchar(255) COLLATE utf8mb4_unicode_ci NOT NULL,
  `no_planning` varchar(255) COLLATE utf8mb4_unicode_ci DEFAULT NULL,
  `mesin_id` bigint UNSIGNED DEFAULT NULL,
  `tanggal_produksi` datetime NOT NULL,
  `shift` varchar(20) COLLATE utf8mb4_unicode_ci DEFAULT NULL,
  `part_id` bigint UNSIGNED NOT NULL,
  `qty` int NOT NULL DEFAULT '0',
  `customer` varchar(255) COLLATE utf8mb4_unicode_ci DEFAULT NULL,
  `manpower_id` bigint UNSIGNED DEFAULT NULL,
  `waktu_scan` datetime NOT NULL,
  `catatan` text COLLATE utf8mb4_unicode_ci,
  `created_at` timestamp NULL DEFAULT NULL,
  `updated_at` timestamp NULL DEFAULT NULL
) ENGINE=InnoDB DEFAULT CHARSET=utf8mb4 COLLATE=utf8mb4_unicode_ci;

-- --------------------------------------------------------

--
-- Table structure for table `t_finishgood_out`
--

CREATE TABLE `t_finishgood_out` (
  `id` bigint UNSIGNED NOT NULL,
  `finish_good_in_id` bigint UNSIGNED NOT NULL,
  `lot_number` varchar(255) COLLATE utf8mb4_unicode_ci NOT NULL,
  `spk_id` bigint UNSIGNED DEFAULT NULL,
  `part_id` bigint UNSIGNED NOT NULL,
  `waktu_scan_out` datetime NOT NULL,
  `catatan` text COLLATE utf8mb4_unicode_ci,
  `cycle` int NOT NULL DEFAULT '1',
  `qty` int NOT NULL DEFAULT '0',
  `no_surat_jalan` varchar(255) COLLATE utf8mb4_unicode_ci DEFAULT NULL,
  `created_at` timestamp NULL DEFAULT NULL,
  `updated_at` timestamp NULL DEFAULT NULL
) ENGINE=InnoDB DEFAULT CHARSET=utf8mb4 COLLATE=utf8mb4_unicode_ci;

-- --------------------------------------------------------

--
-- Table structure for table `t_gps_logs`
--

CREATE TABLE `t_gps_logs` (
  `id` bigint UNSIGNED NOT NULL,
  `delivery_header_id` bigint UNSIGNED NOT NULL,
  `latitude` decimal(10,8) NOT NULL,
  `longitude` decimal(11,8) NOT NULL,
  `recorded_at` datetime NOT NULL,
  `device_info` varchar(255) COLLATE utf8mb4_unicode_ci DEFAULT NULL,
  `created_at` timestamp NULL DEFAULT NULL,
  `updated_at` timestamp NULL DEFAULT NULL
) ENGINE=InnoDB DEFAULT CHARSET=utf8mb4 COLLATE=utf8mb4_unicode_ci;

-- --------------------------------------------------------

--
-- Table structure for table `t_schedule_detail`
--

CREATE TABLE `t_schedule_detail` (
  `id` bigint UNSIGNED NOT NULL,
  `schedule_header_id` bigint UNSIGNED NOT NULL,
  `tanggal` date NOT NULL,
  `po_number` varchar(255) COLLATE utf8mb4_unicode_ci DEFAULT NULL,
  `pc_plan` decimal(10,2) NOT NULL DEFAULT '0.00',
  `pc_act` decimal(10,2) NOT NULL DEFAULT '0.00',
  `pc_blc` decimal(10,2) NOT NULL DEFAULT '0.00',
  `pc_status` varchar(255) COLLATE utf8mb4_unicode_ci NOT NULL DEFAULT 'PENDING',
  `pc_ar` decimal(10,2) NOT NULL DEFAULT '0.00',
  `pc_sr` decimal(10,2) NOT NULL DEFAULT '0.00',
  `created_at` timestamp NULL DEFAULT NULL,
  `updated_at` timestamp NULL DEFAULT NULL
) ENGINE=InnoDB DEFAULT CHARSET=utf8mb4 COLLATE=utf8mb4_unicode_ci;

-- --------------------------------------------------------

--
-- Table structure for table `t_schedule_header`
--

CREATE TABLE `t_schedule_header` (
  `id` bigint UNSIGNED NOT NULL,
  `periode` varchar(10) COLLATE utf8mb4_unicode_ci NOT NULL,
  `supplier_id` bigint UNSIGNED NOT NULL,
  `bahan_baku_id` bigint UNSIGNED NOT NULL,
  `po_number` varchar(255) COLLATE utf8mb4_unicode_ci DEFAULT NULL,
  `total_plan_auto` decimal(10,2) NOT NULL DEFAULT '0.00',
  `total_plan_manual` decimal(10,2) NOT NULL DEFAULT '0.00',
  `total_plan` decimal(10,2) NOT NULL DEFAULT '0.00',
  `total_act` decimal(10,2) NOT NULL DEFAULT '0.00',
  `total_blc` decimal(10,2) NOT NULL DEFAULT '0.00',
  `total_status` varchar(255) COLLATE utf8mb4_unicode_ci NOT NULL DEFAULT 'OPEN',
  `total_ar` decimal(10,2) NOT NULL DEFAULT '0.00',
  `total_sr` decimal(10,2) NOT NULL DEFAULT '0.00',
  `keterangan` text COLLATE utf8mb4_unicode_ci,
  `created_at` timestamp NULL DEFAULT NULL,
  `updated_at` timestamp NULL DEFAULT NULL
) ENGINE=InnoDB DEFAULT CHARSET=utf8mb4 COLLATE=utf8mb4_unicode_ci;

-- --------------------------------------------------------

--
-- Table structure for table `t_shipping_delivery_detail`
--

CREATE TABLE `t_shipping_delivery_detail` (
  `id` bigint UNSIGNED NOT NULL,
  `delivery_header_id` bigint UNSIGNED NOT NULL,
  `tanggal` date NOT NULL,
  `jam` int NOT NULL,
  `status` varchar(255) COLLATE utf8mb4_unicode_ci NOT NULL DEFAULT 'OPEN',
  `lokasi_saat_ini` varchar(255) COLLATE utf8mb4_unicode_ci DEFAULT NULL,
  `latitude` decimal(10,8) DEFAULT NULL,
  `longitude` decimal(11,8) DEFAULT NULL,
  `waktu_update` datetime DEFAULT NULL,
  `keterangan` text COLLATE utf8mb4_unicode_ci,
  `foto_bukti` varchar(255) COLLATE utf8mb4_unicode_ci DEFAULT NULL,
  `created_at` timestamp NULL DEFAULT NULL,
  `updated_at` timestamp NULL DEFAULT NULL
) ENGINE=InnoDB DEFAULT CHARSET=utf8mb4 COLLATE=utf8mb4_unicode_ci;

-- --------------------------------------------------------

--
-- Table structure for table `t_shipping_delivery_header`
--

CREATE TABLE `t_shipping_delivery_header` (
  `id` bigint UNSIGNED NOT NULL,
  `periode` varchar(10) COLLATE utf8mb4_unicode_ci NOT NULL,
  `kendaraan_id` bigint UNSIGNED NOT NULL,
  `driver_id` bigint UNSIGNED DEFAULT NULL,
  `destination` varchar(255) COLLATE utf8mb4_unicode_ci NOT NULL DEFAULT '-',
  `no_surat_jalan` varchar(255) COLLATE utf8mb4_unicode_ci DEFAULT NULL,
  `tanggal_berangkat` date NOT NULL,
  `waktu_berangkat` datetime DEFAULT NULL,
  `waktu_tiba` datetime DEFAULT NULL,
  `status` varchar(255) COLLATE utf8mb4_unicode_ci NOT NULL DEFAULT 'OPEN',
  `total_trip` int NOT NULL DEFAULT '0',
  `total_delivered` int NOT NULL DEFAULT '0',
  `keterangan` text COLLATE utf8mb4_unicode_ci,
  `created_at` timestamp NULL DEFAULT NULL,
  `updated_at` timestamp NULL DEFAULT NULL
) ENGINE=InnoDB DEFAULT CHARSET=utf8mb4 COLLATE=utf8mb4_unicode_ci;

-- --------------------------------------------------------

--
-- Table structure for table `t_shipping_incidents`
--

CREATE TABLE `t_shipping_incidents` (
  `id` bigint UNSIGNED NOT NULL,
  `delivery_header_id` bigint UNSIGNED NOT NULL,
  `keterangan` text COLLATE utf8mb4_unicode_ci NOT NULL,
  `foto` varchar(255) COLLATE utf8mb4_unicode_ci DEFAULT NULL,
  `latitude` decimal(10,8) DEFAULT NULL,
  `longitude` decimal(11,8) DEFAULT NULL,
  `status` varchar(255) COLLATE utf8mb4_unicode_ci NOT NULL DEFAULT 'OPEN',
  `created_at` timestamp NULL DEFAULT NULL,
  `updated_at` timestamp NULL DEFAULT NULL
) ENGINE=InnoDB DEFAULT CHARSET=utf8mb4 COLLATE=utf8mb4_unicode_ci;

-- --------------------------------------------------------

--
-- Table structure for table `t_spk`
--

CREATE TABLE `t_spk` (
  `id` bigint UNSIGNED NOT NULL,
  `nomor_spk` varchar(255) COLLATE utf8mb4_unicode_ci DEFAULT NULL,
  `parent_spk_id` bigint UNSIGNED DEFAULT NULL,
  `cycle_number` int DEFAULT NULL,
  `manpower_pembuat` varchar(255) COLLATE utf8mb4_unicode_ci DEFAULT NULL,
  `customer_id` bigint UNSIGNED NOT NULL,
  `plantgate_id` bigint UNSIGNED DEFAULT NULL,
  `tanggal` datetime NOT NULL,
  `jam_berangkat_plan` time DEFAULT NULL,
  `jam_datang_plan` time DEFAULT NULL,
  `cycle` varchar(10) COLLATE utf8mb4_unicode_ci DEFAULT NULL,
  `no_surat_jalan` varchar(255) COLLATE utf8mb4_unicode_ci DEFAULT NULL,
  `nomor_plat` varchar(255) COLLATE utf8mb4_unicode_ci DEFAULT NULL,
  `driver_id` bigint UNSIGNED DEFAULT NULL,
  `model_part` varchar(255) COLLATE utf8mb4_unicode_ci DEFAULT NULL,
  `catatan` text COLLATE utf8mb4_unicode_ci,
  `created_at` timestamp NULL DEFAULT NULL,
  `updated_at` timestamp NULL DEFAULT NULL,
  `deleted_at` timestamp NULL DEFAULT NULL
) ENGINE=InnoDB DEFAULT CHARSET=utf8mb4 COLLATE=utf8mb4_unicode_ci;

-- --------------------------------------------------------

--
-- Table structure for table `t_spk_detail`
--

CREATE TABLE `t_spk_detail` (
  `id` bigint UNSIGNED NOT NULL,
  `spk_id` bigint UNSIGNED NOT NULL,
  `part_id` bigint UNSIGNED NOT NULL,
  `qty_packing_box` int NOT NULL DEFAULT '0',
  `jadwal_delivery_pcs` int NOT NULL DEFAULT '0',
  `original_jadwal_delivery_pcs` int NOT NULL DEFAULT '0',
  `jumlah_pulling_box` int NOT NULL DEFAULT '0',
  `catatan` text COLLATE utf8mb4_unicode_ci,
  `created_at` timestamp NULL DEFAULT NULL,
  `updated_at` timestamp NULL DEFAULT NULL
) ENGINE=InnoDB DEFAULT CHARSET=utf8mb4 COLLATE=utf8mb4_unicode_ci;

-- --------------------------------------------------------

--
-- Table structure for table `t_stock_fg`
--

CREATE TABLE `t_stock_fg` (
  `id` bigint UNSIGNED NOT NULL,
  `part_id` bigint UNSIGNED NOT NULL,
  `qty` int NOT NULL DEFAULT '0',
  `created_at` timestamp NULL DEFAULT NULL,
  `updated_at` timestamp NULL DEFAULT NULL
) ENGINE=InnoDB DEFAULT CHARSET=utf8mb4 COLLATE=utf8mb4_unicode_ci;

-- --------------------------------------------------------

--
-- Table structure for table `users`
--

CREATE TABLE `users` (
  `id` bigint UNSIGNED NOT NULL,
  `user_id` varchar(255) COLLATE utf8mb4_unicode_ci DEFAULT NULL,
  `password` varchar(255) CHARACTER SET utf8mb4 COLLATE utf8mb4_unicode_ci DEFAULT NULL,
  `is_superadmin` tinyint(1) NOT NULL DEFAULT '0',
  `remember_token` varchar(100) COLLATE utf8mb4_unicode_ci DEFAULT NULL,
  `created_at` timestamp NULL DEFAULT NULL,
  `updated_at` timestamp NULL DEFAULT NULL
) ENGINE=InnoDB DEFAULT CHARSET=utf8mb4 COLLATE=utf8mb4_unicode_ci;

--
-- Dumping data for table `users`
--

INSERT INTO `users` (`id`, `user_id`, `password`, `is_superadmin`, `remember_token`, `created_at`, `updated_at`) VALUES
(1, 'superadmin', '$2y$12$vyb/rExOLhzmrJ/REeX.XuCdhC86Z2h6RRvwcfBQlDuYPvlKGcw66', 1, NULL, '2026-02-03 02:35:21', '2026-02-03 02:35:21'),
(2, 'wagyu|123', NULL, 0, NULL, '2026-02-03 09:02:36', '2026-02-03 09:02:36'),
(3, 'Burhanis|1234', NULL, 0, NULL, '2026-02-04 04:42:33', '2026-02-04 04:42:33');

-- --------------------------------------------------------

--
-- Table structure for table `user_permissions`
--

CREATE TABLE `user_permissions` (
  `user_id` bigint UNSIGNED NOT NULL,
  `permission_id` bigint UNSIGNED NOT NULL
) ENGINE=InnoDB DEFAULT CHARSET=utf8mb4 COLLATE=utf8mb4_unicode_ci;

--
-- Dumping data for table `user_permissions`
--

INSERT INTO `user_permissions` (`user_id`, `permission_id`) VALUES
(3, 1),
(3, 2),
(3, 3),
(3, 4),
(3, 5),
(3, 6),
(3, 7),
(3, 8),
(3, 9),
(3, 10),
(3, 11),
(3, 12),
(3, 13),
(3, 14),
(3, 15),
(3, 16),
(3, 17),
(3, 18),
(3, 19),
(3, 20),
(3, 21),
(3, 22),
(3, 23),
(3, 24),
(3, 25),
(3, 26),
(3, 27),
(3, 28),
(3, 29),
(2, 30),
(3, 30),
(2, 31),
(3, 31),
(2, 32),
(3, 32),
(2, 33),
(3, 33),
(2, 34),
(3, 34),
(3, 35),
(3, 36),
(3, 37),
(3, 38),
(3, 39),
(3, 40),
(3, 41),
(3, 42),
(3, 43),
(3, 44),
(3, 45),
(3, 46),
(2, 47),
(3, 47),
(2, 48),
(3, 48),
(2, 49),
(3, 49),
(2, 50),
(3, 50),
(2, 51),
(3, 51),
(3, 52),
(3, 53),
(3, 54),
(3, 55),
(3, 56),
(3, 57),
(3, 58),
(3, 59),
(3, 60),
(3, 61),
(3, 62),
(3, 63),
(3, 64),
(3, 65),
(3, 66),
(3, 67),
(3, 68),
(3, 69),
(3, 70),
(3, 71),
(3, 72),
(3, 73),
(3, 74),
(3, 75),
(3, 76),
(3, 77),
(3, 78),
(3, 79),
(3, 80),
(3, 81),
(3, 82),
(3, 83),
(3, 84),
(3, 85),
(3, 86),
(3, 87),
(3, 88),
(3, 89),
(3, 90);

--
-- Indexes for dumped tables
--

--
-- Indexes for table `bb_receiving`
--
ALTER TABLE `bb_receiving`
  ADD PRIMARY KEY (`id`),
  ADD KEY `bb_receiving_supplier_id_foreign` (`supplier_id`),
  ADD KEY `bb_receiving_tanggal_receiving_supplier_id_index` (`tanggal_receiving`,`supplier_id`);

--
-- Indexes for table `bb_receiving_detail`
--
ALTER TABLE `bb_receiving_detail`
  ADD PRIMARY KEY (`id`),
  ADD KEY `bb_receiving_detail_receiving_id_foreign` (`receiving_id`),
  ADD KEY `bb_receiving_detail_schedule_detail_id_foreign` (`schedule_detail_id`),
  ADD KEY `bb_receiving_detail_nomor_bahan_baku_foreign` (`nomor_bahan_baku`);

--
-- Indexes for table `migrations`
--
ALTER TABLE `migrations`
  ADD PRIMARY KEY (`id`);

--
-- Indexes for table `m_bahanbaku`
--
ALTER TABLE `m_bahanbaku`
  ADD PRIMARY KEY (`id`),
  ADD UNIQUE KEY `m_bahanbaku_nomor_bahan_baku_unique` (`nomor_bahan_baku`),
  ADD KEY `m_bahanbaku_supplier_id_foreign` (`supplier_id`);

--
-- Indexes for table `m_bahanbaku_box`
--
ALTER TABLE `m_bahanbaku_box`
  ADD PRIMARY KEY (`id`),
  ADD KEY `m_bahanbaku_box_bahan_baku_id_foreign` (`bahan_baku_id`);

--
-- Indexes for table `m_bahanbaku_layer`
--
ALTER TABLE `m_bahanbaku_layer`
  ADD PRIMARY KEY (`id`),
  ADD KEY `m_bahanbaku_layer_bahan_baku_id_foreign` (`bahan_baku_id`);

--
-- Indexes for table `m_bahanbaku_material`
--
ALTER TABLE `m_bahanbaku_material`
  ADD PRIMARY KEY (`id`),
  ADD KEY `m_bahanbaku_material_bahan_baku_id_foreign` (`bahan_baku_id`);

--
-- Indexes for table `m_bahanbaku_polybag`
--
ALTER TABLE `m_bahanbaku_polybag`
  ADD PRIMARY KEY (`id`),
  ADD KEY `m_bahanbaku_polybag_bahan_baku_id_foreign` (`bahan_baku_id`);

--
-- Indexes for table `m_bahanbaku_rempart`
--
ALTER TABLE `m_bahanbaku_rempart`
  ADD PRIMARY KEY (`id`),
  ADD KEY `m_bahanbaku_rempart_bahan_baku_id_foreign` (`bahan_baku_id`);

--
-- Indexes for table `m_bahanbaku_subpart`
--
ALTER TABLE `m_bahanbaku_subpart`
  ADD PRIMARY KEY (`id`),
  ADD KEY `m_bahanbaku_subpart_bahan_baku_id_foreign` (`bahan_baku_id`);

--
-- Indexes for table `m_kendaraan`
--
ALTER TABLE `m_kendaraan`
  ADD PRIMARY KEY (`id`),
  ADD UNIQUE KEY `m_kendaraan_nopol_kendaraan_unique` (`nopol_kendaraan`);

--
-- Indexes for table `m_manpower`
--
ALTER TABLE `m_manpower`
  ADD PRIMARY KEY (`id`),
  ADD UNIQUE KEY `m_manpower_mp_id_unique` (`mp_id`),
  ADD UNIQUE KEY `m_manpower_nik_unique` (`nik`);

--
-- Indexes for table `m_mesin`
--
ALTER TABLE `m_mesin`
  ADD PRIMARY KEY (`id`);

--
-- Indexes for table `m_mold`
--
ALTER TABLE `m_mold`
  ADD PRIMARY KEY (`id`),
  ADD UNIQUE KEY `m_mold_kode_mold_unique` (`kode_mold`),
  ADD UNIQUE KEY `m_mold_mold_id_unique` (`mold_id`),
  ADD KEY `m_mold_perusahaan_id_foreign` (`perusahaan_id`),
  ADD KEY `m_mold_part_id_foreign` (`part_id`);

--
-- Indexes for table `m_perusahaan`
--
ALTER TABLE `m_perusahaan`
  ADD PRIMARY KEY (`id`);

--
-- Indexes for table `m_plantgate`
--
ALTER TABLE `m_plantgate`
  ADD PRIMARY KEY (`id`),
  ADD KEY `m_plantgate_customer_id_foreign` (`customer_id`);

--
-- Indexes for table `permissions`
--
ALTER TABLE `permissions`
  ADD PRIMARY KEY (`id`),
  ADD UNIQUE KEY `permissions_slug_unique` (`slug`);

--
-- Indexes for table `sessions`
--
ALTER TABLE `sessions`
  ADD PRIMARY KEY (`id`),
  ADD KEY `sessions_user_id_index` (`user_id`),
  ADD KEY `sessions_last_activity_index` (`last_activity`);

--
-- Indexes for table `sm_part`
--
ALTER TABLE `sm_part`
  ADD PRIMARY KEY (`id`),
  ADD UNIQUE KEY `sm_part_nomor_part_unique` (`nomor_part`),
  ADD KEY `sm_part_customer_id_foreign` (`customer_id`),
  ADD KEY `sm_part_parent_part_id_foreign` (`parent_part_id`),
  ADD KEY `sm_part_nama_part_index` (`nama_part`),
  ADD KEY `sm_part_model_part_index` (`model_part`),
  ADD KEY `sm_part_proses_index` (`proses`),
  ADD KEY `sm_part_status_index` (`status`),
  ADD KEY `sm_part_tipe_id_index` (`tipe_id`);

--
-- Indexes for table `sm_part_box`
--
ALTER TABLE `sm_part_box`
  ADD PRIMARY KEY (`id`),
  ADD KEY `sm_part_box_part_id_foreign` (`part_id`),
  ADD KEY `sm_part_box_box_id_foreign` (`box_id`);

--
-- Indexes for table `sm_part_layer`
--
ALTER TABLE `sm_part_layer`
  ADD PRIMARY KEY (`id`),
  ADD KEY `sm_part_layer_part_id_foreign` (`part_id`),
  ADD KEY `sm_part_layer_layer_id_foreign` (`layer_id`);

--
-- Indexes for table `sm_part_material`
--
ALTER TABLE `sm_part_material`
  ADD PRIMARY KEY (`id`),
  ADD KEY `sm_part_material_part_id_foreign` (`part_id`),
  ADD KEY `sm_part_material_material_id_foreign` (`material_id`);

--
-- Indexes for table `sm_part_polybag`
--
ALTER TABLE `sm_part_polybag`
  ADD PRIMARY KEY (`id`),
  ADD KEY `sm_part_polybag_part_id_foreign` (`part_id`),
  ADD KEY `sm_part_polybag_polybag_id_foreign` (`polybag_id`);

--
-- Indexes for table `sm_part_rempart`
--
ALTER TABLE `sm_part_rempart`
  ADD PRIMARY KEY (`id`),
  ADD KEY `sm_part_rempart_part_id_foreign` (`part_id`),
  ADD KEY `sm_part_rempart_rempart_id_foreign` (`rempart_id`);

--
-- Indexes for table `sm_part_subpart`
--
ALTER TABLE `sm_part_subpart`
  ADD PRIMARY KEY (`id`),
  ADD KEY `sm_part_subpart_part_id_foreign` (`part_id`),
  ADD KEY `sm_part_subpart_subpart_id_foreign` (`subpart_id`);

--
-- Indexes for table `sm_plantgate_part`
--
ALTER TABLE `sm_plantgate_part`
  ADD PRIMARY KEY (`id`),
  ADD UNIQUE KEY `sm_plantgate_part_plantgate_id_part_id_unique` (`plantgate_id`,`part_id`),
  ADD KEY `sm_plantgate_part_plantgate_id_index` (`plantgate_id`),
  ADD KEY `sm_plantgate_part_part_id_index` (`part_id`),
  ADD KEY `sm_plantgate_part_status_index` (`status`);

--
-- Indexes for table `t_finishgood_in`
--
ALTER TABLE `t_finishgood_in`
  ADD PRIMARY KEY (`id`),
  ADD KEY `t_finishgood_in_mesin_id_foreign` (`mesin_id`),
  ADD KEY `t_finishgood_in_part_id_foreign` (`part_id`),
  ADD KEY `t_finishgood_in_manpower_id_foreign` (`manpower_id`),
  ADD KEY `t_finishgood_in_assy_out_id_index` (`assy_out_id`),
  ADD KEY `t_finishgood_in_lot_number_index` (`lot_number`);

--
-- Indexes for table `t_finishgood_out`
--
ALTER TABLE `t_finishgood_out`
  ADD PRIMARY KEY (`id`),
  ADD KEY `t_finishgood_out_finish_good_in_id_foreign` (`finish_good_in_id`),
  ADD KEY `t_finishgood_out_spk_id_foreign` (`spk_id`),
  ADD KEY `t_finishgood_out_part_id_foreign` (`part_id`),
  ADD KEY `t_finishgood_out_no_surat_jalan_index` (`no_surat_jalan`);

--
-- Indexes for table `t_gps_logs`
--
ALTER TABLE `t_gps_logs`
  ADD PRIMARY KEY (`id`),
  ADD KEY `t_gps_logs_delivery_header_id_foreign` (`delivery_header_id`);

--
-- Indexes for table `t_schedule_detail`
--
ALTER TABLE `t_schedule_detail`
  ADD PRIMARY KEY (`id`),
  ADD KEY `t_schedule_detail_schedule_header_id_tanggal_index` (`schedule_header_id`,`tanggal`);

--
-- Indexes for table `t_schedule_header`
--
ALTER TABLE `t_schedule_header`
  ADD PRIMARY KEY (`id`),
  ADD KEY `t_schedule_header_supplier_id_foreign` (`supplier_id`),
  ADD KEY `t_schedule_header_bahan_baku_id_foreign` (`bahan_baku_id`),
  ADD KEY `t_schedule_header_periode_supplier_id_bahan_baku_id_index` (`periode`,`supplier_id`,`bahan_baku_id`),
  ADD KEY `t_schedule_header_po_number_index` (`po_number`);

--
-- Indexes for table `t_shipping_delivery_detail`
--
ALTER TABLE `t_shipping_delivery_detail`
  ADD PRIMARY KEY (`id`),
  ADD KEY `t_shipping_delivery_detail_delivery_header_id_tanggal_jam_index` (`delivery_header_id`,`tanggal`,`jam`);

--
-- Indexes for table `t_shipping_delivery_header`
--
ALTER TABLE `t_shipping_delivery_header`
  ADD PRIMARY KEY (`id`),
  ADD KEY `t_shipping_delivery_header_kendaraan_id_foreign` (`kendaraan_id`),
  ADD KEY `t_shipping_delivery_header_driver_id_foreign` (`driver_id`),
  ADD KEY `t_shipping_delivery_header_no_surat_jalan_index` (`no_surat_jalan`),
  ADD KEY `t_shipping_delivery_header_tanggal_berangkat_index` (`tanggal_berangkat`);

--
-- Indexes for table `t_shipping_incidents`
--
ALTER TABLE `t_shipping_incidents`
  ADD PRIMARY KEY (`id`),
  ADD KEY `t_shipping_incidents_delivery_header_id_foreign` (`delivery_header_id`);

--
-- Indexes for table `t_spk`
--
ALTER TABLE `t_spk`
  ADD PRIMARY KEY (`id`),
  ADD UNIQUE KEY `t_spk_nomor_spk_unique` (`nomor_spk`),
  ADD KEY `t_spk_customer_id_foreign` (`customer_id`),
  ADD KEY `t_spk_plantgate_id_foreign` (`plantgate_id`),
  ADD KEY `t_spk_driver_id_foreign` (`driver_id`),
  ADD KEY `t_spk_parent_spk_id_foreign` (`parent_spk_id`),
  ADD KEY `t_spk_no_surat_jalan_index` (`no_surat_jalan`);

--
-- Indexes for table `t_spk_detail`
--
ALTER TABLE `t_spk_detail`
  ADD PRIMARY KEY (`id`),
  ADD KEY `t_spk_detail_spk_id_foreign` (`spk_id`),
  ADD KEY `t_spk_detail_part_id_foreign` (`part_id`);

--
-- Indexes for table `t_stock_fg`
--
ALTER TABLE `t_stock_fg`
  ADD PRIMARY KEY (`id`),
  ADD KEY `t_stock_fg_part_id_index` (`part_id`);

--
-- Indexes for table `users`
--
ALTER TABLE `users`
  ADD PRIMARY KEY (`id`);

--
-- Indexes for table `user_permissions`
--
ALTER TABLE `user_permissions`
  ADD PRIMARY KEY (`user_id`,`permission_id`),
  ADD KEY `user_permissions_permission_id_foreign` (`permission_id`);

--
-- AUTO_INCREMENT for dumped tables
--

--
-- AUTO_INCREMENT for table `bb_receiving`
--
ALTER TABLE `bb_receiving`
  MODIFY `id` bigint UNSIGNED NOT NULL AUTO_INCREMENT;

--
-- AUTO_INCREMENT for table `bb_receiving_detail`
--
ALTER TABLE `bb_receiving_detail`
  MODIFY `id` bigint UNSIGNED NOT NULL AUTO_INCREMENT;

--
-- AUTO_INCREMENT for table `migrations`
--
ALTER TABLE `migrations`
  MODIFY `id` int UNSIGNED NOT NULL AUTO_INCREMENT, AUTO_INCREMENT=25;

--
-- AUTO_INCREMENT for table `m_bahanbaku`
--
ALTER TABLE `m_bahanbaku`
  MODIFY `id` bigint UNSIGNED NOT NULL AUTO_INCREMENT, AUTO_INCREMENT=1132;

--
-- AUTO_INCREMENT for table `m_bahanbaku_box`
--
ALTER TABLE `m_bahanbaku_box`
  MODIFY `id` bigint UNSIGNED NOT NULL AUTO_INCREMENT, AUTO_INCREMENT=17;

--
-- AUTO_INCREMENT for table `m_bahanbaku_layer`
--
ALTER TABLE `m_bahanbaku_layer`
  MODIFY `id` bigint UNSIGNED NOT NULL AUTO_INCREMENT, AUTO_INCREMENT=125;

--
-- AUTO_INCREMENT for table `m_bahanbaku_material`
--
ALTER TABLE `m_bahanbaku_material`
  MODIFY `id` bigint UNSIGNED NOT NULL AUTO_INCREMENT, AUTO_INCREMENT=361;

--
-- AUTO_INCREMENT for table `m_bahanbaku_polybag`
--
ALTER TABLE `m_bahanbaku_polybag`
  MODIFY `id` bigint UNSIGNED NOT NULL AUTO_INCREMENT, AUTO_INCREMENT=441;

--
-- AUTO_INCREMENT for table `m_bahanbaku_rempart`
--
ALTER TABLE `m_bahanbaku_rempart`
  MODIFY `id` bigint UNSIGNED NOT NULL AUTO_INCREMENT, AUTO_INCREMENT=2;

--
-- AUTO_INCREMENT for table `m_bahanbaku_subpart`
--
ALTER TABLE `m_bahanbaku_subpart`
  MODIFY `id` bigint UNSIGNED NOT NULL AUTO_INCREMENT, AUTO_INCREMENT=485;

--
-- AUTO_INCREMENT for table `m_kendaraan`
--
ALTER TABLE `m_kendaraan`
  MODIFY `id` bigint UNSIGNED NOT NULL AUTO_INCREMENT, AUTO_INCREMENT=66;

--
-- AUTO_INCREMENT for table `m_manpower`
--
ALTER TABLE `m_manpower`
  MODIFY `id` bigint UNSIGNED NOT NULL AUTO_INCREMENT, AUTO_INCREMENT=5;

--
-- AUTO_INCREMENT for table `m_mesin`
--
ALTER TABLE `m_mesin`
  MODIFY `id` bigint UNSIGNED NOT NULL AUTO_INCREMENT, AUTO_INCREMENT=71;

--
-- AUTO_INCREMENT for table `m_mold`
--
ALTER TABLE `m_mold`
  MODIFY `id` bigint UNSIGNED NOT NULL AUTO_INCREMENT, AUTO_INCREMENT=255;

--
-- AUTO_INCREMENT for table `m_perusahaan`
--
ALTER TABLE `m_perusahaan`
  MODIFY `id` bigint UNSIGNED NOT NULL AUTO_INCREMENT, AUTO_INCREMENT=1159;

--
-- AUTO_INCREMENT for table `m_plantgate`
--
ALTER TABLE `m_plantgate`
  MODIFY `id` bigint UNSIGNED NOT NULL AUTO_INCREMENT, AUTO_INCREMENT=26;

--
-- AUTO_INCREMENT for table `permissions`
--
ALTER TABLE `permissions`
  MODIFY `id` bigint UNSIGNED NOT NULL AUTO_INCREMENT, AUTO_INCREMENT=91;

--
-- AUTO_INCREMENT for table `sm_part`
--
ALTER TABLE `sm_part`
  MODIFY `id` bigint UNSIGNED NOT NULL AUTO_INCREMENT, AUTO_INCREMENT=128;

--
-- AUTO_INCREMENT for table `sm_part_box`
--
ALTER TABLE `sm_part_box`
  MODIFY `id` bigint UNSIGNED NOT NULL AUTO_INCREMENT;

--
-- AUTO_INCREMENT for table `sm_part_layer`
--
ALTER TABLE `sm_part_layer`
  MODIFY `id` bigint UNSIGNED NOT NULL AUTO_INCREMENT;

--
-- AUTO_INCREMENT for table `sm_part_material`
--
ALTER TABLE `sm_part_material`
  MODIFY `id` bigint UNSIGNED NOT NULL AUTO_INCREMENT;

--
-- AUTO_INCREMENT for table `sm_part_polybag`
--
ALTER TABLE `sm_part_polybag`
  MODIFY `id` bigint UNSIGNED NOT NULL AUTO_INCREMENT;

--
-- AUTO_INCREMENT for table `sm_part_rempart`
--
ALTER TABLE `sm_part_rempart`
  MODIFY `id` bigint UNSIGNED NOT NULL AUTO_INCREMENT;

--
-- AUTO_INCREMENT for table `sm_part_subpart`
--
ALTER TABLE `sm_part_subpart`
  MODIFY `id` bigint UNSIGNED NOT NULL AUTO_INCREMENT;

--
-- AUTO_INCREMENT for table `sm_plantgate_part`
--
ALTER TABLE `sm_plantgate_part`
  MODIFY `id` bigint UNSIGNED NOT NULL AUTO_INCREMENT, AUTO_INCREMENT=79;

--
-- AUTO_INCREMENT for table `t_finishgood_in`
--
ALTER TABLE `t_finishgood_in`
  MODIFY `id` bigint UNSIGNED NOT NULL AUTO_INCREMENT;

--
-- AUTO_INCREMENT for table `t_finishgood_out`
--
ALTER TABLE `t_finishgood_out`
  MODIFY `id` bigint UNSIGNED NOT NULL AUTO_INCREMENT;

--
-- AUTO_INCREMENT for table `t_gps_logs`
--
ALTER TABLE `t_gps_logs`
  MODIFY `id` bigint UNSIGNED NOT NULL AUTO_INCREMENT;

--
-- AUTO_INCREMENT for table `t_schedule_detail`
--
ALTER TABLE `t_schedule_detail`
  MODIFY `id` bigint UNSIGNED NOT NULL AUTO_INCREMENT;

--
-- AUTO_INCREMENT for table `t_schedule_header`
--
ALTER TABLE `t_schedule_header`
  MODIFY `id` bigint UNSIGNED NOT NULL AUTO_INCREMENT;

--
-- AUTO_INCREMENT for table `t_shipping_delivery_detail`
--
ALTER TABLE `t_shipping_delivery_detail`
  MODIFY `id` bigint UNSIGNED NOT NULL AUTO_INCREMENT;

--
-- AUTO_INCREMENT for table `t_shipping_delivery_header`
--
ALTER TABLE `t_shipping_delivery_header`
  MODIFY `id` bigint UNSIGNED NOT NULL AUTO_INCREMENT;

--
-- AUTO_INCREMENT for table `t_shipping_incidents`
--
ALTER TABLE `t_shipping_incidents`
  MODIFY `id` bigint UNSIGNED NOT NULL AUTO_INCREMENT;

--
-- AUTO_INCREMENT for table `t_spk`
--
ALTER TABLE `t_spk`
  MODIFY `id` bigint UNSIGNED NOT NULL AUTO_INCREMENT;

--
-- AUTO_INCREMENT for table `t_spk_detail`
--
ALTER TABLE `t_spk_detail`
  MODIFY `id` bigint UNSIGNED NOT NULL AUTO_INCREMENT;

--
-- AUTO_INCREMENT for table `t_stock_fg`
--
ALTER TABLE `t_stock_fg`
  MODIFY `id` bigint UNSIGNED NOT NULL AUTO_INCREMENT;

--
-- AUTO_INCREMENT for table `users`
--
ALTER TABLE `users`
  MODIFY `id` bigint UNSIGNED NOT NULL AUTO_INCREMENT, AUTO_INCREMENT=4;

--
-- Constraints for dumped tables
--

--
-- Constraints for table `bb_receiving`
--
ALTER TABLE `bb_receiving`
  ADD CONSTRAINT `bb_receiving_supplier_id_foreign` FOREIGN KEY (`supplier_id`) REFERENCES `m_perusahaan` (`id`);

--
-- Constraints for table `bb_receiving_detail`
--
ALTER TABLE `bb_receiving_detail`
  ADD CONSTRAINT `bb_receiving_detail_nomor_bahan_baku_foreign` FOREIGN KEY (`nomor_bahan_baku`) REFERENCES `m_bahanbaku` (`nomor_bahan_baku`),
  ADD CONSTRAINT `bb_receiving_detail_receiving_id_foreign` FOREIGN KEY (`receiving_id`) REFERENCES `bb_receiving` (`id`) ON DELETE CASCADE,
  ADD CONSTRAINT `bb_receiving_detail_schedule_detail_id_foreign` FOREIGN KEY (`schedule_detail_id`) REFERENCES `t_schedule_detail` (`id`) ON DELETE SET NULL;

--
-- Constraints for table `m_bahanbaku`
--
ALTER TABLE `m_bahanbaku`
  ADD CONSTRAINT `m_bahanbaku_supplier_id_foreign` FOREIGN KEY (`supplier_id`) REFERENCES `m_perusahaan` (`id`) ON DELETE SET NULL;

--
-- Constraints for table `m_bahanbaku_box`
--
ALTER TABLE `m_bahanbaku_box`
  ADD CONSTRAINT `m_bahanbaku_box_bahan_baku_id_foreign` FOREIGN KEY (`bahan_baku_id`) REFERENCES `m_bahanbaku` (`id`) ON DELETE CASCADE;

--
-- Constraints for table `m_bahanbaku_layer`
--
ALTER TABLE `m_bahanbaku_layer`
  ADD CONSTRAINT `m_bahanbaku_layer_bahan_baku_id_foreign` FOREIGN KEY (`bahan_baku_id`) REFERENCES `m_bahanbaku` (`id`) ON DELETE CASCADE;

--
-- Constraints for table `m_bahanbaku_material`
--
ALTER TABLE `m_bahanbaku_material`
  ADD CONSTRAINT `m_bahanbaku_material_bahan_baku_id_foreign` FOREIGN KEY (`bahan_baku_id`) REFERENCES `m_bahanbaku` (`id`) ON DELETE CASCADE;

--
-- Constraints for table `m_bahanbaku_polybag`
--
ALTER TABLE `m_bahanbaku_polybag`
  ADD CONSTRAINT `m_bahanbaku_polybag_bahan_baku_id_foreign` FOREIGN KEY (`bahan_baku_id`) REFERENCES `m_bahanbaku` (`id`) ON DELETE CASCADE;

--
-- Constraints for table `m_bahanbaku_rempart`
--
ALTER TABLE `m_bahanbaku_rempart`
  ADD CONSTRAINT `m_bahanbaku_rempart_bahan_baku_id_foreign` FOREIGN KEY (`bahan_baku_id`) REFERENCES `m_bahanbaku` (`id`) ON DELETE CASCADE;

--
-- Constraints for table `m_bahanbaku_subpart`
--
ALTER TABLE `m_bahanbaku_subpart`
  ADD CONSTRAINT `m_bahanbaku_subpart_bahan_baku_id_foreign` FOREIGN KEY (`bahan_baku_id`) REFERENCES `m_bahanbaku` (`id`) ON DELETE CASCADE;

--
-- Constraints for table `m_mold`
--
ALTER TABLE `m_mold`
  ADD CONSTRAINT `m_mold_part_id_foreign` FOREIGN KEY (`part_id`) REFERENCES `sm_part` (`id`) ON DELETE SET NULL,
  ADD CONSTRAINT `m_mold_perusahaan_id_foreign` FOREIGN KEY (`perusahaan_id`) REFERENCES `m_perusahaan` (`id`) ON DELETE SET NULL;

--
-- Constraints for table `m_plantgate`
--
ALTER TABLE `m_plantgate`
  ADD CONSTRAINT `m_plantgate_customer_id_foreign` FOREIGN KEY (`customer_id`) REFERENCES `m_perusahaan` (`id`);

--
-- Constraints for table `sm_part`
--
ALTER TABLE `sm_part`
  ADD CONSTRAINT `sm_part_customer_id_foreign` FOREIGN KEY (`customer_id`) REFERENCES `m_perusahaan` (`id`) ON DELETE SET NULL,
  ADD CONSTRAINT `sm_part_parent_part_id_foreign` FOREIGN KEY (`parent_part_id`) REFERENCES `sm_part` (`id`) ON DELETE SET NULL;

--
-- Constraints for table `sm_part_box`
--
ALTER TABLE `sm_part_box`
  ADD CONSTRAINT `sm_part_box_box_id_foreign` FOREIGN KEY (`box_id`) REFERENCES `m_bahanbaku` (`id`) ON DELETE CASCADE,
  ADD CONSTRAINT `sm_part_box_part_id_foreign` FOREIGN KEY (`part_id`) REFERENCES `sm_part` (`id`) ON DELETE CASCADE;

--
-- Constraints for table `sm_part_layer`
--
ALTER TABLE `sm_part_layer`
  ADD CONSTRAINT `sm_part_layer_layer_id_foreign` FOREIGN KEY (`layer_id`) REFERENCES `m_bahanbaku` (`id`) ON DELETE CASCADE,
  ADD CONSTRAINT `sm_part_layer_part_id_foreign` FOREIGN KEY (`part_id`) REFERENCES `sm_part` (`id`) ON DELETE CASCADE;

--
-- Constraints for table `sm_part_material`
--
ALTER TABLE `sm_part_material`
  ADD CONSTRAINT `sm_part_material_material_id_foreign` FOREIGN KEY (`material_id`) REFERENCES `m_bahanbaku` (`id`) ON DELETE CASCADE,
  ADD CONSTRAINT `sm_part_material_part_id_foreign` FOREIGN KEY (`part_id`) REFERENCES `sm_part` (`id`) ON DELETE CASCADE;

--
-- Constraints for table `sm_part_polybag`
--
ALTER TABLE `sm_part_polybag`
  ADD CONSTRAINT `sm_part_polybag_part_id_foreign` FOREIGN KEY (`part_id`) REFERENCES `sm_part` (`id`) ON DELETE CASCADE,
  ADD CONSTRAINT `sm_part_polybag_polybag_id_foreign` FOREIGN KEY (`polybag_id`) REFERENCES `m_bahanbaku` (`id`) ON DELETE CASCADE;

--
-- Constraints for table `sm_part_rempart`
--
ALTER TABLE `sm_part_rempart`
  ADD CONSTRAINT `sm_part_rempart_part_id_foreign` FOREIGN KEY (`part_id`) REFERENCES `sm_part` (`id`) ON DELETE CASCADE,
  ADD CONSTRAINT `sm_part_rempart_rempart_id_foreign` FOREIGN KEY (`rempart_id`) REFERENCES `m_bahanbaku` (`id`) ON DELETE CASCADE;

--
-- Constraints for table `sm_part_subpart`
--
ALTER TABLE `sm_part_subpart`
  ADD CONSTRAINT `sm_part_subpart_part_id_foreign` FOREIGN KEY (`part_id`) REFERENCES `sm_part` (`id`) ON DELETE CASCADE,
  ADD CONSTRAINT `sm_part_subpart_subpart_id_foreign` FOREIGN KEY (`subpart_id`) REFERENCES `m_bahanbaku` (`id`) ON DELETE CASCADE;

--
-- Constraints for table `sm_plantgate_part`
--
ALTER TABLE `sm_plantgate_part`
  ADD CONSTRAINT `sm_plantgate_part_part_id_foreign` FOREIGN KEY (`part_id`) REFERENCES `sm_part` (`id`) ON DELETE CASCADE,
  ADD CONSTRAINT `sm_plantgate_part_plantgate_id_foreign` FOREIGN KEY (`plantgate_id`) REFERENCES `m_plantgate` (`id`) ON DELETE CASCADE;

--
-- Constraints for table `t_finishgood_in`
--
ALTER TABLE `t_finishgood_in`
  ADD CONSTRAINT `t_finishgood_in_manpower_id_foreign` FOREIGN KEY (`manpower_id`) REFERENCES `m_manpower` (`id`),
  ADD CONSTRAINT `t_finishgood_in_mesin_id_foreign` FOREIGN KEY (`mesin_id`) REFERENCES `m_mesin` (`id`),
  ADD CONSTRAINT `t_finishgood_in_part_id_foreign` FOREIGN KEY (`part_id`) REFERENCES `sm_part` (`id`);

--
-- Constraints for table `t_finishgood_out`
--
ALTER TABLE `t_finishgood_out`
  ADD CONSTRAINT `t_finishgood_out_finish_good_in_id_foreign` FOREIGN KEY (`finish_good_in_id`) REFERENCES `t_finishgood_in` (`id`),
  ADD CONSTRAINT `t_finishgood_out_part_id_foreign` FOREIGN KEY (`part_id`) REFERENCES `sm_part` (`id`),
  ADD CONSTRAINT `t_finishgood_out_spk_id_foreign` FOREIGN KEY (`spk_id`) REFERENCES `t_spk` (`id`) ON DELETE SET NULL;

--
-- Constraints for table `t_gps_logs`
--
ALTER TABLE `t_gps_logs`
  ADD CONSTRAINT `t_gps_logs_delivery_header_id_foreign` FOREIGN KEY (`delivery_header_id`) REFERENCES `t_shipping_delivery_header` (`id`) ON DELETE CASCADE;

--
-- Constraints for table `t_schedule_detail`
--
ALTER TABLE `t_schedule_detail`
  ADD CONSTRAINT `t_schedule_detail_schedule_header_id_foreign` FOREIGN KEY (`schedule_header_id`) REFERENCES `t_schedule_header` (`id`) ON DELETE CASCADE;

--
-- Constraints for table `t_schedule_header`
--
ALTER TABLE `t_schedule_header`
  ADD CONSTRAINT `t_schedule_header_bahan_baku_id_foreign` FOREIGN KEY (`bahan_baku_id`) REFERENCES `m_bahanbaku` (`id`) ON DELETE CASCADE,
  ADD CONSTRAINT `t_schedule_header_supplier_id_foreign` FOREIGN KEY (`supplier_id`) REFERENCES `m_perusahaan` (`id`) ON DELETE CASCADE;

--
-- Constraints for table `t_shipping_delivery_detail`
--
ALTER TABLE `t_shipping_delivery_detail`
  ADD CONSTRAINT `t_shipping_delivery_detail_delivery_header_id_foreign` FOREIGN KEY (`delivery_header_id`) REFERENCES `t_shipping_delivery_header` (`id`) ON DELETE CASCADE;

--
-- Constraints for table `t_shipping_delivery_header`
--
ALTER TABLE `t_shipping_delivery_header`
  ADD CONSTRAINT `t_shipping_delivery_header_driver_id_foreign` FOREIGN KEY (`driver_id`) REFERENCES `m_manpower` (`id`),
  ADD CONSTRAINT `t_shipping_delivery_header_kendaraan_id_foreign` FOREIGN KEY (`kendaraan_id`) REFERENCES `m_kendaraan` (`id`);

--
-- Constraints for table `t_shipping_incidents`
--
ALTER TABLE `t_shipping_incidents`
  ADD CONSTRAINT `t_shipping_incidents_delivery_header_id_foreign` FOREIGN KEY (`delivery_header_id`) REFERENCES `t_shipping_delivery_header` (`id`) ON DELETE CASCADE;

--
-- Constraints for table `t_spk`
--
ALTER TABLE `t_spk`
  ADD CONSTRAINT `t_spk_customer_id_foreign` FOREIGN KEY (`customer_id`) REFERENCES `m_perusahaan` (`id`),
  ADD CONSTRAINT `t_spk_driver_id_foreign` FOREIGN KEY (`driver_id`) REFERENCES `m_manpower` (`id`),
  ADD CONSTRAINT `t_spk_parent_spk_id_foreign` FOREIGN KEY (`parent_spk_id`) REFERENCES `t_spk` (`id`) ON DELETE SET NULL,
  ADD CONSTRAINT `t_spk_plantgate_id_foreign` FOREIGN KEY (`plantgate_id`) REFERENCES `m_plantgate` (`id`);

--
-- Constraints for table `t_spk_detail`
--
ALTER TABLE `t_spk_detail`
  ADD CONSTRAINT `t_spk_detail_part_id_foreign` FOREIGN KEY (`part_id`) REFERENCES `sm_part` (`id`),
  ADD CONSTRAINT `t_spk_detail_spk_id_foreign` FOREIGN KEY (`spk_id`) REFERENCES `t_spk` (`id`) ON DELETE CASCADE;

--
-- Constraints for table `t_stock_fg`
--
ALTER TABLE `t_stock_fg`
  ADD CONSTRAINT `t_stock_fg_part_id_foreign` FOREIGN KEY (`part_id`) REFERENCES `sm_part` (`id`) ON DELETE CASCADE;

--
-- Constraints for table `user_permissions`
--
ALTER TABLE `user_permissions`
  ADD CONSTRAINT `user_permissions_permission_id_foreign` FOREIGN KEY (`permission_id`) REFERENCES `permissions` (`id`) ON DELETE CASCADE,
  ADD CONSTRAINT `user_permissions_user_id_foreign` FOREIGN KEY (`user_id`) REFERENCES `users` (`id`) ON DELETE CASCADE;
COMMIT;

/*!40101 SET CHARACTER_SET_CLIENT=@OLD_CHARACTER_SET_CLIENT */;
/*!40101 SET CHARACTER_SET_RESULTS=@OLD_CHARACTER_SET_RESULTS */;
/*!40101 SET COLLATION_CONNECTION=@OLD_COLLATION_CONNECTION */;
